c ---- [ banner ] ------------------------------------------------------------
c
c Kissat SAT Solver
c 
c Copyright (c) 2021-2024 Armin Biere University of Freiburg
c Copyright (c) 2019-2021 Armin Biere Johannes Kepler University Linz
c 
c Version 4.0.1 f38b602222c075b7b71a6c2c3e2fe9e0181ade01
c gcc (Gentoo 12.3.1_p20230526 p2) 12.3.1 20230526 -W -Wall -O3 -DNDEBUG
c Mon Dec 2 06:43:30 EST 2024 Linux narval2.narval.calcul.quebec 4.18.0-553.27.1.el8_10.x86_64 x86_64
c
c ---- [ parsing ] -----------------------------------------------------------
c
c opened and reading DIMACS file:
c
c   test.cnf
c
c parsed 'p cnf 505558 1189542' header
c closing input after reading 24773876 bytes (24 MB)
c finished parsing after 0.24 seconds
c
c ---- [ solving ] -----------------------------------------------------------
c
c  seconds switched rate     size/glue tier1   binary            remaining
c         MB reductions conflicts size  tier2      irredundant
c          level restarts redundant glue  trail            variables
c
c *  0.24 84 0 0 0  0 0   0   0 0.0 0 0 0 0 0% 475812 713729 446079 88%
c (  0.34 101 0 0 0  0 0   0   0 0.0 0 0 0 0 0% 475812 713729 446079 88%
c .  0.40 101 0 0 0  0 0   0   0 0.0 0 0 0 0 0% 475813 654250 446079 88%
c c  0.84 140 0 0 0  0 0   0   0 0.0 0 0 0 0 0% 475815 654246 416339 82%
c d  0.88 140 0 0 0  0 0   0   0 0.0 0 0 0 0 0% 416337 654244 416339 82%
c d  0.91 140 0 0 0  0 0   0   0 0.0 0 0 0 0 0% 416338 654243 416338 82%
c e  2.11 180 0 0 0  0 0   0   0 0.0 0 0 0 0 0% 118947 535586 208463 41%
c )  2.11 180 0 0 0  0 0   0   0 0.0 0 0 0 0 0% 118947 535586 208463 41%
c {  2.18 182 0 0 0  0 0   0   0 0.0 0 0 2 6 0% 118947 535586 208463 41%
c -  2.37 182 59969 0 1  0 440 1001 968 2.0 3 1 1 2 72% 118980 535586 208463 41%
c }  2.37 182 59969 1 1  0 440 1001 968 2.0 3 1 1 2 72% 118980 535586 208463 41%
c [  2.37 182 0 1 1  0 0 1001 968 0.0 0 0 2 6 0% 118980 535586 208463 41%
c B  2.38 182 0 1 1  0 0 1001 968 0.0 0 0 2 6 0% 118980 535586 208463 41%
c ]  2.53 182 60202 2 1  0 814 1425 1392 2.0 3 2 2 6 72% 118980 535586 208463 41%
c {  2.53 182 59969 2 1  0 440 1425 1392 2.0 3 1 1 2 72% 118980 535586 208463 41%
c -  2.65 182 60183 2 2  0 473 2001 1787 2.0 3 1 1 2 72% 119161 535586 208463 41%
c }  2.73 182 60250 3 2  0 589 2425 2211 2.0 3 1 1 2 72% 119161 535586 208463 41%
c [  2.73 182 60202 3 2  0 814 2425 2211 2.0 3 2 2 6 72% 119161 535586 208463 41%
c W  2.80 181 60202 3 2  0 814 2425 2211 2.0 3 2 2 6 72% 119161 535586 208463 41%
c u  3.04 192 59703 3 2  0 506 2800 1126 2.0 3 1 2 6 71% 119537 535586 208463 41%
c
c  seconds      switched  rate        size/glue tier1    binary            remaining
c          MB    reductions conflicts      size  tier2       irredundant
c             level  restarts    redundant   glue   trail            variables
c
c v  3.06 192 59703 3 2  0 506 2800 1089 2.0 3 1 2 6 71% 119538 535586 208463 41%
c x  3.11 192 59703 3 2  0 506 2800 1089 2.0 3 1 2 6 71% 119538 535584 208463 41%
c -  3.49 192 60145 3 3  0 621 3415 1433 2.0 3 1 2 2 72% 119553 535584 208463 41%
c ]  3.57 192 60171 4 3  1 658 3591 1609 1.9 3 1 2 2 72% 119553 535584 208463 41%
c {  3.57 192 60250 4 3  1 589 3591 1609 2.0 3 1 1 2 72% 119553 535584 208463 41%
c -  4.80 193 60650 4 4 141 3015 5147 3163 1.9 3 2 2 2 73% 119553 535584 208463 41%
c }  5.23 193 60836 5 4 170 3016 5944 3959 1.9 3 2 2 2 73% 119553 535584 208463 41%
c [  5.23 193 60171 5 4 170 658 5944 3959 1.9 3 1 2 2 72% 119553 535584 208463 41%
c I  5.24 193 60171 5 4 170 658 5944 3959 1.9 3 1 2 2 72% 119553 535584 208463 41%
c -  5.26 193 36145 5 5 170 395 7148 4907 1.9 3 2 1 2 44% 119582 535487 208463 41%
c i  5.27 193 35619 5 5 171 391 7194 4942 1.9 3 2 1 2 43% 119584 535480 208462 41%
c u  5.34 193 24472 5 5 172 272 8624 3384 1.8 3 2 1 2 30% 119848 535351 208462 41%
c w  5.36 193 24472 5 5 172 272 8624 3339 1.8 3 2 1 2 30% 119855 535351 208462 41%
c t  5.64 193 24472 5 5 172 272 8624 3339 1.8 3 2 1 2 30% 119759 535351 208462 41%
c -  5.76 193 20935 5 6 172 233 9386 3973 1.8 3 2 1 2 25% 119791 535320 208462 41%
c B  5.77 193 19732 5 6 172 221 9717 4302 1.8 3 2 1 2 24% 119793 535320 208462 41%
c o  5.98 193 26172 5 6 173 222 10609 5194 1.7 3 2 1 2 32% 119793 535320 208462 41%
c -  6.53 193 37010 5 7 174 247 11835 6285 1.0 101 100 2 2 43% 119795 535266 208462 41%
c s  7.44 193 53262 5 7 175 459 13998 8447 1.0 77 75 2 2 56% 119881 535138 208462 41%
c e  8.05 203 53262 5 7 175 459 13998 8447 1.0 77 75 2 2 56% 307 612507 147706 29%
c
c  seconds      switched   rate         size/glue  tier1   binary           remaining
c          MB    reductions   conflicts       size   tier2    irredundant
c             level  restarts      redundant     glue   trail         variables
c
c 2  8.05 203 53262 5 7 175 459 13998 8447 1.0 77 75 2 2 56% 306 612507 147706 29%
c s  8.14 203 53262 5 7 175 459 13998 8447 1.0 77 75 2 2 56% 1010 388440 147706 29%
c e  8.67 172 53262 5 7 175 459 13998 8447 1.0 77 75 2 2 56% 877 265050 89652 18%
c ^  8.67 172 53262 5 7 175 459 13998 8447 1.0 77 75 2 2 56% 877 265050 89652 18%
c -  8.74 172 52424 5 8 175 441 14481 3387 1.0 73 72 2 2 58% 877 265050 89652 18%
c ]  8.95 172 51181 6 8 175 491 14852 3684 1.0 71 70 2 2 58% 880 265049 89652 18%
c {  8.95 172 60836 6 8 175 3016 14852 3684 1.9 3 2 2 2 73% 880 265049 89652 18%
c i  9.02 172 54379 6 8 466 2723 15663 3941 1.9 3 2 2 2 66% 1111 264847 89651 18%
c i  9.02 172 54300 6 8 470 2720 15679 3943 1.9 3 2 2 2 66% 1121 264839 89650 18%
c i  9.53 172 48179 6 8 854 3069 16620 4455 1.8 3 2 2 2 60% 1223 264650 89649 18%
c i  9.67 172 45245 6 8 975 2906 17235 4792 1.6 4 2 2 2 59% 1281 264524 89648 18%
c -  9.68 172 44883 6 9 1001 2889 17310 3149 1.6 4 2 1 2 58% 1301 264478 89648 18%
c }  9.73 172 44166 7 9 1040 2878 19986 3237 1.6 4 2 1 2 58% 3611 261938 89648 18%
c [  9.73 172 51181 7 9 1040 491 19986 3237 1.0 71 70 2 2 58% 3611 261938 89648 18%
c W  9.78 146 51181 7 9 1040 491 19986 3237 1.0 71 70 2 2 58% 3610 261931 89648 18%
c c  9.84 146 51181 7 9 1040 491 19986 3237 1.0 71 70 2 2 58% 8733 261874 89644 18%
c d  9.85 146 51181 7 9 1040 491 19986 3224 1.0 71 70 2 2 58% 8730 261870 89644 18%
c b  9.86 146 51181 7 9 1040 491 19986 3224 1.0 71 70 2 2 58% 8730 261870 89642 18%
c u  9.88 146 51181 7 9 1040 491 19986 2482 1.0 71 70 2 2 58% 8937 261870 89641 18%
c v  9.89 146 51181 7 9 1040 491 19986 1749 1.0 71 70 2 2 58% 9102 261870 89635 18%
c
c  seconds      switched    rate         size/glue  tier1    binary          remaining
c          MB    reductions    conflicts       size   tier2     irredundant
c             level   restarts      redundant     glue   trail          variables
c
c w  9.90 146 51181 7 9 1040 491 19986 1726 1.0 71 70 2 2 58% 9102 261870 89635 18%
c x 10.00 146 51181 7 9 1040 491 19986 1683 1.0 71 70 2 2 58% 9828 253964 89635 18%
c d 10.01 146 51181 7 9 1040 491 19986 1677 1.0 71 70 2 2 58% 9810 251859 89491 18%
c t 10.03 146 51181 7 9 1040 491 19986 1677 1.0 71 70 2 2 58% 9545 251859 89491 18%
c b 10.04 146 51181 7 9 1040 491 19986 1677 1.0 71 70 2 2 58% 9545 251859 89350 18%
c f 10.12 119 51181 7 9 1040 491 19986 1677 1.0 71 70 2 2 58% 9555 251813 89366 18%
c b 10.15 119 51181 7 9 1040 491 19986 1676 1.0 71 70 2 2 58% 9555 251805 89364 18%
c u 10.16 119 51181 7 9 1040 491 19986 1523 1.0 71 70 2 2 58% 9627 251805 89364 18%
c v 10.18 119 51181 7 9 1040 491 19986 1339 1.0 71 70 2 2 58% 9738 251805 89363 18%
c x 10.28 119 51181 7 9 1040 491 19986 1339 1.0 71 70 2 2 58% 10213 250674 89363 18%
c d 10.29 119 51181 7 9 1040 491 19986 1335 1.0 71 70 2 2 58% 10209 249925 89306 18%
c t 10.32 119 51181 7 9 1040 491 19986 1335 1.0 71 70 2 2 58% 10121 249925 89305 18%
c b 10.32 119 51181 7 9 1040 491 19986 1335 1.0 71 70 2 2 58% 10121 249925 89248 18%
c f 10.37 119 51181 7 9 1040 491 19986 1335 1.0 71 70 2 2 58% 10124 249917 89250 18%
c i 10.38 119 51181 7 9 1040 491 19986 1335 1.0 71 70 2 2 58% 10124 249917 89250 18%
c - 10.43 119 49699 7 10 1040 476 20310 1222 1.0 69 68 2 2 57% 9688 249917 89250 18%
c o 10.60 119 48096 7 10 1041 445 21134 1807 1.0 190 186 2 2 58% 9690 249915 89250 18%
c i 10.62 119 48379 7 10 1041 431 21815 1935 1.0 185 181 2 2 59% 9826 249907 89249 18%
c i 10.62 119 48407 7 10 1041 429 21867 1938 1.0 184 180 2 2 60% 9872 249907 89248 18%
c - 10.65 119 48831 7 11 1041 400 23477 1637 1.0 182 178 2 4 62% 9914 249905 89248 18%
c
c  seconds      switched     rate         size/glue    tier1    binary           remaining
c          MB     reductions    conflicts       size     tier2      irredundant
c             level    restarts      redundant      glue    trail           variables
c
c i 10.74 119 40108 7 11 1042 347 26903 2907 1.0 150 145 2 4 52% 11244 249490 89247 18%
c - 10.75 119 40108 7 12 1042 347 26903 2467 1.0 150 145 2 5 52% 11215 249490 89247 18%
c s 10.79 119 40106 7 12 1042 347 26904 2467 1.0 150 145 2 5 52% 38952 192556 89247 18%
c e 10.95 119 40106 7 12 1042 347 26904 2467 1.0 150 145 2 5 52% 31463 193007 83315 16%
c 2 10.95 119 40106 7 12 1042 347 26904 2467 1.0 150 145 2 5 52% 30086 193007 83314 16%
c s 10.98 119 40106 7 12 1042 347 26904 2467 1.0 150 145 2 5 52% 33255 164292 83314 16%
c e 11.09 119 40106 7 12 1042 347 26904 2467 1.0 150 145 2 5 52% 30753 164636 81459 16%
c ^ 11.09 119 40106 7 12 1042 347 26904 2467 1.0 150 145 2 5 52% 30753 164636 81459 16%
c O 11.12 119 38951 7 12 1043 341 27515 1679 1.0 145 140 2 5 50% 30974 164596 81459 16%
c i 11.26 119 36052 7 12 1045 307 30280 3314 1.0 130 126 2 5 51% 31510 163891 81458 16%
c i 11.26 119 36048 7 12 1045 307 30283 3314 1.0 130 126 2 5 51% 31511 163890 81456 16%
c i 11.26 119 36037 7 12 1045 307 30288 3314 1.0 130 126 2 5 51% 31515 163890 81455 16%
c i 11.26 119 36005 7 12 1045 306 30304 3318 1.0 130 126 2 5 51% 31517 163890 81453 16%
c i 11.26 119 35986 7 12 1045 306 30317 3318 1.0 130 126 2 5 51% 31522 163885 81452 16%
c i 11.26 119 35979 7 12 1045 306 30323 3318 1.0 130 126 2 5 51% 31525 163882 81451 16%
c i 11.26 119 35964 7 12 1045 306 30331 3319 1.0 130 125 2 5 51% 31528 163882 81450 16%
c i 11.26 119 35956 7 12 1045 306 30338 3318 1.0 130 125 2 5 51% 31531 163882 81449 16%
c i 11.26 119 35951 7 12 1045 306 30341 3318 1.0 130 125 2 5 51% 31532 163882 81448 16%
c i 11.26 119 35943 7 12 1045 306 30347 3318 1.0 130 125 2 5 51% 31534 163882 81447 16%
c i 11.26 119 35939 7 12 1045 306 30349 3318 1.0 130 125 2 5 51% 31535 163882 81446 16%
c
c  seconds      switched     rate         size/glue    tier1    binary           remaining
c          MB     reductions    conflicts       size     tier2      irredundant
c             level    restarts      redundant      glue    trail           variables
c
c i 11.26 119 35915 7 12 1045 305 30363 3323 1.0 130 125 2 5 51% 31537 163882 81445 16%
c - 11.27 119 35902 7 13 1045 305 30370 2983 1.0 130 125 2 13 51% 31509 163856 81445 16%
c i 11.27 119 35866 7 13 1045 305 30391 2992 1.0 129 125 2 13 51% 31511 163856 81444 16%
c i 11.27 119 35808 7 13 1045 305 30428 2994 1.0 129 125 2 13 51% 31517 163856 81443 16%
c i 11.27 119 35796 7 13 1045 305 30434 2996 1.0 129 125 2 13 51% 31520 163856 81442 16%
c i 11.27 119 35776 7 13 1045 305 30443 3000 1.0 129 125 2 13 51% 31524 163856 81441 16%
c i 11.27 119 35759 7 13 1045 304 30451 3002 1.0 129 125 2 13 51% 31529 163856 81440 16%
c i 11.27 119 35715 7 13 1045 304 30476 3010 1.0 129 125 2 13 50% 31541 163853 81439 16%
c i 11.27 119 35672 7 13 1045 304 30496 3018 1.0 129 124 2 13 50% 31549 163853 81438 16%
c i 11.27 119 35668 7 13 1045 304 30499 3018 1.0 129 124 2 13 50% 31549 163853 81437 16%
c i 11.27 119 35655 7 13 1045 304 30505 3020 1.0 129 124 2 13 50% 31551 163853 81436 16%
c i 11.27 119 35644 7 13 1045 303 30512 3020 1.0 129 124 2 13 50% 31555 163852 81435 16%
c i 11.27 119 34753 7 13 1045 296 30976 3091 1.0 126 121 2 13 49% 31711 163850 81433 16%
c i 11.27 119 34664 7 13 1045 296 31031 3106 1.0 125 121 2 13 49% 31725 163850 81432 16%
c d 11.29 119 33962 7 13 1045 290 31458 3251 1.0 123 119 2 13 48% 31329 163024 81128 16%
c u 11.31 119 33962 7 13 1045 290 31458 3144 1.0 123 119 2 13 48% 31340 163024 81117 16%
c v 11.32 119 33962 7 13 1045 290 31458 2911 1.0 123 119 2 13 48% 31391 163024 81087 16%
c w 11.33 119 33962 7 13 1045 290 31458 2826 1.0 123 119 2 13 48% 31395 163024 81087 16%
c x 11.34 119 33962 7 13 1045 290 31458 2826 1.0 123 119 2 13 48% 31395 162926 81087 16%
c d 11.41 119 33962 7 13 1045 290 31458 2747 1.0 123 119 2 13 48% 31372 162861 81073 16%
c
c  seconds      switched     rate         size/glue    tier1     binary           remaining
c          MB     reductions    conflicts       size     tier2       irredundant
c             level    restarts      redundant      glue     trail           variables
c
c t 11.42 119 33962 7 13 1045 290 31458 2747 1.0 123 119 2 13 48% 31366 162861 81073 16%
c b 11.42 119 33962 7 13 1045 290 31458 2747 1.0 123 119 2 13 48% 31366 162861 80244 16%
c f 11.45 119 33962 7 13 1045 290 31458 2747 1.0 123 119 2 13 48% 31007 162278 80427 16%
c c 11.50 119 33962 7 13 1045 290 31458 2704 1.0 123 119 2 13 48% 31065 161331 80116 16%
c d 11.50 119 33962 7 13 1045 290 31458 2703 1.0 123 119 2 13 48% 31066 161313 80116 16%
c b 11.51 119 33962 7 13 1045 290 31458 2703 1.0 123 119 2 13 48% 31066 161313 80115 16%
c u 11.52 119 33962 7 13 1045 290 31458 2680 1.0 123 119 2 13 48% 31065 161313 80115 16%
c v 11.53 119 33962 7 13 1045 290 31458 2638 1.0 123 119 2 13 48% 31090 161313 80111 16%
c w 11.54 119 33962 7 13 1045 290 31458 2625 1.0 123 119 2 13 48% 31090 161313 80111 16%
c x 11.55 119 33962 7 13 1045 290 31458 2625 1.0 123 119 2 13 48% 31090 161303 80111 16%
c d 11.56 119 33962 7 13 1045 290 31458 2614 1.0 123 119 2 13 48% 31081 161268 80104 16%
c t 11.57 119 33962 7 13 1045 290 31458 2614 1.0 123 119 2 13 48% 31060 161268 80103 16%
c b 11.57 119 33962 7 13 1045 290 31458 2614 1.0 123 119 2 13 48% 31060 161268 80006 16%
c f 11.59 119 33962 7 13 1045 290 31458 2614 1.0 123 119 2 13 48% 30886 161002 80121 16%
c i 11.60 119 33962 7 13 1045 290 31458 2614 1.0 123 119 2 13 48% 30886 161002 80121 16%
c i 11.60 119 33958 7 13 1045 290 31461 2614 1.0 123 119 2 13 48% 30887 161001 80120 16%
c i 11.60 119 33954 7 13 1045 290 31463 2614 1.0 123 119 2 13 48% 30888 161001 80119 16%
c i 11.60 119 33938 7 13 1045 290 31471 2616 1.0 123 119 2 13 48% 30890 161001 80118 16%
c i 11.60 119 33878 7 13 1045 289 31505 2623 1.0 123 119 2 13 48% 30898 161001 80114 16%
c i 11.60 119 33845 7 13 1045 289 31523 2628 1.0 123 118 2 13 48% 30903 161001 80112 16%
c
c  seconds      switched     rate         size/glue    tier1     binary           remaining
c          MB     reductions    conflicts       size     tier2       irredundant
c             level    restarts      redundant      glue     trail           variables
c
c i 11.60 119 33827 7 13 1045 289 31533 2629 1.0 123 118 2 13 48% 30905 161001 80111 16%
c i 11.60 119 33800 7 13 1045 288 31548 2632 1.0 123 118 2 13 48% 30911 161001 80110 16%
c i 11.60 119 33773 7 13 1045 288 31562 2634 1.0 122 118 2 13 48% 30914 161001 80108 16%
c i 11.60 119 33763 7 13 1045 288 31567 2635 1.0 122 118 2 13 48% 30916 161001 80107 16%
c i 11.60 119 33743 7 13 1045 288 31578 2633 1.0 122 118 2 13 48% 30922 161001 80106 16%
c i 11.60 119 33722 7 13 1045 288 31591 2633 1.0 122 118 2 13 48% 30925 161001 80104 16%
c i 11.60 119 33674 7 13 1045 287 31621 2638 1.0 122 118 2 13 48% 30934 161000 80103 16%
c i 11.60 119 33672 7 13 1045 287 31622 2638 1.0 122 118 2 13 48% 30934 161000 80077 16%
c i 11.60 119 33653 7 13 1045 287 31636 2638 1.0 122 118 2 13 48% 30939 160997 80075 16%
c i 11.60 119 33637 7 13 1045 287 31644 2638 1.0 122 118 2 13 48% 30939 160997 80067 16%
c i 11.60 119 33620 7 13 1045 287 31654 2640 1.0 122 118 2 13 48% 30939 160997 80060 16%
c i 11.60 119 33604 7 13 1045 287 31663 2644 1.0 122 118 2 13 48% 30941 160996 80059 16%
c i 11.60 119 33327 7 13 1045 284 31823 2682 1.0 121 117 2 13 47% 31010 160994 80058 16%
c i 11.60 119 33303 7 13 1045 284 31838 2683 1.0 121 117 2 13 47% 31012 160993 80056 16%
c i 11.60 119 33291 7 13 1045 284 31844 2684 1.0 121 117 2 13 47% 31012 160993 80052 16%
c i 11.60 119 33267 7 13 1045 284 31859 2682 1.0 121 117 2 13 47% 31019 160993 80050 16%
c i 11.60 119 33261 7 13 1045 284 31862 2682 1.0 121 117 2 13 47% 31020 160993 80048 16%
c i 11.60 119 33257 7 13 1045 284 31864 2683 1.0 121 117 2 13 47% 31020 160993 80038 16%
c i 11.60 119 33252 7 13 1045 284 31868 2685 1.0 121 116 2 13 47% 31021 160991 80037 16%
c i 11.60 119 33156 7 13 1045 283 31925 2715 1.0 120 116 2 13 47% 31036 160989 80035 16%
c
c  seconds      switched     rate         size/glue    tier1     binary           remaining
c          MB     reductions    conflicts       size     tier2       irredundant
c             level    restarts      redundant      glue     trail           variables
c
c i 11.60 119 33101 7 13 1045 283 31958 2729 1.0 120 116 2 13 47% 31043 160987 80034 16%
c i 11.60 119 33026 7 13 1045 282 31998 2748 1.0 120 116 2 13 47% 31054 160987 80031 16%
c i 11.60 119 32913 7 13 1045 281 32074 2778 1.0 119 115 2 13 47% 31068 160987 80030 16%
c i 11.60 119 32887 7 13 1045 281 32093 2779 1.0 119 115 2 13 47% 31074 160984 80027 16%
c i 11.60 119 32785 7 13 1045 280 32151 2799 1.0 119 115 2 13 46% 31096 160984 80026 16%
c i 11.60 119 32702 7 13 1045 279 32198 2819 1.0 119 115 2 13 46% 31109 160984 80025 16%
c i 11.60 119 32696 7 13 1045 279 32201 2819 1.0 119 115 2 13 46% 31111 160984 80024 16%
c i 11.60 119 32612 7 13 1045 279 32248 2848 1.0 118 114 2 13 46% 31118 160984 80023 16%
c i 11.60 119 31850 7 13 1046 272 32711 3129 1.0 116 112 2 13 45% 31169 160984 80022 16%
c i 11.60 119 31843 7 13 1046 272 32715 3129 1.0 116 112 2 13 45% 31171 160984 80021 16%
c i 11.60 119 31409 7 13 1046 269 32987 3289 1.0 114 110 2 13 44% 31222 160981 80020 16%
c i 11.61 119 31163 7 13 1046 267 33146 3372 1.0 113 109 2 13 44% 31245 160980 80019 16%
c i 11.61 119 31158 7 13 1046 267 33153 3373 1.0 113 109 2 13 44% 31246 160980 80018 16%
c i 11.61 119 31156 7 13 1046 267 33154 3373 1.0 113 109 2 13 44% 31246 160980 80017 16%
c i 11.61 119 31143 7 13 1046 266 33162 3374 1.0 113 109 2 13 44% 31248 160980 80016 16%
c i 11.61 119 31140 7 13 1046 266 33164 3374 1.0 113 109 2 13 44% 31249 160980 80015 16%
c i 11.61 119 31034 7 13 1046 265 33232 3423 1.0 113 109 2 13 44% 31251 160980 80014 16%
c i 11.61 119 30204 7 13 1046 258 33811 3770 1.0 110 106 2 13 43% 31276 160979 80013 16%
c i 11.61 119 30100 7 13 1046 257 33884 3799 1.0 110 106 2 13 43% 31288 160979 80012 16%
c - 11.62 119 29976 7 14 1046 256 33975 3398 1.0 110 105 2 22 42% 30685 160636 80012 16%
c
c  seconds      switched     rate         size/glue    tier1     binary           remaining
c          MB     reductions    conflicts       size     tier2       irredundant
c             level    restarts      redundant      glue     trail           variables
c
c i 11.63 119 29958 7 14 1046 256 33988 3400 1.0 110 105 2 22 42% 30688 160636 80010 16%
c i 11.63 119 29948 7 14 1046 256 33997 3400 1.0 110 105 2 22 42% 30692 160636 80009 16%
c i 11.63 119 29945 7 14 1046 256 34001 3400 1.0 110 105 2 22 42% 30693 160635 80008 16%
c i 11.63 119 29937 7 14 1046 256 34008 3400 1.0 110 105 2 22 42% 30695 160635 80007 16%
c i 11.63 119 29900 7 14 1046 256 34037 3406 1.0 109 105 2 22 42% 30706 160629 80006 16%
c i 11.63 119 29892 7 14 1046 256 34042 3406 1.0 109 105 2 22 42% 30708 160629 80005 16%
c i 11.63 119 29880 7 14 1046 256 34050 3410 1.0 109 105 2 22 42% 30711 160629 80004 16%
c i 11.63 119 29877 7 14 1046 256 34052 3411 1.0 109 105 2 22 42% 30711 160629 80003 16%
c i 11.63 119 29854 7 14 1046 255 34067 3415 1.0 109 105 2 22 42% 30719 160629 80002 16%
c i 11.63 119 29844 7 14 1046 255 34073 3416 1.0 109 105 2 22 42% 30722 160629 80001 16%
c i 11.63 119 29838 7 14 1046 255 34079 3416 1.0 109 105 2 22 42% 30724 160628 79999 16%
c i 11.63 119 29824 7 14 1046 255 34091 3418 1.0 109 105 2 22 42% 30727 160628 79998 16%
c i 11.63 119 29803 7 14 1046 255 34106 3425 1.0 109 105 2 22 42% 30733 160627 79997 16%
c i 11.63 119 29772 7 14 1046 255 34126 3435 1.0 109 105 2 22 42% 30737 160627 79996 16%
c i 11.63 119 29764 7 14 1046 255 34133 3438 1.0 109 105 2 22 42% 30737 160627 79995 16%
c i 11.63 119 29749 7 14 1046 255 34147 3440 1.0 109 105 2 22 42% 30740 160627 79994 16%
c i 11.63 119 29737 7 14 1046 254 34155 3444 1.0 109 105 2 22 42% 30743 160627 79993 16%
c i 11.63 119 29717 7 14 1046 254 34170 3450 1.0 109 105 2 22 42% 30746 160626 79992 16%
c i 11.63 119 29618 7 14 1046 253 34241 3494 1.0 109 104 2 22 42% 30754 160626 79991 16%
c i 11.63 119 29575 7 14 1046 253 34275 3503 1.0 108 104 2 22 42% 30757 160626 79990 16%
c
c  seconds      switched     rate         size/glue    tier1     binary           remaining
c          MB     reductions    conflicts       size     tier2       irredundant
c             level    restarts      redundant      glue     trail           variables
c
c i 11.63 119 29574 7 14 1046 253 34277 3503 1.0 108 104 2 22 42% 30758 160624 79989 16%
c i 11.63 119 29572 7 14 1046 253 34278 3503 1.0 108 104 2 22 42% 30758 160624 79983 16%
c i 11.63 119 29568 7 14 1046 253 34281 3503 1.0 108 104 2 22 42% 30759 160624 79980 16%
c i 11.63 119 29557 7 14 1046 253 34293 3503 1.0 108 104 2 22 42% 30761 160624 79976 16%
c i 11.63 119 29536 7 14 1046 253 34308 3505 1.0 108 104 2 22 42% 30769 160624 79975 16%
c i 11.63 119 29532 7 14 1046 253 34311 3506 1.0 108 104 2 22 42% 30770 160624 79974 16%
c i 11.63 119 29504 7 14 1046 252 34330 3514 1.0 108 104 2 22 42% 30776 160623 79973 16%
c i 11.63 119 29498 7 14 1046 252 34334 3516 1.0 108 104 2 22 42% 30776 160623 79972 16%
c i 11.63 119 29492 7 14 1046 252 34341 3513 1.0 108 104 2 22 42% 30780 160623 79971 16%
c i 11.63 119 29485 7 14 1046 252 34347 3514 1.0 108 104 2 22 42% 30781 160623 79969 16%
c i 11.63 119 29343 7 14 1046 251 34454 3548 1.0 108 103 2 22 42% 30811 160622 79968 16%
c i 11.63 119 29157 7 14 1046 250 34591 3594 1.0 107 103 2 22 41% 30834 160622 79960 16%
c i 11.63 119 29135 7 14 1046 249 34606 3600 1.0 107 103 2 22 41% 30834 160622 79954 16%
c i 11.63 119 29105 7 14 1046 249 34627 3609 1.0 107 102 2 22 41% 30835 160622 79953 16%
c i 11.63 119 28966 7 14 1046 248 34726 3656 1.0 106 102 2 22 41% 30852 160622 79952 16%
c i 11.63 119 28928 7 14 1046 248 34758 3671 1.0 106 102 2 22 41% 30853 160622 79949 16%
c i 11.63 119 28901 7 14 1046 247 34776 3675 1.0 106 102 2 22 41% 30856 160622 79947 16%
c i 11.63 119 28824 7 14 1046 247 34833 3695 1.0 106 101 2 22 41% 30859 160622 79945 16%
c i 11.63 119 28811 7 14 1046 247 34844 3700 1.0 106 101 2 22 41% 30859 160622 79943 16%
c i 11.63 119 28795 7 14 1046 246 34860 3703 1.0 106 101 2 22 41% 30863 160621 79941 16%
c
c  seconds      switched     rate         size/glue    tier1     binary           remaining
c          MB     reductions    conflicts       size     tier2       irredundant
c             level    restarts      redundant      glue     trail           variables
c
c i 11.63 119 28756 7 14 1046 246 34902 3715 1.0 105 101 2 22 41% 30866 160621 79940 16%
c i 11.63 119 28743 7 14 1046 246 34914 3719 1.0 105 101 2 22 41% 30868 160621 79939 16%
c i 11.63 119 28730 7 14 1046 246 34923 3725 1.0 105 101 2 22 41% 30868 160621 79938 16%
c i 11.63 119 28724 7 14 1046 246 34928 3724 1.0 105 101 2 22 41% 30870 160621 79936 16%
c i 11.63 119 28674 7 14 1046 245 34967 3737 1.0 105 101 2 22 41% 30874 160621 79934 16%
c i 11.63 119 28666 7 14 1046 245 34976 3736 1.0 105 101 2 22 41% 30876 160621 79932 16%
c i 11.63 119 28655 7 14 1046 245 34985 3738 1.0 105 101 2 22 41% 30877 160621 79931 16%
c i 11.63 119 28636 7 14 1046 245 35001 3743 1.0 105 101 2 22 41% 30878 160621 79930 16%
c i 11.63 119 28629 7 14 1046 245 35006 3744 1.0 105 101 2 22 41% 30879 160621 79929 16%
c i 11.63 119 28582 7 14 1046 245 35043 3756 1.0 105 101 2 22 40% 30888 160620 79927 16%
c i 11.63 119 28476 7 14 1046 244 35127 3797 1.0 105 100 2 22 40% 30901 160620 79926 16%
c i 11.63 119 28449 7 14 1046 243 35147 3800 1.0 104 100 2 22 40% 30903 160620 79924 16%
c i 11.63 119 28417 7 14 1046 243 35173 3795 1.0 104 100 2 22 40% 30913 160620 79920 16%
c i 11.63 119 28409 7 14 1046 243 35179 3795 1.0 104 100 2 22 40% 30915 160620 79919 16%
c i 11.63 119 28407 7 14 1046 243 35180 3795 1.0 104 100 2 22 40% 30915 160620 79918 16%
c B 11.64 119 25975 7 14 1046 222 37276 5163 1.1 98 93 2 22 37% 30977 160619 79918 16%
c - 11.70 119 25813 7 15 1047 228 37717 4010 1.1 97 92 2 32 37% 30676 160619 79918 16%
c - 11.88 119 23552 7 16 1049 221 41589 5947 1.1 86 81 2 44 35% 30758 160619 79918 16%
c o 11.89 119 23183 7 16 1050 217 42050 6277 1.1 85 80 2 44 34% 30759 160619 79918 16%
c i 11.90 119 23194 7 16 1050 219 42069 6278 1.1 85 80 2 44 34% 30760 160611 79915 16%
c
c  seconds      switched     rate         size/glue  tier1     binary           remaining
c          MB     reductions    conflicts       size   tier2       irredundant
c             level    restarts      redundant     glue    trail           variables
c
c i 11.91 119 23210 7 16 1050 219 42095 6278 1.1 85 80 2 44 34% 30764 160600 79904 16%
c i 11.91 119 23223 7 16 1050 219 42118 6278 1.1 85 80 2 44 34% 30765 160589 79893 16%
c i 11.91 119 23248 7 16 1050 219 42163 6278 1.1 85 80 2 44 34% 30766 160567 79872 16%
c i 11.91 119 23253 7 16 1050 219 42171 6278 1.1 85 80 2 44 34% 30768 160564 79870 16%
c i 11.91 119 23266 7 16 1050 219 42194 6278 1.1 85 80 2 44 34% 30769 160553 79859 16%
c i 11.91 119 23295 7 16 1050 218 42228 6286 1.1 85 80 2 44 34% 30772 160546 79846 16%
c i 11.91 119 23340 7 16 1050 218 42279 6310 1.1 85 79 2 44 35% 30780 160538 79840 16%
c i 11.91 119 23355 7 16 1050 218 42312 6329 1.1 85 79 2 44 35% 30783 160537 79839 16%
c i 11.91 119 23361 7 16 1050 219 42335 6340 1.1 85 79 2 44 35% 30786 160536 79838 16%
c i 11.91 119 23363 7 16 1050 219 42343 6346 1.1 85 79 2 44 35% 30786 160536 79837 16%
c i 11.91 119 23372 7 16 1050 218 42375 6366 1.1 85 79 2 44 35% 30796 160536 79836 16%
c i 11.92 119 23475 7 16 1050 215 42813 6775 1.1 83 78 2 44 35% 30805 160530 79835 16%
c i 11.92 119 23477 7 16 1050 215 42820 6780 1.1 83 78 2 44 35% 30805 160530 79834 16%
c - 12.01 119 23026 7 17 1052 206 45589 7865 1.1 78 72 2 45 36% 30621 160529 79834 16%
c d 12.02 119 22807 7 17 1052 203 45990 8126 1.1 77 71 2 45 35% 30577 160101 79810 16%
c u 12.04 119 22807 7 17 1052 203 45990 8014 1.1 77 71 2 45 35% 30585 160101 79809 16%
c v 12.05 119 22807 7 17 1052 203 45990 7877 1.1 77 71 2 45 35% 30632 160101 79803 16%
c w 12.05 119 22807 7 17 1052 203 45990 7713 1.1 77 71 2 45 35% 30632 160101 79803 16%
c x 12.07 119 22807 7 17 1052 203 45990 7713 1.1 77 71 2 45 35% 30632 160084 79803 16%
c d 12.07 119 22807 7 17 1052 203 45990 7680 1.1 77 71 2 45 35% 30611 160022 79788 16%
c
c  seconds      switched     rate         size/glue  tier1     binary           remaining
c          MB     reductions    conflicts       size   tier2       irredundant
c             level    restarts      redundant     glue    trail           variables
c
c t 12.09 119 22807 7 17 1052 203 45990 7680 1.1 77 71 2 45 35% 30604 160022 79769 16%
c b 12.09 119 22807 7 17 1052 203 45990 7680 1.1 77 71 2 45 35% 30604 160022 79687 16%
c f 12.11 119 22807 7 17 1052 203 45990 7680 1.1 77 71 2 45 35% 30512 159941 79736 16%
c b 12.13 119 22807 7 17 1052 203 45990 7651 1.1 77 71 2 45 35% 30515 159855 79700 16%
c u 12.14 119 22807 7 17 1052 203 45990 7613 1.1 77 71 2 45 35% 30515 159855 79700 16%
c v 12.15 119 22807 7 17 1052 203 45990 7571 1.1 77 71 2 45 35% 30517 159855 79700 16%
c w 12.15 119 22807 7 17 1052 203 45990 7502 1.1 77 71 2 45 35% 30517 159855 79700 16%
c x 12.16 119 22807 7 17 1052 203 45990 7502 1.1 77 71 2 45 35% 30519 159805 79700 16%
c d 12.17 119 22807 7 17 1052 203 45990 7500 1.1 77 71 2 45 35% 30509 159803 79695 16%
c f 12.21 119 22807 7 17 1052 203 45990 7500 1.1 77 71 2 45 35% 30489 159750 79719 16%
c i 12.21 119 22807 7 17 1052 203 45990 7500 1.1 77 71 2 45 35% 30489 159750 79719 16%
c i 12.23 119 22782 7 17 1052 204 51309 7516 1.1 77 71 2 45 35% 30491 159750 79718 16%
c - 12.23 119 22782 7 18 1052 204 51309 6219 1.1 77 71 2 42 35% 30057 159750 79718 16%
c W 12.27 119 22782 7 18 1052 204 51309 6219 1.1 77 71 2 42 35% 30057 159746 79718 16%
c 2 12.37 119 22477 7 18 1053 196 54417 8637 1.1 73 67 2 42 35% 30076 159746 79711 16%
c s 12.37 119 22477 7 18 1053 196 54417 8637 1.1 73 67 2 42 35% 30785 155508 79710 16%
c e 12.54 119 22477 7 18 1053 196 54417 8637 1.1 73 67 2 42 35% 24169 156233 71464 14%
c 2 12.54 119 22477 7 18 1053 196 54417 8637 1.1 73 67 2 42 35% 24038 156233 71464 14%
c s 12.55 119 22477 7 18 1053 196 54417 8637 1.1 73 67 2 42 35% 27053 149532 71435 14%
c e 12.60 119 22477 7 18 1053 196 54417 8637 1.1 73 67 2 42 35% 25910 149108 70018 14%
c
c  seconds      switched     rate         size/glue  tier1     binary           remaining
c          MB     reductions    conflicts       size   tier2       irredundant
c             level    restarts      redundant     glue    trail           variables
c
c ^ 12.60 119 22477 7 18 1053 196 54417 8637 1.1 73 67 2 42 35% 25910 149108 70018 14%
c i 12.60 119 22436 7 18 1053 196 54927 7574 1.1 73 67 2 42 35% 25913 149104 70010 14%
c i 12.60 119 22436 7 18 1053 196 54940 7572 1.1 73 67 2 42 35% 25925 149093 70002 14%
c i 12.60 119 22435 7 18 1053 196 54949 7572 1.1 73 67 2 42 35% 25932 149085 69998 14%
c i 12.60 119 22434 7 18 1053 196 54952 7572 1.1 73 67 2 42 35% 25933 149082 69992 14%
c i 12.60 119 22433 7 18 1053 196 54953 7572 1.1 73 67 2 42 35% 25933 149082 69987 14%
c i 12.61 119 22433 7 18 1053 196 54960 7572 1.1 73 67 2 42 35% 25937 149076 69981 14%
c i 12.61 119 22432 7 18 1053 196 54964 7572 1.1 73 67 2 42 35% 25940 149073 69973 14%
c i 12.61 119 22431 7 18 1053 196 54970 7570 1.1 73 67 2 42 35% 25944 149069 69965 14%
c i 12.61 119 22430 7 18 1053 196 54979 7568 1.1 73 67 2 42 35% 25951 149062 69956 14%
c i 12.61 119 22430 7 18 1053 196 54989 7567 1.1 73 67 2 42 35% 25959 149054 69951 14%
c i 12.61 119 22429 7 18 1053 196 55004 7564 1.1 73 67 2 42 35% 25970 149044 69945 14%
c i 12.61 119 22428 7 18 1053 196 55008 7564 1.1 73 67 2 42 35% 25973 149040 69942 14%
c i 12.61 119 22428 7 18 1053 196 55009 7564 1.1 73 67 2 42 35% 25973 149040 69936 14%
c i 12.65 119 22426 7 18 1053 196 62827 7563 1.1 73 67 2 42 35% 25986 149025 69935 14%
c - 12.66 119 22426 7 19 1053 196 62827 5671 1.1 73 67 2 52 35% 25634 148948 69935 14%
c d 12.70 119 22364 7 19 1053 194 63863 6458 1.1 71 65 2 52 36% 25680 148828 69910 14%
c b 12.71 119 22364 7 19 1053 194 63863 6458 1.1 71 65 2 52 36% 25680 148828 69848 14%
c u 12.72 119 22364 7 19 1053 194 63863 6336 1.1 71 65 2 52 36% 25701 148828 69847 14%
c v 12.73 119 22364 7 19 1053 194 63863 5873 1.1 71 65 2 52 36% 25893 148828 69829 14%
c
c  seconds      switched     rate         size/glue  tier1     binary           remaining
c          MB     reductions    conflicts       size   tier2       irredundant
c             level    restarts      redundant     glue    trail           variables
c
c w 12.73 119 22364 7 19 1053 194 63863 5679 1.1 71 65 2 52 36% 25912 148828 69827 14%
c x 12.74 119 22364 7 19 1053 194 63863 5679 1.1 71 65 2 52 36% 25912 148762 69827 14%
c d 12.78 119 22364 7 19 1053 194 63863 5442 1.1 71 65 2 52 36% 25916 148745 69825 14%
c b 12.79 119 22364 7 19 1053 194 63863 5442 1.1 71 65 2 52 36% 25916 148745 69699 14%
c f 12.81 119 22364 7 19 1053 194 63863 5442 1.1 71 65 2 52 36% 25901 148723 69706 14%
c c 12.85 119 22364 7 19 1053 194 63863 5349 1.1 71 65 2 52 36% 28064 148538 69672 14%
c d 12.86 119 22364 7 19 1053 194 63863 5349 1.1 71 65 2 52 36% 28072 148520 69672 14%
c b 12.86 119 22364 7 19 1053 194 63863 5349 1.1 71 65 2 52 36% 28072 148520 69662 14%
c u 12.87 119 22364 7 19 1053 194 63863 4467 1.1 71 65 2 52 36% 28360 148520 69598 14%
c v 12.88 119 22364 7 19 1053 194 63863 3942 1.1 71 65 2 52 36% 28486 148520 69577 14%
c w 12.89 119 22364 7 19 1053 194 63863 3714 1.1 71 65 2 52 36% 28493 148520 69571 14%
c x 12.90 119 22364 7 19 1053 194 63863 3714 1.1 71 65 2 52 36% 28493 148286 69571 14%
c t 12.91 119 22364 7 19 1053 194 63863 3553 1.1 71 65 2 52 36% 28493 148286 69570 14%
c f 12.93 119 22364 7 19 1053 194 63863 3553 1.1 71 65 2 52 36% 28479 148278 69574 14%
c i 12.93 119 22364 7 19 1053 194 63863 3553 1.1 71 65 2 52 36% 28479 148278 69574 14%
c i 12.93 119 22351 7 19 1053 194 63891 3559 1.1 71 65 2 52 36% 28483 148278 69573 14%
c i 12.95 119 22354 7 19 1053 196 63905 3566 1.1 71 65 2 52 36% 28484 148278 69572 14%
c i 12.95 119 22427 7 19 1053 196 64041 3633 1.1 71 65 2 52 36% 28509 148269 69571 14%
c i 12.95 119 22441 7 19 1053 196 64071 3641 1.1 71 65 2 52 36% 28521 148263 69570 14%
c i 12.95 119 22468 7 19 1053 196 64136 3663 1.1 71 65 2 52 36% 28544 148261 69568 14%
c
c  seconds      switched     rate         size/glue  tier1     binary           remaining
c          MB     reductions    conflicts       size   tier2       irredundant
c             level    restarts      redundant     glue    trail           variables
c
c i 12.95 119 22483 7 19 1053 196 64188 3686 1.1 71 65 2 52 36% 28560 148252 69567 14%
c i 12.95 119 22487 7 19 1053 196 64203 3691 1.1 71 65 2 52 36% 28566 148249 69566 14%
c i 12.95 119 22495 7 19 1053 195 64231 3706 1.1 71 65 2 52 36% 28571 148249 69565 14%
c i 12.95 119 22500 7 19 1053 195 64247 3715 1.1 71 65 2 52 36% 28571 148249 69564 14%
c i 12.95 119 22519 7 19 1053 195 64311 3755 1.1 71 65 2 52 36% 28585 148249 69563 14%
c i 12.96 119 22558 7 19 1053 194 64464 3819 1.1 70 64 2 52 36% 28630 148249 69562 14%
c i 12.96 119 22576 7 19 1053 194 64543 3859 1.1 70 64 2 52 36% 28647 148248 69560 14%
c i 12.96 119 22585 7 19 1053 193 64590 3867 1.1 70 64 2 52 36% 28663 148247 69558 14%
c i 12.96 119 22602 7 19 1053 193 64685 3905 1.1 70 64 2 52 37% 28695 148247 69557 14%
c i 12.96 119 22626 7 19 1053 192 64867 3970 1.1 70 64 2 52 37% 28747 148238 69556 14%
c i 12.96 119 22630 7 19 1053 192 64894 3979 1.1 70 64 2 52 37% 28757 148237 69554 14%
c i 12.96 119 22622 7 19 1054 192 64914 3986 1.1 70 64 2 52 37% 28764 148231 69553 14%
c i 12.96 119 22618 7 19 1054 192 64924 3986 1.1 70 64 2 52 37% 28769 148228 69552 14%
c i 12.96 119 22617 7 19 1054 192 64925 3986 1.1 70 64 2 52 37% 28769 148228 69551 14%
c i 12.97 119 22610 7 19 1054 193 64963 3990 1.1 70 64 2 52 37% 28781 148215 69550 14%
c i 12.97 119 22609 7 19 1054 193 64965 3990 1.1 70 64 2 52 37% 28781 148215 69548 14%
c i 12.97 119 22608 7 19 1054 193 64971 3990 1.1 70 64 2 52 37% 28781 148215 69546 14%
c i 12.97 119 22604 7 19 1054 192 64993 3991 1.1 70 64 2 52 37% 28785 148206 69544 14%
c i 12.97 119 22603 7 19 1054 192 64998 3991 1.1 70 64 2 52 37% 28785 148206 69543 14%
c i 12.97 119 22602 7 19 1054 192 65004 3993 1.1 70 64 2 52 37% 28785 148206 69542 14%
c
c  seconds      switched     rate         size/glue  tier1     binary           remaining
c          MB     reductions    conflicts       size   tier2       irredundant
c             level    restarts      redundant     glue    trail           variables
c
c i 12.97 119 22601 7 19 1054 192 65009 3995 1.1 70 64 2 52 37% 28785 148205 69541 14%
c i 12.97 119 22599 7 19 1054 192 65015 3995 1.1 70 64 2 52 37% 28786 148205 69539 14%
c i 12.97 119 22598 7 19 1054 192 65019 3996 1.1 70 64 2 52 37% 28787 148205 69538 14%
c i 12.97 119 22596 7 19 1054 192 65035 3998 1.1 70 64 2 52 37% 28792 148200 69535 14%
c i 12.97 119 22593 7 19 1054 192 65048 4001 1.1 70 64 2 52 37% 28795 148195 69534 14%
c i 12.97 119 22591 7 19 1054 192 65059 4001 1.1 70 64 2 52 37% 28797 148192 69533 14%
c i 12.97 119 22590 7 19 1054 192 65063 4001 1.1 70 64 2 52 37% 28798 148190 69531 14%
c i 12.97 119 22589 7 19 1054 192 65071 4001 1.1 70 64 2 52 37% 28798 148190 69527 14%
c i 12.97 119 22588 7 19 1054 192 65075 4001 1.1 70 64 2 52 37% 28798 148190 69523 14%
c i 12.97 119 22587 7 19 1054 192 65079 4001 1.1 70 64 2 52 37% 28798 148190 69521 14%
c i 12.97 119 22586 7 19 1054 192 65085 4002 1.1 70 64 2 52 37% 28799 148189 69519 14%
c i 12.97 119 22585 7 19 1054 192 65091 4002 1.1 70 64 2 52 37% 28801 148186 69518 14%
c i 12.97 119 22583 7 19 1054 192 65100 4005 1.1 70 64 2 52 37% 28802 148184 69515 14%
c i 12.97 119 22574 7 19 1054 192 65138 4025 1.1 70 63 2 52 37% 28811 148182 69513 14%
c i 12.97 119 22573 7 19 1054 192 65143 4026 1.1 70 63 2 52 37% 28812 148180 69512 14%
c i 12.97 119 22568 7 19 1054 192 65164 4036 1.1 70 63 2 52 37% 28820 148178 69511 14%
c i 12.97 119 22568 7 19 1054 192 65167 4036 1.1 70 63 2 52 37% 28822 148178 69510 14%
c i 12.97 119 22567 7 19 1054 191 65169 4037 1.1 69 63 2 52 37% 28822 148178 69509 14%
c i 12.97 119 22566 7 19 1054 191 65174 4038 1.1 69 63 2 52 37% 28822 148178 69507 14%
c i 12.97 119 22565 7 19 1054 191 65181 4039 1.1 69 63 2 52 37% 28826 148172 69506 14%
c
c  seconds      switched     rate         size/glue  tier1     binary           remaining
c          MB     reductions    conflicts       size   tier2       irredundant
c             level    restarts      redundant     glue    trail           variables
c
c i 12.97 119 22563 7 19 1054 191 65191 4045 1.1 69 63 2 52 37% 28828 148170 69504 14%
c i 12.97 119 22562 7 19 1054 191 65195 4045 1.1 69 63 2 52 37% 28830 148170 69503 14%
c i 12.97 119 22557 7 19 1054 191 65219 4056 1.1 69 63 2 52 37% 28836 148167 69501 14%
c i 12.97 119 22555 7 19 1054 191 65231 4057 1.1 69 63 2 52 37% 28842 148164 69500 14%
c i 12.97 119 22551 7 19 1054 191 65250 4059 1.1 69 63 2 52 37% 28846 148164 69496 14%
c i 12.97 119 22550 7 19 1054 191 65252 4059 1.1 69 63 2 52 37% 28846 148164 69494 14%
c i 12.97 119 22548 7 19 1054 191 65263 4059 1.1 69 63 2 52 37% 28849 148162 69491 14%
c i 12.97 119 22541 7 19 1054 191 65296 4077 1.1 69 63 2 52 37% 28852 148162 69489 14%
c i 12.97 119 22538 7 19 1054 191 65307 4078 1.1 69 63 2 52 37% 28855 148162 69488 14%
c i 12.97 119 22535 7 19 1054 191 65325 4081 1.1 69 63 2 52 37% 28862 148161 69486 14%
c i 12.97 119 22534 7 19 1054 191 65332 4081 1.1 69 63 2 52 37% 28864 148160 69485 14%
c i 12.97 119 22533 7 19 1054 191 65334 4081 1.1 69 63 2 52 37% 28864 148160 69483 14%
c i 12.97 119 22531 7 19 1054 191 65345 4082 1.1 69 63 2 52 37% 28868 148158 69482 14%
c i 12.97 119 22530 7 19 1054 191 65353 4082 1.1 69 63 2 52 37% 28870 148158 69481 14%
c i 12.97 119 22526 7 19 1054 190 65370 4084 1.1 69 63 2 52 37% 28874 148156 69478 14%
c i 12.97 119 22525 7 19 1054 190 65374 4083 1.1 69 63 2 52 37% 28874 148156 69476 14%
c i 12.97 119 22524 7 19 1054 190 65379 4083 1.1 69 63 2 52 37% 28875 148154 69473 14%
c i 12.97 119 22522 7 19 1054 190 65390 4084 1.1 69 63 2 52 37% 28877 148154 69472 14%
c i 12.97 119 22522 7 19 1054 190 65393 4085 1.1 69 63 2 52 37% 28877 148154 69470 14%
c i 12.97 119 22521 7 19 1054 190 65396 4086 1.1 69 63 2 52 37% 28877 148154 69469 14%
c
c  seconds      switched     rate         size/glue  tier1     binary           remaining
c          MB     reductions    conflicts       size   tier2       irredundant
c             level    restarts      redundant     glue    trail           variables
c
c i 12.97 119 22520 7 19 1054 190 65402 4087 1.1 69 63 2 52 37% 28878 148152 69468 14%
c i 12.97 119 22519 7 19 1054 190 65404 4087 1.1 69 63 2 52 37% 28879 148152 69467 14%
c i 12.97 119 22517 7 19 1054 190 65415 4090 1.1 69 63 2 52 37% 28881 148150 69465 14%
c i 12.97 119 22517 7 19 1054 190 65419 4090 1.1 69 63 2 52 37% 28882 148148 69463 14%
c i 12.97 119 22514 7 19 1054 190 65431 4091 1.1 69 63 2 52 37% 28885 148144 69461 14%
c i 12.97 119 22513 7 19 1054 190 65437 4091 1.1 69 63 2 52 37% 28886 148142 69457 14%
c i 12.97 119 22512 7 19 1054 190 65447 4092 1.1 69 63 2 52 37% 28889 148137 69456 14%
c i 12.97 119 22508 7 19 1054 190 65464 4096 1.1 69 63 2 52 37% 28891 148135 69455 14%
c i 12.97 119 22507 7 19 1054 190 65473 4099 1.1 69 63 2 52 37% 28891 148135 69454 14%
c i 12.97 119 22487 7 19 1054 190 65555 4161 1.1 69 63 2 52 37% 28903 148135 69453 14%
c i 12.97 119 22486 7 19 1054 190 65562 4164 1.1 69 63 2 52 37% 28905 148135 69452 14%
c i 12.97 119 22398 7 19 1054 187 65955 4396 1.1 68 62 2 52 37% 28982 148133 69451 14%
c i 12.97 119 22389 7 19 1054 187 66004 4412 1.1 68 62 2 52 37% 28989 148133 69446 14%
c i 12.97 119 22376 7 19 1054 187 66075 4453 1.1 68 62 2 52 37% 28992 148133 69445 14%
c I 12.97 119 22345 7 19 1054 186 66213 4540 1.1 68 62 2 52 37% 29009 148133 69445 14%
c i 12.97 119 22325 7 19 1054 186 66243 4556 1.1 68 62 2 52 37% 29012 148133 69444 14%
c i 12.98 119 22311 7 19 1054 186 66264 4573 1.1 68 62 2 52 37% 29014 148133 69443 14%
c i 12.98 119 22310 7 19 1054 186 66265 4573 1.1 68 62 2 52 37% 29014 148133 69442 14%
c i 12.98 119 22309 7 19 1054 186 66266 4573 1.1 68 62 2 52 37% 29014 148133 69441 14%
c i 12.98 119 22309 7 19 1054 186 66267 4573 1.1 68 62 2 52 37% 29014 148133 69440 14%
c
c  seconds      switched     rate         size/glue  tier1     binary           remaining
c          MB     reductions    conflicts       size   tier2       irredundant
c             level    restarts      redundant     glue    trail           variables
c
c i 12.98 119 22307 7 19 1054 186 66269 4574 1.1 68 62 2 52 37% 29014 148133 69439 14%
c i 12.98 119 22305 7 19 1054 186 66276 4573 1.1 68 62 2 52 37% 29020 148130 69435 14%
c i 12.98 119 22303 7 19 1054 186 66283 4573 1.1 68 62 2 52 37% 29024 148125 69434 14%
c i 12.98 119 22302 7 19 1054 186 66284 4573 1.1 68 62 2 52 37% 29024 148125 69433 14%
c i 12.98 119 22302 7 19 1054 186 66286 4572 1.1 68 62 2 52 37% 29025 148125 69424 14%
c i 12.98 119 22299 7 19 1054 186 66295 4571 1.1 68 62 2 52 37% 29031 148120 69423 14%
c i 12.98 119 22298 7 19 1054 186 66303 4571 1.1 68 62 2 52 37% 29037 148114 69422 14%
c i 12.98 119 22296 7 19 1054 186 66311 4571 1.1 68 62 2 52 37% 29042 148109 69421 14%
c i 12.98 119 22285 7 19 1054 186 66341 4572 1.1 68 62 2 52 37% 29057 148093 69420 14%
c i 12.98 119 22282 7 19 1054 186 66384 4573 1.1 68 62 2 52 37% 29059 148093 69419 14%
c i 12.98 119 22276 7 19 1054 186 66571 4579 1.1 68 62 2 52 37% 29060 148093 69418 14%
c i 12.98 119 22217 7 19 1054 185 66667 4635 1.1 68 62 2 52 37% 29072 148093 69417 14%
c - 12.99 119 22112 7 20 1054 184 67186 4310 1.1 67 61 2 51 37% 28336 148089 69417 14%
c i 13.00 119 22105 7 20 1054 184 67211 4328 1.1 67 61 2 51 37% 28337 148089 69416 14%
c i 13.00 119 22104 7 20 1054 184 67217 4327 1.1 67 61 2 51 37% 28339 148089 69415 14%
c i 13.00 119 22104 7 20 1054 184 67219 4328 1.1 67 61 2 51 37% 28339 148089 69414 14%
c i 13.00 119 22104 7 20 1054 184 67220 4328 1.1 67 61 2 51 37% 28339 148089 69413 14%
c i 13.00 119 22101 7 20 1054 184 67238 4337 1.1 67 60 2 51 37% 28342 148089 69412 14%
c i 13.00 119 22100 7 20 1054 184 67242 4338 1.1 67 60 2 51 37% 28343 148089 69411 14%
c i 13.00 119 22098 7 20 1054 184 67258 4339 1.1 67 60 2 51 37% 28350 148089 69410 14%
c
c  seconds      switched     rate         size/glue  tier1     binary           remaining
c          MB     reductions    conflicts       size   tier2       irredundant
c             level    restarts      redundant     glue    trail           variables
c
c i 13.00 119 22096 7 20 1054 184 68810 4348 1.1 67 60 2 51 37% 28353 148088 69409 14%
c i 13.00 119 22096 7 20 1054 184 69256 4348 1.1 67 60 2 51 37% 28355 148087 69401 14%
c i 13.00 119 22096 7 20 1054 184 69684 4348 1.1 67 60 2 51 37% 28355 148007 69400 14%
c i 13.00 119 22096 7 20 1054 184 69702 4349 1.1 67 60 2 51 37% 28356 148003 69399 14%
c i 13.01 119 22102 7 20 1054 183 70417 4415 1.1 66 60 2 51 37% 28366 148000 69398 14%
c i 13.01 119 22100 7 20 1054 184 70472 4437 1.1 66 60 2 51 37% 28372 147999 69391 14%
c i 13.01 119 22105 7 20 1054 183 70506 4446 1.1 66 60 2 51 37% 28383 147994 69390 14%
c i 13.01 119 22124 7 20 1054 183 70628 4521 1.1 66 60 2 51 37% 28395 147994 69389 14%
c i 13.01 119 22131 7 20 1054 183 70706 4550 1.1 66 60 2 51 37% 28397 147994 69388 14%
c i 13.01 119 22132 7 20 1054 183 70727 4555 1.1 66 60 2 51 37% 28409 147980 69387 14%
c i 13.01 119 22135 7 20 1054 183 70753 4559 1.1 66 60 2 51 37% 28417 147971 69386 14%
c i 13.02 119 22189 7 20 1054 182 71167 4730 1.1 65 59 2 51 37% 28442 147971 69385 14%
c i 13.02 119 22196 7 20 1054 181 71306 4739 1.1 65 59 2 51 37% 28449 147971 69384 14%
c i 13.02 119 22208 7 20 1054 181 71360 4767 1.1 65 59 2 51 37% 28456 147967 69377 14%
c i 13.02 119 22214 7 20 1054 181 71407 4779 1.1 65 59 2 51 37% 28475 147951 69376 14%
c i 13.02 119 22257 7 20 1054 181 71611 4894 1.1 65 59 2 51 38% 28484 147951 69375 14%
c i 13.02 119 22258 7 20 1054 181 71621 4895 1.1 65 59 2 51 38% 28484 147951 69374 14%
c i 13.02 119 22259 7 20 1054 181 71647 4894 1.1 65 59 2 51 38% 28485 147951 69373 14%
c i 13.02 119 22260 7 20 1054 181 71652 4894 1.1 65 59 2 51 38% 28486 147951 69372 14%
c - 13.03 119 22261 7 21 1054 181 71658 4302 1.1 65 59 2 51 38% 28380 147950 69372 14%
c
c  seconds      switched     rate         size/glue  tier1     binary           remaining
c          MB     reductions    conflicts       size   tier2       irredundant
c             level    restarts      redundant     glue    trail           variables
c
c i 13.03 119 22260 7 21 1054 181 71664 4305 1.1 65 59 2 51 38% 28382 147948 69371 14%
c i 13.03 119 22264 7 21 1054 181 71682 4316 1.1 65 59 2 51 38% 28386 147948 69370 14%
c i 13.03 119 22265 7 21 1054 181 71690 4319 1.1 65 59 2 51 38% 28387 147947 69369 14%
c i 13.04 119 22270 7 21 1054 181 71782 4327 1.1 65 59 2 51 38% 28397 147947 69368 14%
c i 13.04 119 22285 7 21 1054 181 71911 4373 1.1 65 59 2 51 38% 28410 147943 69367 14%
c i 13.04 119 22315 7 21 1054 180 72044 4457 1.1 64 59 2 51 38% 28429 147943 69366 14%
c i 13.04 119 22344 7 21 1054 180 72173 4533 1.1 64 58 2 51 38% 28445 147943 69365 14%
c i 13.04 119 22358 7 21 1054 180 72222 4562 1.1 64 58 2 51 38% 28450 147943 69364 14%
c i 13.04 119 22380 7 21 1054 179 72300 4602 1.1 64 58 2 51 38% 28464 147943 69363 14%
c i 13.04 119 22391 7 21 1054 179 72345 4621 1.1 64 58 2 51 38% 28475 147938 69362 14%
c - 13.08 119 23289 7 22 1054 164 76242 5368 1.1 62 56 2 65 43% 28615 147937 69362 14%
c o 13.09 119 23289 7 22 1054 164 76242 5368 1.1 62 56 2 65 43% 28615 147937 69362 14%
c i 13.20 119 23996 7 22 1056 151 80303 7996 1.1 59 53 2 65 48% 28632 147934 69361 14%
c i 13.21 119 23993 7 22 1056 152 80311 7997 1.1 59 53 2 65 48% 28635 147934 69360 14%
c i 13.21 119 23992 7 22 1056 152 80314 7997 1.1 59 53 2 65 48% 28636 147934 69359 14%
c i 13.21 119 23991 7 22 1056 152 80316 7997 1.1 59 53 2 65 48% 28637 147934 69358 14%
c i 13.21 119 23991 7 22 1056 152 80318 7997 1.1 59 53 2 65 48% 28638 147934 69357 14%
c i 13.21 119 23990 7 22 1056 153 80321 7997 1.1 59 53 2 65 48% 28639 147934 69356 14%
c i 13.21 119 23989 7 22 1056 153 80323 7997 1.1 59 53 2 65 48% 28640 147934 69355 14%
c i 13.21 119 23988 7 22 1056 153 80325 7997 1.1 59 53 2 65 48% 28641 147934 69354 14%
c
c  seconds      switched     rate         size/glue  tier1     binary           remaining
c          MB     reductions    conflicts       size   tier2       irredundant
c             level    restarts      redundant     glue    trail           variables
c
c i 13.22 119 23988 7 22 1056 153 80328 7997 1.1 59 53 2 65 48% 28642 147934 69353 14%
c i 13.22 119 23987 7 22 1056 153 80330 7997 1.1 59 53 2 65 48% 28643 147934 69352 14%
c i 13.22 119 23986 7 22 1056 153 80332 7997 1.1 59 53 2 65 48% 28644 147934 69351 14%
c i 13.22 119 23985 7 22 1056 153 80334 7997 1.1 59 53 2 65 48% 28645 147934 69350 14%
c i 13.22 119 23984 7 22 1056 153 80336 7997 1.1 59 53 2 65 48% 28646 147934 69349 14%
c i 13.22 119 23983 7 22 1056 153 80338 7997 1.1 59 53 2 65 48% 28647 147934 69348 14%
c i 13.22 119 23982 7 22 1056 153 80340 7997 1.1 59 53 2 65 48% 28648 147934 69347 14%
c i 13.22 119 23981 7 22 1056 153 80342 7997 1.1 59 53 2 65 48% 28649 147934 69346 14%
c i 13.22 119 23981 7 22 1056 153 80344 7997 1.1 59 53 2 65 48% 28650 147934 69345 14%
c i 13.22 119 23980 7 22 1056 153 80346 7997 1.1 59 53 2 65 48% 28651 147934 69344 14%
c i 13.22 119 23978 7 22 1056 153 80348 7997 1.1 59 53 2 65 48% 28652 147934 69343 14%
c i 13.22 119 23977 7 22 1056 153 80350 7997 1.1 59 53 2 65 48% 28653 147934 69342 14%
c i 13.22 119 23977 7 22 1056 154 80352 7997 1.1 59 53 2 65 48% 28654 147934 69341 14%
c i 13.22 119 23976 7 22 1056 154 80354 7997 1.1 59 52 2 65 48% 28655 147934 69340 14%
c i 13.22 119 23975 7 22 1056 154 80356 7997 1.1 59 52 2 65 48% 28656 147934 69339 14%
c i 13.22 119 23974 7 22 1056 154 80358 7997 1.1 59 52 2 65 48% 28657 147934 69338 14%
c i 13.22 119 23973 7 22 1056 154 80360 7997 1.1 59 52 2 65 48% 28658 147934 69337 14%
c i 13.22 119 23972 7 22 1056 154 80362 7997 1.1 59 52 2 65 48% 28659 147934 69336 14%
c i 13.22 119 23971 7 22 1056 154 80364 7997 1.1 59 52 2 65 48% 28660 147934 69335 14%
c i 13.22 119 23970 7 22 1056 154 80366 7997 1.1 59 52 2 65 48% 28661 147934 69334 14%
c
c  seconds      switched     rate         size/glue  tier1     binary           remaining
c          MB     reductions    conflicts       size   tier2       irredundant
c             level    restarts      redundant     glue    trail           variables
c
c i 13.22 119 23969 7 22 1056 154 80368 7997 1.1 59 52 2 65 48% 28662 147934 69333 14%
c i 13.22 119 23968 7 22 1056 154 80370 7997 1.1 59 52 2 65 48% 28663 147934 69332 14%
c i 13.22 119 23967 7 22 1056 154 80372 7997 1.1 59 52 2 65 48% 28664 147934 69331 14%
c i 13.22 119 23966 7 22 1056 154 80374 7997 1.1 59 52 2 65 48% 28665 147934 69330 14%
c i 13.22 119 23965 7 22 1056 154 80376 7997 1.1 59 52 2 65 48% 28666 147934 69329 14%
c i 13.23 119 23965 7 22 1056 154 80378 7997 1.1 59 52 2 65 48% 28667 147934 69328 14%
c i 13.23 119 23964 7 22 1056 154 80380 7997 1.1 59 52 2 65 48% 28668 147934 69327 14%
c i 13.23 119 23963 7 22 1056 154 80382 7997 1.1 59 52 2 65 48% 28669 147934 69326 14%
c i 13.23 119 23962 7 22 1056 154 80384 7997 1.1 59 52 2 65 48% 28670 147934 69325 14%
c i 13.23 119 23961 7 22 1056 154 80386 7997 1.1 59 52 2 65 48% 28671 147934 69324 14%
c i 13.23 119 23960 7 22 1056 154 80388 7997 1.1 59 52 2 65 48% 28672 147934 69323 14%
c i 13.23 119 23958 7 22 1056 154 80390 7997 1.1 59 52 2 65 48% 28673 147934 69322 14%
c i 13.23 119 23957 7 22 1056 154 80392 7997 1.1 59 52 2 65 48% 28674 147934 69321 14%
c i 13.23 119 23956 7 22 1056 154 80394 7997 1.1 59 52 2 65 48% 28675 147934 69320 14%
c i 13.23 119 23955 7 22 1056 154 80396 7997 1.1 59 52 2 65 48% 28676 147934 69319 14%
c i 13.23 119 23954 7 22 1056 154 80398 7997 1.1 59 52 2 65 48% 28677 147934 69318 14%
c i 13.23 119 23953 7 22 1056 154 80400 7997 1.1 59 52 2 65 48% 28678 147934 69317 14%
c i 13.23 119 23952 7 22 1056 154 80402 7997 1.1 59 52 2 65 48% 28679 147934 69316 14%
c i 13.23 119 23951 7 22 1056 154 80404 7997 1.1 59 52 2 65 48% 28680 147934 69315 14%
c i 13.23 119 23950 7 22 1056 154 80406 7997 1.1 59 52 2 65 48% 28681 147934 69314 14%
c
c  seconds      switched     rate         size/glue  tier1     binary           remaining
c          MB     reductions    conflicts       size   tier2       irredundant
c             level    restarts      redundant     glue    trail           variables
c
c i 13.23 119 23949 7 22 1056 154 80408 7997 1.1 59 52 2 65 48% 28682 147934 69313 14%
c i 13.23 119 23948 7 22 1056 154 80410 7997 1.1 59 52 2 65 48% 28683 147934 69312 14%
c i 13.23 119 23947 7 22 1056 154 80412 7997 1.1 59 52 2 65 48% 28684 147934 69311 14%
c i 13.23 119 23947 7 22 1056 154 80414 7997 1.1 59 52 2 65 48% 28685 147934 69310 14%
c i 13.23 119 23946 7 22 1056 154 80416 7997 1.1 59 52 2 65 48% 28686 147934 69309 14%
c i 13.23 119 23945 7 22 1056 154 80418 7997 1.1 59 52 2 65 48% 28687 147934 69308 14%
c i 13.23 119 23944 7 22 1056 154 80420 7997 1.1 59 52 2 65 48% 28688 147934 69307 14%
c i 13.23 119 23943 7 22 1056 154 80422 7997 1.1 59 52 2 65 48% 28689 147934 69306 14%
c i 13.23 119 23942 7 22 1056 154 80424 7997 1.1 59 52 2 65 48% 28690 147934 69305 14%
c i 13.23 119 23941 7 22 1056 154 80426 7997 1.1 59 52 2 65 48% 28691 147934 69304 14%
c i 13.23 119 23940 7 22 1056 154 80428 7997 1.1 59 52 2 65 48% 28692 147934 69303 14%
c i 13.23 119 23939 7 22 1056 154 80430 7997 1.1 59 52 2 65 48% 28693 147934 69302 14%
c i 13.23 119 23938 7 22 1056 154 80432 7997 1.1 59 52 2 65 48% 28694 147934 69301 14%
c i 13.23 119 23937 7 22 1056 154 80434 7997 1.1 59 52 2 65 48% 28695 147934 69300 14%
c i 13.23 119 23936 7 22 1056 154 80436 7997 1.1 59 52 2 65 48% 28696 147934 69299 14%
c i 13.23 119 23935 7 22 1056 154 80438 7997 1.1 59 52 2 65 48% 28697 147934 69298 14%
c i 13.23 119 23934 7 22 1056 154 80440 7997 1.1 59 52 2 65 48% 28698 147934 69297 14%
c i 13.23 119 23933 7 22 1056 154 80442 7997 1.1 59 52 2 65 48% 28699 147934 69296 14%
c i 13.23 119 23932 7 22 1056 154 80444 7997 1.1 59 52 2 65 48% 28700 147934 69295 14%
c i 13.23 119 23931 7 22 1056 154 80446 7997 1.1 59 52 2 65 48% 28701 147934 69294 14%
c
c  seconds      switched     rate         size/glue  tier1     binary           remaining
c          MB     reductions    conflicts       size   tier2       irredundant
c             level    restarts      redundant     glue    trail           variables
c
c i 13.23 119 23929 7 22 1056 154 80448 7997 1.1 59 52 2 65 48% 28702 147934 69293 14%
c i 13.23 119 23928 7 22 1056 154 80450 7997 1.1 59 52 2 65 48% 28703 147934 69292 14%
c i 13.23 119 23927 7 22 1056 154 80452 7997 1.1 59 52 2 65 48% 28704 147934 69291 14%
c i 13.23 119 23926 7 22 1056 154 80454 7997 1.1 59 52 2 65 48% 28705 147934 69290 14%
c i 13.23 119 23925 7 22 1056 154 80456 7997 1.1 59 52 2 65 48% 28706 147934 69289 14%
c i 13.23 119 23924 7 22 1056 154 80458 7997 1.1 59 52 2 65 48% 28707 147934 69288 14%
c i 13.23 119 23923 7 22 1056 154 80460 7997 1.1 59 52 2 65 48% 28708 147934 69287 14%
c i 13.23 119 23922 7 22 1056 154 80462 7997 1.1 59 52 2 65 48% 28709 147934 69286 14%
c i 13.23 119 23921 7 22 1056 154 80464 7997 1.1 59 52 2 65 48% 28710 147934 69285 14%
c i 13.23 119 23920 7 22 1056 154 80466 7997 1.1 59 52 2 65 48% 28711 147934 69284 14%
c i 13.23 119 23919 7 22 1056 154 80468 7997 1.1 59 52 2 65 48% 28712 147934 69283 14%
c i 13.23 119 23918 7 22 1056 154 80470 7997 1.1 59 52 2 65 48% 28713 147934 69282 14%
c i 13.23 119 23917 7 22 1056 154 80472 7997 1.1 59 52 2 65 48% 28714 147934 69281 14%
c i 13.23 119 23916 7 22 1056 154 80474 7997 1.1 59 52 2 65 48% 28715 147934 69280 14%
c i 13.23 119 23915 7 22 1056 154 80476 7997 1.1 59 52 2 65 48% 28716 147934 69279 14%
c i 13.23 119 23914 7 22 1056 154 80478 7997 1.1 59 52 2 65 48% 28717 147934 69278 14%
c i 13.23 119 23913 7 22 1056 154 80480 7997 1.1 59 52 2 65 48% 28718 147934 69277 14%
c i 13.23 119 23912 7 22 1056 154 80482 7997 1.1 59 52 2 65 48% 28719 147934 69276 14%
c i 13.23 119 23911 7 22 1056 154 80484 7997 1.1 59 52 2 65 48% 28720 147934 69275 14%
c i 13.23 119 23910 7 22 1056 154 80487 7996 1.1 59 52 2 65 48% 28721 147933 69274 14%
c
c  seconds      switched     rate         size/glue  tier1     binary           remaining
c          MB     reductions    conflicts       size   tier2       irredundant
c             level    restarts      redundant     glue    trail           variables
c
c i 13.23 119 23910 7 22 1056 154 80490 7995 1.1 59 52 2 65 48% 28722 147932 69273 14%
c i 13.23 119 23909 7 22 1056 154 80492 7995 1.1 59 52 2 65 48% 28723 147932 69272 14%
c i 13.23 119 23906 7 22 1056 154 80498 7995 1.1 59 52 2 65 48% 28724 147932 69271 14%
c i 13.23 119 23904 7 22 1056 154 80503 7995 1.1 59 52 2 65 48% 28726 147932 69270 14%
c i 13.23 119 23903 7 22 1056 154 80505 7995 1.1 59 52 2 65 48% 28727 147932 69269 14%
c i 13.23 119 23896 7 22 1056 154 80521 7997 1.1 59 52 2 65 48% 28730 147932 69267 14%
c i 13.24 119 23893 7 22 1056 155 80531 8000 1.1 59 52 2 65 48% 28733 147932 69266 14%
c i 13.24 119 23889 7 22 1056 155 80540 8006 1.1 59 52 2 65 48% 28734 147932 69265 14%
c i 13.24 119 23888 7 22 1056 155 80542 8006 1.1 59 52 2 65 48% 28735 147932 69264 14%
c i 13.24 119 23887 7 22 1056 155 80544 8006 1.1 59 52 2 65 48% 28736 147932 69263 14%
c i 13.24 119 23886 7 22 1056 155 80546 8006 1.1 59 52 2 65 48% 28737 147932 69262 14%
c i 13.24 119 23885 7 22 1056 155 80548 8006 1.1 59 52 2 65 48% 28738 147932 69261 14%
c i 13.24 119 23884 7 22 1056 155 80550 8006 1.1 59 52 2 65 48% 28739 147932 69260 14%
c i 13.24 119 23884 7 22 1056 155 80552 8006 1.1 59 52 2 65 48% 28740 147932 69259 14%
c i 13.24 119 23883 7 22 1056 155 80554 8006 1.1 59 52 2 65 48% 28741 147932 69258 14%
c i 13.24 119 23882 7 22 1056 155 80556 8006 1.1 59 52 2 65 48% 28742 147932 69257 14%
c i 13.24 119 23882 7 22 1056 156 80558 8006 1.1 59 52 2 65 48% 28743 147932 69256 14%
c i 13.24 119 23881 7 22 1056 156 80560 8006 1.1 59 52 2 65 48% 28744 147932 69255 14%
c i 13.25 119 23881 7 22 1056 156 80562 8006 1.1 59 52 2 65 48% 28745 147932 69254 14%
c i 13.25 119 23880 7 22 1056 156 80564 8006 1.1 59 52 2 65 48% 28746 147932 69253 14%
c
c  seconds      switched     rate         size/glue  tier1     binary           remaining
c          MB     reductions    conflicts       size   tier2       irredundant
c             level    restarts      redundant     glue    trail           variables
c
c i 13.25 119 23879 7 22 1056 156 80566 8006 1.1 59 52 2 65 48% 28747 147932 69252 14%
c i 13.25 119 23878 7 22 1056 156 80568 8006 1.1 59 52 2 65 48% 28748 147932 69251 14%
c i 13.25 119 23877 7 22 1056 156 80570 8006 1.1 59 52 2 65 48% 28749 147932 69250 14%
c i 13.25 119 23876 7 22 1056 156 80572 8006 1.1 59 52 2 65 48% 28750 147932 69249 14%
c i 13.25 119 23875 7 22 1056 156 80574 8006 1.1 59 52 2 65 48% 28751 147932 69248 14%
c i 13.25 119 23874 7 22 1056 156 80576 8006 1.1 59 52 2 65 48% 28752 147932 69247 14%
c i 13.25 119 23874 7 22 1056 157 80578 8006 1.1 59 52 2 65 48% 28753 147932 69246 14%
c i 13.25 119 23873 7 22 1056 157 80580 8006 1.1 59 52 2 65 48% 28754 147932 69245 14%
c i 13.25 119 23873 7 22 1056 157 80582 8006 1.1 59 52 2 65 48% 28755 147932 69244 14%
c i 13.25 119 23872 7 22 1056 157 80584 8006 1.1 59 52 2 65 48% 28756 147932 69243 14%
c i 13.26 119 23872 7 22 1056 157 80586 8006 1.1 59 52 2 65 48% 28757 147932 69242 14%
c i 13.26 119 23871 7 22 1056 158 80588 8006 1.1 59 52 2 65 48% 28758 147932 69241 14%
c i 13.26 119 23870 7 22 1056 158 80590 8006 1.1 59 52 2 65 48% 28759 147932 69240 14%
c i 13.26 119 23869 7 22 1056 158 80592 8006 1.1 59 52 2 65 48% 28760 147932 69239 14%
c i 13.26 119 23869 7 22 1056 158 80594 8006 1.1 59 52 2 65 48% 28761 147932 69238 14%
c i 13.26 119 23868 7 22 1056 158 80596 8006 1.1 59 52 2 65 48% 28762 147932 69237 14%
c i 13.26 119 23867 7 22 1056 158 80598 8006 1.1 58 52 2 65 48% 28763 147932 69236 14%
c i 13.26 119 23866 7 22 1056 158 80601 8007 1.1 58 52 2 65 48% 28764 147932 69235 14%
c - 13.27 119 23708 7 23 1056 157 80933 7234 1.1 58 52 2 65 47% 28503 147932 69235 14%
c i 13.27 119 23708 7 23 1056 157 80935 7234 1.1 58 52 2 65 47% 28504 147932 69234 14%
c
c  seconds      switched     rate         size/glue  tier1     binary           remaining
c          MB     reductions    conflicts       size   tier2       irredundant
c             level    restarts      redundant     glue    trail           variables
c
c i 13.27 119 23708 7 23 1056 158 80937 7234 1.1 58 52 2 65 47% 28505 147932 69233 14%
c i 13.28 119 23708 7 23 1056 158 80939 7234 1.1 58 52 2 65 47% 28506 147932 69232 14%
c i 13.28 119 23707 7 23 1056 159 80941 7234 1.1 58 52 2 65 47% 28507 147932 69231 14%
c i 13.28 119 23707 7 23 1056 159 80943 7234 1.1 58 52 2 65 47% 28508 147932 69230 14%
c i 13.29 119 23707 7 23 1056 159 80945 7234 1.1 58 52 2 65 47% 28509 147932 69229 14%
c i 13.29 119 23707 7 23 1056 160 80947 7234 1.1 58 52 2 65 47% 28510 147932 69228 14%
c i 13.29 119 23706 7 23 1056 160 80949 7234 1.1 58 52 2 65 47% 28511 147932 69227 14%
c i 13.29 119 23706 7 23 1056 161 80951 7234 1.1 58 52 2 65 47% 28512 147932 69226 14%
c i 13.30 119 23706 7 23 1056 161 80953 7234 1.1 58 52 2 65 47% 28513 147932 69225 14%
c i 13.30 119 23706 7 23 1056 161 80955 7234 1.1 58 52 2 65 47% 28514 147932 69224 14%
c i 13.30 119 23705 7 23 1056 162 80957 7234 1.1 58 52 2 65 47% 28515 147932 69223 14%
c i 13.30 119 23704 7 23 1056 162 80959 7234 1.1 58 52 2 65 47% 28516 147932 69222 14%
c i 13.31 119 23704 7 23 1056 162 80961 7234 1.1 58 52 2 65 47% 28517 147932 69221 14%
c i 13.31 119 23703 7 23 1056 162 80963 7234 1.1 58 52 2 65 47% 28518 147932 69220 14%
c i 13.31 119 23702 7 23 1056 162 80965 7234 1.1 58 52 2 65 47% 28519 147932 69219 14%
c i 13.31 119 23702 7 23 1056 162 80968 7234 1.1 58 52 2 65 47% 28520 147932 69218 14%
c i 13.31 119 23700 7 23 1056 162 80972 7234 1.1 58 52 2 65 47% 28522 147932 69217 14%
c i 13.31 119 23698 7 23 1056 162 80975 7234 1.1 58 52 2 65 47% 28524 147932 69216 14%
c i 13.31 119 23697 7 23 1056 162 80977 7234 1.1 58 52 2 65 47% 28525 147932 69215 14%
c i 13.31 119 23696 7 23 1056 162 80979 7234 1.1 58 52 2 65 47% 28526 147932 69214 14%
c
c  seconds      switched     rate         size/glue  tier1     binary           remaining
c          MB     reductions    conflicts       size   tier2       irredundant
c             level    restarts      redundant     glue    trail           variables
c
c i 13.31 119 23696 7 23 1056 163 80981 7234 1.1 58 52 2 65 47% 28527 147932 69213 14%
c i 13.31 119 23695 7 23 1056 163 80983 7234 1.1 58 52 2 65 47% 28528 147932 69212 14%
c i 13.31 119 23694 7 23 1056 163 80985 7234 1.1 58 52 2 65 47% 28529 147932 69211 14%
c i 13.31 119 23693 7 23 1056 163 80987 7234 1.1 58 52 2 65 47% 28530 147932 69210 14%
c i 13.31 119 23692 7 23 1056 163 80989 7234 1.1 58 52 2 65 47% 28531 147932 69209 14%
c i 13.31 119 23691 7 23 1056 163 80991 7234 1.1 58 52 2 65 47% 28532 147932 69208 14%
c i 13.31 119 23690 7 23 1056 163 80993 7234 1.1 58 52 2 65 47% 28533 147932 69207 14%
c i 13.31 119 23689 7 23 1056 163 80995 7234 1.1 58 52 2 65 47% 28534 147932 69206 14%
c i 13.31 119 23688 7 23 1056 163 80997 7234 1.1 58 52 2 65 47% 28535 147932 69205 14%
c i 13.31 119 23687 7 23 1056 163 80999 7234 1.1 58 52 2 65 47% 28536 147932 69204 14%
c i 13.31 119 23686 7 23 1056 163 81001 7234 1.1 58 52 2 65 47% 28537 147932 69203 14%
c i 13.31 119 23685 7 23 1056 163 81003 7234 1.1 58 52 2 65 47% 28538 147932 69202 14%
c i 13.31 119 23684 7 23 1056 163 81005 7234 1.1 58 52 2 65 47% 28539 147932 69201 14%
c i 13.32 119 23684 7 23 1056 164 81007 7234 1.1 58 52 2 65 47% 28540 147932 69200 14%
c i 13.32 119 23683 7 23 1056 164 81009 7234 1.1 58 52 2 65 47% 28541 147932 69199 14%
c i 13.32 119 23682 7 23 1056 164 81012 7235 1.1 58 52 2 65 47% 28542 147932 69198 14%
c i 13.32 119 23679 7 23 1056 164 81017 7235 1.1 58 52 2 65 47% 28544 147932 69197 14%
c i 13.32 119 23678 7 23 1056 163 81019 7235 1.1 58 52 2 65 47% 28545 147932 69196 14%
c i 13.32 119 23677 7 23 1056 163 81021 7235 1.1 58 52 2 65 47% 28546 147932 69195 14%
c i 13.32 119 23676 7 23 1056 163 81023 7235 1.1 58 52 2 65 47% 28547 147932 69194 14%
c
c  seconds      switched     rate         size/glue  tier1     binary           remaining
c          MB     reductions    conflicts       size   tier2       irredundant
c             level    restarts      redundant     glue    trail           variables
c
c i 13.32 119 23676 7 23 1056 164 81025 7235 1.1 58 52 2 65 47% 28548 147932 69193 14%
c i 13.32 119 23675 7 23 1056 164 81027 7235 1.1 58 52 2 65 47% 28549 147932 69192 14%
c i 13.32 119 23674 7 23 1056 164 81029 7235 1.1 58 52 2 65 47% 28550 147932 69191 14%
c i 13.32 119 23673 7 23 1056 164 81031 7235 1.1 58 52 2 65 47% 28551 147932 69190 14%
c i 13.32 119 23672 7 23 1056 164 81033 7235 1.1 58 52 2 65 47% 28552 147932 69189 14%
c i 13.32 119 23671 7 23 1056 164 81035 7235 1.1 58 52 2 65 47% 28553 147932 69188 14%
c i 13.32 119 23670 7 23 1056 164 81037 7235 1.1 58 52 2 65 47% 28554 147932 69187 14%
c i 13.32 119 23669 7 23 1056 164 81039 7235 1.1 58 52 2 65 47% 28555 147932 69186 14%
c i 13.32 119 23668 7 23 1056 164 81041 7235 1.1 58 52 2 65 47% 28556 147932 69185 14%
c i 13.32 119 23667 7 23 1056 164 81043 7235 1.1 58 52 2 65 47% 28557 147932 69184 14%
c i 13.32 119 23666 7 23 1056 164 81045 7235 1.1 58 52 2 65 47% 28558 147932 69183 14%
c i 13.32 119 23665 7 23 1056 164 81047 7235 1.1 58 52 2 65 47% 28559 147932 69182 14%
c i 13.32 119 23664 7 23 1056 164 81049 7235 1.1 58 52 2 65 47% 28560 147932 69181 14%
c i 13.32 119 23663 7 23 1056 164 81051 7235 1.1 58 52 2 65 47% 28561 147932 69180 14%
c i 13.32 119 23662 7 23 1056 164 81053 7235 1.1 58 52 2 65 47% 28562 147932 69179 14%
c i 13.32 119 23661 7 23 1056 164 81055 7235 1.1 58 52 2 65 47% 28563 147932 69178 14%
c i 13.32 119 23660 7 23 1056 164 81057 7235 1.1 58 52 2 65 47% 28564 147932 69177 14%
c i 13.32 119 23659 7 23 1056 164 81059 7235 1.1 58 52 2 65 47% 28565 147932 69176 14%
c i 13.32 119 23658 7 23 1056 164 81061 7235 1.1 58 52 2 65 47% 28566 147932 69175 14%
c i 13.32 119 23657 7 23 1056 164 81063 7235 1.1 58 52 2 65 47% 28567 147932 69174 14%
c
c  seconds      switched     rate         size/glue  tier1     binary           remaining
c          MB     reductions    conflicts       size   tier2       irredundant
c             level    restarts      redundant     glue    trail           variables
c
c i 13.32 119 23656 7 23 1056 164 81065 7235 1.1 58 52 2 65 47% 28568 147932 69173 14%
c i 13.32 119 23655 7 23 1056 164 81067 7235 1.1 58 52 2 65 47% 28569 147932 69172 14%
c i 13.32 119 23654 7 23 1056 164 81069 7235 1.1 58 52 2 65 47% 28570 147932 69171 14%
c i 13.32 119 23652 7 23 1056 164 81071 7235 1.1 58 52 2 65 47% 28571 147932 69170 14%
c i 13.32 119 23651 7 23 1056 164 81073 7235 1.1 58 52 2 65 47% 28572 147932 69169 14%
c i 13.32 119 23650 7 23 1056 164 81075 7235 1.1 58 52 2 65 47% 28573 147932 69168 14%
c i 13.32 119 23649 7 23 1056 164 81077 7235 1.1 58 52 2 65 47% 28574 147932 69167 14%
c i 13.32 119 23648 7 23 1056 164 81079 7235 1.1 58 52 2 65 47% 28575 147932 69166 14%
c i 13.32 119 23647 7 23 1056 164 81081 7235 1.1 58 52 2 65 47% 28576 147932 69165 14%
c i 13.32 119 23646 7 23 1056 164 81083 7235 1.1 58 52 2 65 47% 28577 147932 69164 14%
c i 13.32 119 23645 7 23 1056 164 81085 7235 1.1 58 52 2 65 47% 28578 147932 69163 14%
c i 13.32 119 23644 7 23 1056 164 81087 7235 1.1 58 52 2 65 47% 28579 147932 69162 14%
c i 13.32 119 23643 7 23 1056 164 81089 7235 1.1 58 52 2 65 47% 28580 147932 69161 14%
c i 13.32 119 23642 7 23 1056 164 81091 7235 1.1 58 52 2 65 47% 28581 147932 69160 14%
c i 13.32 119 23641 7 23 1056 164 81093 7235 1.1 58 52 2 65 47% 28582 147932 69159 14%
c i 13.32 119 23640 7 23 1056 164 81095 7235 1.1 58 52 2 65 47% 28583 147932 69158 14%
c i 13.32 119 23639 7 23 1056 164 81097 7235 1.1 58 52 2 65 47% 28584 147932 69157 14%
c i 13.32 119 23638 7 23 1056 164 81099 7235 1.1 58 52 2 65 47% 28585 147932 69156 14%
c i 13.32 119 23637 7 23 1056 164 81101 7235 1.1 58 52 2 65 47% 28586 147932 69155 14%
c i 13.32 119 23636 7 23 1056 164 81103 7235 1.1 58 52 2 65 47% 28587 147932 69154 14%
c
c  seconds      switched     rate         size/glue  tier1     binary           remaining
c          MB     reductions    conflicts       size   tier2       irredundant
c             level    restarts      redundant     glue    trail           variables
c
c i 13.32 119 23635 7 23 1056 164 81105 7235 1.1 58 52 2 65 47% 28588 147932 69153 14%
c i 13.32 119 23634 7 23 1056 164 81107 7235 1.1 58 52 2 65 47% 28589 147932 69152 14%
c i 13.32 119 23633 7 23 1056 164 81109 7235 1.1 58 52 2 65 47% 28590 147932 69151 14%
c i 13.32 119 23632 7 23 1056 164 81111 7235 1.1 58 52 2 65 47% 28591 147932 69150 14%
c i 13.32 119 23630 7 23 1056 164 81114 7235 1.1 58 52 2 65 47% 28593 147932 69149 14%
c i 13.32 119 23629 7 23 1056 164 81118 7235 1.1 58 52 2 65 47% 28594 147932 69148 14%
c i 13.32 119 23623 7 23 1056 163 81133 7236 1.1 58 52 2 65 47% 28600 147932 69147 14%
c i 13.32 119 23621 7 23 1056 163 81139 7235 1.1 58 52 2 65 47% 28602 147931 69145 14%
c i 13.34 119 23488 7 23 1057 165 81420 7412 1.1 58 51 2 65 47% 28627 147931 69144 14%
c i 13.34 119 23485 7 23 1057 165 81430 7414 1.1 58 51 2 65 47% 28628 147931 69143 14%
c i 13.35 119 23466 7 23 1057 165 81464 7437 1.1 58 51 2 65 47% 28631 147931 69142 14%
c i 13.35 119 23463 7 23 1057 165 81468 7438 1.1 58 51 2 65 47% 28632 147931 69141 14%
c i 13.44 119 22485 7 23 1058 167 83664 8796 1.1 56 49 2 65 45% 28772 147931 69140 14%
c i 13.44 119 22485 7 23 1058 168 83666 8796 1.1 56 49 2 65 45% 28773 147931 69139 14%
c i 13.44 119 22484 7 23 1058 168 83668 8796 1.1 56 49 2 65 45% 28774 147931 69138 14%
c i 13.45 119 22484 7 23 1058 169 83670 8796 1.1 56 49 2 65 45% 28775 147931 69137 14%
c i 13.45 119 22483 7 23 1058 169 83672 8796 1.1 56 49 2 65 45% 28776 147931 69136 14%
c i 13.45 119 22483 7 23 1058 169 83674 8796 1.1 56 49 2 65 45% 28777 147931 69135 14%
c i 13.45 119 22483 7 23 1058 169 83676 8796 1.1 56 49 2 65 45% 28778 147931 69134 14%
c i 13.45 119 22482 7 23 1058 169 83678 8796 1.1 56 49 2 65 45% 28779 147931 69133 14%
c
c  seconds      switched     rate         size/glue  tier1     binary           remaining
c          MB     reductions    conflicts       size   tier2       irredundant
c             level    restarts      redundant     glue    trail           variables
c
c i 13.45 119 22482 7 23 1058 170 83680 8796 1.1 56 49 2 65 45% 28780 147931 69132 14%
c i 13.46 119 22482 7 23 1058 170 83682 8796 1.1 56 49 2 65 45% 28781 147931 69131 14%
c i 13.46 119 22482 7 23 1058 171 83684 8796 1.1 56 49 2 65 45% 28782 147931 69130 14%
c i 13.46 119 22481 7 23 1058 171 83687 8796 1.1 56 49 2 65 45% 28784 147931 69129 14%
c i 13.46 119 22480 7 23 1058 171 83689 8796 1.1 56 49 2 65 45% 28785 147931 69128 14%
c i 13.47 119 22480 7 23 1058 171 83691 8796 1.1 56 49 2 65 45% 28786 147931 69127 14%
c i 13.47 119 22480 7 23 1058 172 83693 8796 1.1 56 49 2 65 45% 28787 147931 69126 14%
c i 13.47 119 22479 7 23 1058 172 83695 8796 1.1 56 49 2 65 45% 28788 147931 69125 14%
c i 13.47 119 22478 7 23 1058 172 83697 8796 1.1 56 49 2 65 45% 28789 147931 69124 14%
c i 13.47 119 22478 7 23 1058 172 83699 8796 1.1 56 49 2 65 45% 28790 147931 69123 14%
c i 13.47 119 22477 7 23 1058 172 83701 8796 1.1 56 49 2 65 45% 28791 147931 69122 14%
c i 13.47 119 22477 7 23 1058 172 83703 8796 1.1 56 49 2 65 45% 28792 147931 69121 14%
c i 13.47 119 22476 7 23 1058 172 83705 8796 1.1 56 49 2 65 45% 28793 147931 69120 14%
c i 13.47 119 22475 7 23 1058 172 83707 8796 1.1 56 49 2 65 45% 28794 147931 69119 14%
c i 13.47 119 22474 7 23 1058 172 83709 8796 1.1 56 49 2 65 45% 28795 147931 69118 14%
c i 13.48 119 22474 7 23 1058 173 83711 8796 1.1 56 49 2 65 45% 28796 147931 69117 14%
c i 13.48 119 22473 7 23 1058 173 83713 8796 1.1 56 49 2 65 45% 28797 147931 69116 14%
c i 13.48 119 22472 7 23 1058 173 83715 8796 1.1 56 49 2 65 45% 28798 147931 69115 14%
c i 13.48 119 22471 7 23 1058 173 83717 8796 1.1 56 49 2 65 45% 28799 147931 69114 14%
c i 13.48 119 22471 7 23 1058 173 83719 8796 1.1 56 49 2 65 45% 28800 147931 69113 14%
c
c  seconds      switched     rate         size/glue  tier1     binary           remaining
c          MB     reductions    conflicts       size   tier2       irredundant
c             level    restarts      redundant     glue    trail           variables
c
c i 13.48 119 22471 7 23 1058 174 83721 8796 1.1 56 49 2 65 45% 28801 147931 69112 14%
c i 13.49 119 22471 7 23 1058 174 83723 8796 1.1 56 49 2 65 45% 28802 147931 69111 14%
c i 13.49 119 22470 7 23 1058 174 83725 8796 1.1 56 49 2 65 45% 28803 147931 69110 14%
c i 13.49 119 22469 7 23 1058 174 83727 8796 1.1 56 49 2 65 45% 28804 147931 69109 14%
c i 13.49 119 22469 7 23 1058 175 83729 8796 1.1 56 49 2 65 45% 28805 147931 69108 14%
c i 13.50 119 22469 7 23 1058 175 83731 8796 1.1 56 49 2 65 45% 28806 147931 69107 14%
c i 13.50 119 22468 7 23 1058 175 83733 8796 1.1 56 49 2 65 45% 28807 147931 69106 14%
c i 13.50 119 22467 7 23 1058 175 83735 8796 1.1 56 49 2 65 45% 28808 147931 69105 14%
c i 13.50 119 22467 7 23 1058 175 83737 8796 1.1 56 49 2 65 45% 28809 147931 69104 14%
c i 13.50 119 22467 7 23 1058 176 83739 8796 1.1 56 49 2 65 45% 28810 147931 69103 14%
c i 13.50 119 22467 7 23 1058 176 83741 8796 1.1 56 49 2 65 45% 28811 147931 69102 14%
c i 13.50 119 22466 7 23 1058 176 83743 8796 1.1 56 49 2 65 45% 28812 147931 69101 14%
c i 13.51 119 22466 7 23 1058 177 83745 8796 1.1 56 49 2 65 45% 28813 147931 69100 14%
c i 13.51 119 22465 7 23 1058 177 83747 8796 1.1 56 49 2 65 45% 28814 147931 69099 14%
c i 13.51 119 22464 7 23 1058 177 83749 8796 1.1 56 49 2 65 45% 28815 147931 69098 14%
c i 13.51 119 22464 7 23 1058 177 83751 8796 1.1 56 49 2 65 45% 28816 147931 69097 14%
c i 13.51 119 22464 7 23 1058 177 83753 8796 1.1 56 49 2 65 45% 28817 147931 69096 14%
c i 13.51 119 22463 7 23 1058 177 83755 8796 1.1 56 49 2 65 45% 28818 147931 69095 14%
c i 13.51 119 22462 7 23 1058 177 83757 8796 1.1 56 49 2 65 45% 28819 147931 69094 14%
c i 13.51 119 22461 7 23 1058 177 83759 8796 1.1 56 49 2 65 45% 28820 147931 69093 14%
c
c  seconds      switched     rate         size/glue  tier1     binary           remaining
c          MB     reductions    conflicts       size   tier2       irredundant
c             level    restarts      redundant     glue    trail           variables
c
c i 13.51 119 22460 7 23 1058 177 83761 8796 1.1 56 49 2 65 45% 28821 147931 69092 14%
c i 13.51 119 22459 7 23 1058 177 83763 8796 1.1 56 49 2 65 45% 28822 147931 69091 14%
c i 13.51 119 22458 7 23 1058 177 83765 8796 1.1 56 49 2 65 45% 28823 147931 69090 14%
c i 13.51 119 22457 7 23 1058 177 83767 8796 1.1 56 49 2 65 45% 28824 147931 69089 14%
c i 13.51 119 22456 7 23 1058 177 83769 8796 1.1 56 49 2 65 45% 28825 147931 69088 14%
c i 13.51 119 22455 7 23 1058 177 83771 8796 1.1 56 49 2 65 45% 28826 147931 69087 14%
c i 13.51 119 22454 7 23 1058 177 83773 8796 1.1 56 49 2 65 45% 28827 147931 69086 14%
c i 13.51 119 22453 7 23 1058 177 83775 8796 1.1 56 49 2 65 45% 28828 147931 69085 14%
c i 13.51 119 22452 7 23 1058 177 83777 8796 1.1 56 49 2 65 45% 28829 147931 69084 14%
c i 13.51 119 22451 7 23 1058 177 83779 8796 1.1 56 49 2 65 45% 28830 147931 69083 14%
c i 13.52 119 22451 7 23 1058 178 83781 8796 1.1 56 49 2 65 45% 28831 147931 69082 14%
c i 13.52 119 22450 7 23 1058 178 83783 8796 1.1 56 49 2 65 45% 28832 147931 69081 14%
c i 13.52 119 22449 7 23 1058 178 83785 8796 1.1 56 49 2 65 45% 28833 147931 69080 14%
c i 13.52 119 22448 7 23 1058 178 83788 8796 1.1 56 49 2 65 45% 28835 147931 69079 14%
c i 13.52 119 22428 7 23 1058 177 83833 8820 1.1 56 49 2 65 45% 28845 147931 69078 14%
c i 13.52 119 22426 7 23 1058 177 83839 8822 1.1 56 49 2 65 45% 28847 147931 69077 14%
c i 13.52 119 22425 7 23 1058 177 83841 8822 1.1 56 49 2 65 45% 28848 147931 69076 14%
c i 13.52 119 22424 7 23 1058 177 83843 8822 1.1 56 49 2 65 45% 28849 147931 69075 14%
c i 13.52 119 22423 7 23 1058 177 83845 8822 1.1 56 49 2 65 45% 28850 147931 69074 14%
c i 13.52 119 22421 7 23 1058 177 83848 8823 1.1 56 49 2 65 45% 28851 147931 69073 14%
c
c  seconds      switched     rate         size/glue  tier1     binary           remaining
c          MB     reductions    conflicts       size   tier2       irredundant
c             level    restarts      redundant     glue    trail           variables
c
c i 13.52 119 22420 7 23 1058 177 83851 8823 1.1 56 49 2 65 45% 28853 147931 69072 14%
c i 13.52 119 22419 7 23 1058 177 83853 8823 1.1 56 49 2 65 45% 28854 147931 69071 14%
c i 13.52 119 22418 7 23 1058 177 83855 8823 1.1 56 49 2 65 45% 28855 147931 69070 14%
c i 13.52 119 22416 7 23 1058 177 83859 8825 1.1 56 49 2 65 45% 28856 147931 69069 14%
c i 13.52 119 22412 7 23 1058 177 83867 8826 1.1 56 49 2 65 45% 28856 147931 69062 14%
c i 13.52 119 22398 7 23 1058 177 83902 8844 1.1 55 49 2 65 45% 28856 147931 69058 14%
c B 13.52 119 22346 7 23 1058 177 84017 8923 1.1 55 49 2 65 45% 28856 147931 69058 14%
c i 13.53 119 22402 7 23 1058 177 84200 9039 1.1 55 49 2 65 45% 28863 147926 69057 14%
c i 13.53 119 22409 7 23 1058 177 84232 9066 1.1 55 49 2 65 45% 28865 147926 69056 14%
c i 13.54 119 22502 7 23 1059 175 84823 9521 1.1 55 48 2 65 45% 28876 147925 69055 14%
c i 13.55 119 22502 7 23 1059 176 84834 9527 1.1 55 48 2 65 45% 28879 147925 69054 14%
c i 13.55 119 22493 7 23 1059 175 84975 9624 1.1 55 48 2 65 45% 28901 147925 69052 14%
c i 13.55 119 22488 7 23 1059 175 85030 9652 1.1 55 48 2 65 45% 28911 147925 69051 14%
c i 13.55 119 22487 7 23 1059 175 85033 9653 1.1 55 48 2 65 45% 28912 147925 69050 14%
c i 13.55 119 22475 7 23 1059 174 85147 9677 1.1 55 48 2 65 45% 28954 147925 69049 14%
c d 13.56 119 22475 7 23 1059 174 85147 9652 1.1 55 48 2 65 45% 28892 146466 68957 14%
c b 13.57 119 22475 7 23 1059 174 85147 9652 1.1 55 48 2 65 45% 28892 146466 68391 14%
c u 13.58 119 22475 7 23 1059 174 85147 9244 1.1 55 48 2 65 45% 28981 146466 68371 14%
c v 13.59 119 22475 7 23 1059 174 85147 8274 1.1 55 48 2 65 45% 29281 146466 68331 14%
c w 13.60 119 22475 7 23 1059 174 85147 8037 1.1 55 48 2 65 45% 29282 146466 68331 14%
c
c  seconds      switched     rate         size/glue  tier1     binary           remaining
c          MB     reductions    conflicts       size   tier2       irredundant
c             level    restarts      redundant     glue    trail           variables
c
c x 13.62 119 22475 7 23 1059 174 85147 8035 1.1 55 48 2 65 45% 29293 146004 68330 14%
c d 13.63 119 22475 7 23 1059 174 85147 7850 1.1 55 48 2 65 45% 29298 145926 68320 14%
c t 13.64 119 22475 7 23 1059 174 85147 7850 1.1 55 48 2 65 45% 29270 145926 68320 14%
c b 13.64 119 22475 7 23 1059 174 85147 7850 1.1 55 48 2 65 45% 29270 145926 68280 14%
c f 13.66 119 22475 7 23 1059 174 85147 7850 1.1 55 48 2 65 45% 29179 145919 68292 14%
c b 13.68 119 22475 7 23 1059 174 85147 7736 1.1 55 48 2 65 45% 29179 145839 68289 14%
c u 13.69 119 22475 7 23 1059 174 85147 7108 1.1 55 48 2 65 45% 29371 145839 68264 14%
c v 13.70 119 22475 7 23 1059 174 85147 6719 1.1 55 48 2 65 45% 29546 145839 68245 13%
c w 13.72 119 22475 7 23 1059 174 85147 6060 1.1 55 48 2 65 45% 29580 145839 68242 13%
c x 13.73 119 22475 7 23 1059 174 85147 6057 1.1 55 48 2 65 45% 29585 145464 68242 13%
c d 13.74 119 22475 7 23 1059 174 85147 6024 1.1 55 48 2 65 45% 29584 145420 68233 13%
c t 13.75 119 22475 7 23 1059 174 85147 6024 1.1 55 48 2 65 45% 29579 145420 68232 13%
c b 13.75 119 22475 7 23 1059 174 85147 6024 1.1 55 48 2 65 45% 29579 145420 68196 13%
c f 13.78 119 22475 7 23 1059 174 85147 6024 1.1 55 48 2 65 45% 29579 145404 68199 13%
c i 13.78 119 22475 7 23 1059 174 85147 6024 1.1 55 48 2 65 45% 29579 145404 68199 13%
c i 13.78 119 22474 7 23 1059 174 85151 6024 1.1 55 48 2 65 45% 29579 145404 68198 13%
c i 13.78 119 22472 7 23 1059 174 85156 6024 1.1 55 48 2 65 45% 29581 145404 68196 13%
c i 13.78 119 22466 7 23 1059 174 85167 6025 1.1 55 48 2 65 45% 29584 145404 68195 13%
c i 13.78 119 22461 7 23 1059 174 85179 6026 1.1 55 48 2 65 45% 29586 145404 68194 13%
c i 13.78 119 22452 7 23 1059 174 85195 6029 1.1 55 48 2 65 45% 29589 145404 68193 13%
c
c  seconds      switched     rate         size/glue  tier1     binary           remaining
c          MB     reductions    conflicts       size   tier2       irredundant
c             level    restarts      redundant     glue    trail           variables
c
c i 13.78 119 22447 7 23 1059 174 85212 6031 1.1 55 48 2 65 45% 29592 145404 68192 13%
c i 13.78 119 22446 7 23 1059 174 85215 6031 1.1 55 48 2 65 45% 29593 145404 68191 13%
c i 13.78 119 22444 7 23 1059 174 85220 6031 1.1 55 48 2 65 45% 29594 145404 68189 13%
c i 13.78 119 22443 7 23 1059 174 85223 6031 1.1 55 48 2 65 45% 29595 145404 68188 13%
c i 13.78 119 22428 7 23 1059 174 85273 6048 1.1 55 48 2 65 45% 29598 145404 68187 13%
c i 13.78 119 22427 7 23 1059 174 85276 6048 1.1 55 48 2 65 45% 29599 145404 68186 13%
c i 13.78 119 22403 7 23 1059 174 85326 6068 1.1 55 48 2 65 45% 29611 145404 68185 13%
c i 13.78 119 22400 7 23 1059 174 85331 6068 1.1 55 48 2 65 45% 29614 145404 68184 13%
c i 13.78 119 22398 7 23 1059 174 85334 6068 1.1 55 48 2 65 45% 29616 145404 68183 13%
c i 13.78 119 22391 7 23 1059 174 85367 6072 1.1 55 48 2 65 45% 29621 145404 68181 13%
c i 13.78 119 22379 7 23 1059 174 85391 6084 1.1 54 48 2 65 45% 29626 145404 68180 13%
c i 13.78 119 22377 7 23 1059 174 85395 6084 1.1 54 48 2 65 45% 29627 145404 68177 13%
c i 13.78 119 22374 7 23 1059 174 85400 6086 1.1 54 48 2 65 45% 29629 145404 68176 13%
c i 13.78 119 22371 7 23 1059 174 85405 6086 1.1 54 48 2 65 45% 29632 145404 68175 13%
c i 13.78 119 22362 7 23 1059 174 85427 6089 1.1 54 48 2 65 45% 29641 145404 68174 13%
c i 13.78 119 22360 7 23 1059 174 85445 6090 1.1 54 48 2 65 45% 29642 145404 68173 13%
c i 13.78 119 22359 7 23 1059 174 85455 6090 1.1 54 48 2 65 45% 29643 145404 68172 13%
c i 13.78 119 22358 7 23 1059 174 85457 6090 1.1 54 48 2 65 45% 29644 145404 68171 13%
c i 13.78 119 22356 7 23 1059 174 85462 6090 1.1 54 48 2 65 45% 29646 145404 68170 13%
c i 13.78 119 22352 7 23 1059 174 85471 6095 1.1 54 48 2 65 45% 29647 145404 68169 13%
c
c  seconds      switched     rate         size/glue  tier1     binary           remaining
c          MB     reductions    conflicts       size   tier2       irredundant
c             level    restarts      redundant     glue    trail           variables
c
c i 13.78 119 22333 7 23 1059 173 85510 6103 1.1 54 48 2 65 45% 29654 145404 68167 13%
c i 13.78 119 22331 7 23 1059 173 85520 6102 1.1 54 48 2 65 45% 29657 145403 68165 13%
c i 13.78 119 22325 7 23 1059 173 85533 6107 1.1 54 48 2 65 45% 29657 145403 68164 13%
c i 13.78 119 22323 7 23 1059 173 85546 6108 1.1 54 48 2 65 45% 29657 145403 68161 13%
c i 13.78 119 22314 7 23 1059 173 85573 6116 1.1 54 48 2 65 45% 29661 145403 68160 13%
c i 13.78 119 22313 7 23 1059 173 85576 6116 1.1 54 48 2 65 45% 29663 145403 68159 13%
c i 13.78 119 22309 7 23 1059 173 85583 6116 1.1 54 48 2 65 45% 29666 145403 68157 13%
c i 13.78 119 22302 7 23 1059 173 85598 6124 1.1 54 48 2 65 45% 29666 145403 68153 13%
c i 13.78 119 22299 7 23 1059 173 85603 6124 1.1 54 48 2 65 45% 29668 145403 68152 13%
c i 13.78 119 22297 7 23 1059 173 85607 6126 1.1 54 48 2 65 45% 29668 145403 68150 13%
c i 13.78 119 22296 7 23 1059 173 85610 6126 1.1 54 48 2 65 45% 29669 145403 68149 13%
c i 13.78 119 22292 7 23 1059 173 85619 6129 1.1 54 48 2 65 45% 29672 145403 68147 13%
c i 13.78 119 22287 7 23 1059 173 85675 6132 1.1 54 48 2 65 45% 29673 145403 68144 13%
c i 13.78 119 22286 7 23 1059 173 85677 6132 1.1 54 48 2 65 45% 29674 145403 68143 13%
c i 13.78 119 22285 7 23 1059 173 85680 6132 1.1 54 48 2 65 45% 29675 145403 68142 13%
c i 13.78 119 22283 7 23 1059 173 85683 6132 1.1 54 48 2 65 45% 29676 145403 68141 13%
c i 13.78 119 22264 7 23 1059 173 85737 6155 1.1 54 48 2 65 45% 29678 145403 68139 13%
c - 13.79 119 22264 7 24 1059 173 85737 5645 1.1 54 48 2 64 45% 27500 145401 68139 13%
c i 13.79 119 22262 7 24 1059 173 85741 5645 1.1 54 48 2 64 45% 27502 145401 68138 13%
c i 13.79 119 22256 7 24 1059 173 85755 5647 1.1 54 48 2 64 45% 27505 145399 68137 13%
c
c  seconds      switched     rate         size/glue  tier1     binary           remaining
c          MB     reductions    conflicts       size   tier2       irredundant
c             level    restarts      redundant     glue    trail           variables
c
c i 13.79 119 22254 7 24 1059 173 85759 5647 1.1 54 48 2 64 45% 27507 145399 68136 13%
c i 13.79 119 22252 7 24 1059 173 85763 5647 1.1 54 48 2 64 45% 27509 145399 68135 13%
c i 13.79 119 22244 7 24 1059 173 85785 5648 1.1 54 48 2 64 45% 27518 145392 68134 13%
c i 13.79 119 22243 7 24 1059 173 85788 5648 1.1 54 48 2 64 45% 27520 145391 68133 13%
c i 13.79 119 22241 7 24 1059 173 85792 5648 1.1 54 48 2 64 45% 27523 145390 68132 13%
c i 13.79 119 22237 7 24 1059 174 85807 5649 1.1 54 48 2 64 45% 27531 145386 68131 13%
c i 13.80 119 22236 7 24 1059 174 85812 5653 1.1 54 48 2 64 45% 27531 145386 68130 13%
c i 13.80 119 22231 7 24 1059 174 85830 5654 1.1 54 48 2 64 45% 27540 145379 68127 13%
c i 13.81 119 22210 7 24 1059 175 85882 5669 1.1 54 48 2 64 45% 27556 145373 68126 13%
c i 13.81 119 22204 7 24 1059 174 85898 5672 1.1 54 48 2 64 45% 27561 145370 68125 13%
c i 13.81 119 22171 7 24 1059 174 85969 5690 1.1 54 48 2 64 45% 27582 145369 68124 13%
c i 13.81 119 22169 7 24 1059 174 85972 5690 1.1 54 48 2 64 45% 27582 145369 68121 13%
c i 13.81 119 22168 7 24 1059 174 85974 5690 1.1 54 48 2 64 45% 27583 145369 68120 13%
c i 13.81 119 22167 7 24 1059 174 85977 5690 1.1 54 48 2 64 45% 27585 145369 68119 13%
c i 13.81 119 22160 7 24 1059 174 85992 5692 1.1 54 48 2 64 45% 27592 145368 68118 13%
c i 13.81 119 22158 7 24 1059 174 85996 5692 1.1 54 48 2 64 45% 27592 145368 68117 13%
c ] 13.81 119 22158 8 24 1059 174 85996 5692 1.1 54 48 2 64 45% 27592 145368 68117 13%
c { 13.81 119 44166 8 24 1059 2878 85996 5692 1.6 4 2 1 2 58% 27592 145368 68117 13%
c i 13.83 119 44118 8 24 1062 2891 86014 5697 1.6 4 2 1 2 58% 27598 145368 68112 13%
c i 13.84 119 44077 8 24 1067 2897 86082 5701 1.6 4 2 1 2 58% 27600 145366 68111 13%
c
c  seconds      switched      rate         size/glue tier1   binary           remaining
c          MB     reductions     conflicts      size  tier2      irredundant
c             level    restarts       redundant   glue   trail           variables
c
c i 13.85 119 44070 8 24 1068 2900 86089 5702 1.6 4 2 1 2 58% 27601 145365 68110 13%
c i 13.85 119 44064 8 24 1069 2903 86093 5702 1.6 4 2 1 2 58% 27601 145364 68109 13%
c i 13.85 119 44054 8 24 1070 2906 86096 5702 1.6 4 2 1 2 58% 27602 145364 68108 13%
c i 13.86 119 44041 8 24 1071 2908 86100 5703 1.6 4 2 1 2 58% 27603 145364 68107 13%
c i 13.86 119 44014 8 24 1075 2913 86124 5705 1.6 4 2 1 2 58% 27603 145363 68106 13%
c i 13.87 119 44007 8 24 1076 2916 86135 5705 1.6 4 2 1 2 58% 27604 145360 68105 13%
c i 13.87 119 44001 8 24 1076 2915 86137 5705 1.6 4 2 1 2 58% 27605 145360 68104 13%
c i 13.87 119 43991 8 24 1076 2913 86140 5705 1.6 4 2 1 2 58% 27606 145360 68102 13%
c i 13.87 119 43985 8 24 1076 2912 86142 5705 1.6 4 2 1 2 58% 27607 145360 68101 13%
c i 13.87 119 43972 8 24 1076 2910 86149 5705 1.6 4 2 1 2 58% 27609 145356 68099 13%
c i 13.87 119 43965 8 24 1076 2909 86151 5705 1.6 4 2 1 2 58% 27610 145356 68098 13%
c i 13.87 119 43953 8 24 1076 2907 86158 5705 1.6 4 2 1 2 58% 27612 145352 68096 13%
c i 13.87 119 43946 8 24 1076 2907 86160 5705 1.6 4 2 1 2 58% 27613 145352 68095 13%
c i 13.87 119 43936 8 24 1076 2905 86166 5705 1.6 4 2 1 2 58% 27615 145348 68093 13%
c i 13.87 119 43927 8 24 1076 2904 86169 5705 1.6 4 2 1 2 58% 27617 145348 68092 13%
c i 13.89 119 42347 8 24 1076 2675 86711 6022 1.6 4 2 1 2 61% 27662 145340 68091 13%
c i 13.89 119 42269 8 24 1076 2664 86740 6040 1.6 4 2 1 2 61% 27664 145339 68090 13%
c i 13.89 119 42181 8 24 1076 2651 86773 6058 1.6 4 2 1 2 61% 27667 145339 68089 13%
c i 13.90 119 41326 8 24 1076 2529 87107 6269 1.6 4 2 1 2 63% 27679 145334 68088 13%
c i 13.90 119 41290 8 24 1076 2524 87122 6277 1.6 4 2 1 2 63% 27681 145333 68087 13%
c
c  seconds      switched      rate         size/glue tier1   binary           remaining
c          MB     reductions     conflicts      size  tier2      irredundant
c             level    restarts       redundant   glue   trail           variables
c
c i 13.90 119 41202 8 24 1076 2512 87158 6299 1.6 4 2 1 2 63% 27683 145332 68086 13%
c i 13.90 119 41048 8 24 1076 2490 87221 6339 1.6 4 2 1 2 63% 27685 145331 68085 13%
c i 13.91 119 40626 8 24 1076 2430 87400 6450 1.6 4 2 1 2 64% 27691 145330 68084 13%
c i 13.91 119 40440 8 24 1076 2404 87484 6499 1.6 4 2 1 2 65% 27698 145328 68083 13%
c i 13.91 119 40212 8 24 1076 2373 87590 6558 1.6 4 2 1 2 65% 27707 145326 68082 13%
c i 13.91 119 40069 8 24 1076 2353 87656 6598 1.6 4 2 1 2 65% 27711 145324 68081 13%
c i 13.91 119 39701 8 24 1076 2302 87836 6694 1.6 4 2 1 2 66% 27732 145322 68080 13%
c i 13.91 119 39694 8 24 1076 2301 87840 6694 1.6 4 2 1 2 66% 27734 145321 68078 13%
c i 13.91 119 39688 8 24 1076 2300 87844 6694 1.6 4 2 1 2 66% 27736 145320 68076 13%
c i 13.91 119 39681 8 24 1076 2299 87848 6694 1.6 4 2 1 2 66% 27738 145319 68074 13%
c i 13.91 119 39675 8 24 1076 2298 87852 6694 1.6 4 2 1 2 66% 27740 145318 68072 13%
c i 13.91 119 39668 8 24 1076 2297 87856 6694 1.6 4 2 1 2 66% 27742 145317 68070 13%
c i 13.91 119 39662 8 24 1076 2296 87860 6694 1.6 4 2 1 2 66% 27744 145316 68068 13%
c i 13.91 119 39655 8 24 1076 2295 87864 6694 1.6 4 2 1 2 66% 27746 145315 68066 13%
c i 13.91 119 39649 8 24 1076 2294 87868 6694 1.6 4 2 1 2 66% 27748 145314 68064 13%
c i 13.91 119 39642 8 24 1076 2293 87871 6695 1.6 4 2 1 2 66% 27749 145314 68063 13%
c i 13.92 119 39446 8 24 1076 2267 87966 6755 1.6 4 2 1 2 66% 27751 145313 68062 13%
c i 13.92 119 39260 8 24 1076 2241 88058 6811 1.6 4 2 1 2 67% 27755 145312 68061 13%
c i 13.92 119 39249 8 24 1076 2240 88064 6813 1.6 4 2 1 2 67% 27757 145311 68060 13%
c i 13.92 119 38906 8 24 1076 2193 88240 6916 1.6 4 2 1 2 67% 27768 145308 68059 13%
c
c  seconds      switched      rate         size/glue tier1   binary           remaining
c          MB     reductions     conflicts      size  tier2      irredundant
c             level    restarts       redundant   glue   trail           variables
c
c i 13.92 119 38884 8 24 1076 2190 88252 6922 1.6 4 2 1 2 67% 27770 145307 68058 13%
c i 13.92 119 38809 8 24 1076 2179 88290 6947 1.6 4 2 1 2 68% 27771 145307 68057 13%
c i 13.96 119 36499 8 24 1090 1882 89809 7473 1.6 4 2 1 2 72% 27791 145299 68056 13%
c i 13.97 119 36495 8 24 1091 1884 89824 7474 1.6 4 2 1 2 72% 27792 145299 68055 13%
c i 13.98 119 36482 8 24 1094 1890 89872 7480 1.6 4 2 1 2 72% 27793 145299 68054 13%
c i 13.99 119 36459 8 24 1099 1897 90164 7486 1.6 4 2 1 2 72% 27796 145299 68053 13%
c i 14.00 119 36451 8 24 1101 1901 90176 7490 1.6 4 2 1 2 72% 27797 145299 68052 13%
c i 14.00 119 36447 8 24 1102 1903 90203 7491 1.6 4 2 1 2 72% 27798 145299 68051 13%
c i 14.01 119 36435 8 24 1104 1906 90226 7495 1.6 4 2 1 2 72% 27800 145299 68048 13%
c i 14.01 119 36429 8 24 1105 1908 90230 7496 1.6 4 2 1 2 72% 27801 145299 68047 13%
c i 14.02 119 36424 8 24 1106 1910 90234 7499 1.6 4 2 1 2 72% 27801 145299 68046 13%
c i 14.02 119 36420 8 24 1107 1911 90256 7500 1.6 4 3 1 2 72% 27802 145299 68045 13%
c i 14.02 119 36416 8 24 1108 1913 90266 7501 1.6 4 3 1 2 72% 27803 145299 68044 13%
c i 14.04 119 36402 8 24 1112 1918 90346 7512 1.6 4 3 1 2 72% 27805 145299 68043 13%
c i 14.04 119 36394 8 24 1113 1918 90351 7513 1.6 4 3 1 2 72% 27805 145299 68042 13%
c i 14.04 119 36346 8 24 1120 1917 90418 7520 1.6 4 3 1 2 72% 27808 145299 68041 13%
c i 14.05 119 36336 8 24 1121 1919 90429 7522 1.6 4 3 1 2 72% 27809 145299 68040 13%
c i 14.05 119 36321 8 24 1123 1918 90436 7522 1.6 4 3 1 2 72% 27810 145299 68039 13%
c i 14.05 119 36305 8 24 1124 1917 90441 7524 1.6 4 3 1 2 72% 27811 145299 68038 13%
c i 14.05 119 36290 8 24 1125 1917 90445 7526 1.6 4 3 1 2 72% 27812 145299 68037 13%
c
c  seconds      switched      rate         size/glue tier1   binary           remaining
c          MB     reductions     conflicts      size  tier2      irredundant
c             level    restarts       redundant   glue   trail           variables
c
c i 14.05 119 36278 8 24 1126 1916 90449 7525 1.6 4 3 1 2 71% 27813 145299 68036 13%
c i 14.05 119 36259 8 24 1128 1915 90454 7525 1.6 4 3 1 2 71% 27817 145299 68035 13%
c i 14.05 119 36182 8 24 1134 1911 90474 7535 1.6 4 3 1 2 71% 27825 145299 68034 13%
c i 14.05 119 36125 8 24 1141 1908 90573 7538 1.6 4 3 1 2 71% 27834 145299 68033 13%
c i 14.05 119 36102 8 24 1143 1907 90580 7541 1.6 4 3 1 2 71% 27835 145299 68032 13%
c i 14.05 119 36053 8 24 1147 1905 90605 7542 1.6 4 3 1 2 71% 27844 145299 68031 13%
c i 14.05 119 36030 8 24 1150 1903 90614 7542 1.6 4 3 1 2 71% 27848 145299 68030 13%
c i 14.05 119 36003 8 24 1152 1902 90621 7542 1.6 4 3 1 2 71% 27854 145299 68029 13%
c i 14.05 119 35984 8 24 1154 1901 90630 7541 1.6 4 3 1 2 71% 27857 145299 68028 13%
c i 14.05 119 35965 8 24 1156 1900 90667 7541 1.6 4 3 1 2 71% 27861 145299 68027 13%
c - 14.05 119 35965 8 25 1156 1900 90667 6212 1.6 4 3 1 3 71% 27593 145299 68027 13%
c i 14.05 119 35890 8 25 1157 1896 90691 6227 1.6 4 3 1 3 71% 27596 145299 68026 13%
c i 14.05 119 35856 8 25 1160 1895 90703 6229 1.6 4 3 1 3 71% 27602 145299 68025 13%
c i 14.05 119 35849 8 25 1160 1894 90705 6229 1.6 4 3 1 3 71% 27603 145299 68024 13%
c i 14.05 119 35841 8 25 1160 1894 90707 6229 1.6 4 3 1 3 71% 27604 145299 68023 13%
c i 14.05 119 35830 8 25 1160 1893 90716 6229 1.6 4 3 1 3 71% 27605 145299 68022 13%
c i 14.05 119 35674 8 25 1160 1885 90831 6263 1.6 4 3 1 3 70% 27608 145298 68020 13%
c i 14.05 119 35663 8 25 1160 1885 90834 6263 1.6 4 3 1 3 70% 27609 145298 68018 13%
c i 14.05 119 35656 8 25 1160 1884 90857 6262 1.6 4 3 1 3 70% 27611 145298 68017 13%
c i 14.05 119 35641 8 25 1160 1884 90878 6262 1.6 4 3 1 3 70% 27612 145298 68016 13%
c
c  seconds      switched      rate         size/glue tier1   binary           remaining
c          MB     reductions     conflicts      size  tier2      irredundant
c             level    restarts       redundant   glue   trail           variables
c
c i 14.05 119 35634 8 25 1160 1883 90880 6262 1.6 4 3 1 3 70% 27613 145298 68015 13%
c i 14.05 119 35627 8 25 1160 1883 90882 6262 1.6 4 3 1 3 70% 27614 145298 68014 13%
c i 14.05 119 35619 8 25 1160 1883 90884 6262 1.6 4 3 1 3 70% 27615 145298 68013 13%
c i 14.05 119 35612 8 25 1160 1882 90886 6262 1.6 4 3 1 3 70% 27616 145298 68012 13%
c i 14.05 119 35605 8 25 1160 1882 90888 6262 1.6 4 3 1 3 70% 27617 145298 68011 13%
c i 14.05 119 35597 8 25 1160 1881 90890 6262 1.6 4 3 1 3 70% 27618 145298 68010 13%
c i 14.05 119 35590 8 25 1160 1881 90892 6262 1.6 4 3 1 3 70% 27619 145298 68009 13%
c i 14.05 119 35583 8 25 1160 1881 90894 6262 1.6 4 3 1 3 70% 27620 145298 68008 13%
c i 14.05 119 35576 8 25 1160 1880 90896 6262 1.6 4 3 1 3 70% 27621 145298 68007 13%
c i 14.05 119 35568 8 25 1160 1880 90898 6262 1.6 4 3 1 3 70% 27622 145298 68006 13%
c i 14.05 119 35561 8 25 1160 1879 90900 6262 1.6 4 3 1 3 70% 27623 145298 68005 13%
c i 14.05 119 35543 8 25 1160 1878 90906 6261 1.6 4 3 1 3 70% 27624 145298 68002 13%
c i 14.05 119 35524 8 25 1161 1877 90911 6263 1.6 4 3 1 3 70% 27625 145298 68001 13%
c i 14.07 119 35421 8 25 1173 1878 91063 6285 1.6 4 3 1 3 70% 27644 145297 68000 13%
c i 14.07 119 35400 8 25 1176 1877 91102 6288 1.6 4 3 1 3 70% 27646 145297 67999 13%
c i 14.07 119 35290 8 25 1186 1872 91132 6289 1.6 4 3 1 3 70% 27674 145297 67998 13%
c i 14.07 119 35283 8 25 1186 1871 91134 6289 1.6 4 3 1 3 70% 27675 145297 67997 13%
c i 14.07 119 35275 8 25 1187 1871 91136 6290 1.6 4 3 1 3 70% 27675 145297 67996 13%
c i 14.07 119 35268 8 25 1187 1870 91138 6290 1.6 4 3 1 3 70% 27676 145297 67995 13%
c i 14.07 119 35261 8 25 1187 1870 91140 6290 1.6 4 3 1 3 70% 27677 145297 67994 13%
c
c  seconds      switched      rate         size/glue tier1   binary           remaining
c          MB     reductions     conflicts      size  tier2      irredundant
c             level    restarts       redundant   glue   trail           variables
c
c i 14.07 119 35253 8 25 1187 1870 91142 6290 1.6 4 3 1 3 70% 27678 145297 67993 13%
c i 14.07 119 35246 8 25 1187 1869 91144 6290 1.6 4 3 1 3 69% 27679 145297 67992 13%
c i 14.07 119 35239 8 25 1187 1869 91146 6290 1.6 4 3 1 3 69% 27680 145297 67991 13%
c i 14.07 119 35228 8 25 1187 1868 91149 6290 1.6 4 3 1 3 69% 27682 145297 67990 13%
c i 14.07 119 35221 8 25 1187 1868 91151 6290 1.6 4 3 1 3 69% 27683 145297 67989 13%
c i 14.07 119 35213 8 25 1187 1868 91153 6290 1.6 4 3 1 3 69% 27684 145297 67988 13%
c i 14.07 119 35206 8 25 1187 1867 91155 6290 1.6 4 3 1 3 69% 27685 145297 67987 13%
c i 14.07 119 35192 8 25 1187 1866 91160 6289 1.6 4 3 1 3 69% 27686 145296 67985 13%
c i 14.07 119 35184 8 25 1187 1866 91162 6289 1.6 4 3 1 3 69% 27687 145296 67984 13%
c i 14.07 119 35173 8 25 1187 1865 91165 6289 1.6 4 3 1 3 69% 27688 145296 67983 13%
c i 14.07 119 35166 8 25 1187 1865 91167 6289 1.6 4 3 1 3 69% 27689 145296 67982 13%
c i 14.07 119 35159 8 25 1187 1865 91169 6289 1.6 4 3 1 3 69% 27690 145296 67981 13%
c i 14.07 119 35148 8 25 1187 1864 91172 6289 1.6 4 3 1 3 69% 27692 145296 67980 13%
c i 14.07 119 35141 8 25 1187 1864 91174 6289 1.6 4 3 1 3 69% 27693 145296 67979 13%
c i 14.07 119 35134 8 25 1187 1863 91176 6289 1.6 4 3 1 3 69% 27694 145296 67978 13%
c i 14.07 119 35126 8 25 1187 1863 91178 6289 1.6 4 3 1 3 69% 27695 145296 67977 13%
c i 14.07 119 35119 8 25 1187 1863 91180 6289 1.6 4 3 1 3 69% 27696 145296 67976 13%
c i 14.07 119 35112 8 25 1187 1862 91182 6289 1.6 4 3 1 3 69% 27697 145296 67975 13%
c i 14.07 119 35105 8 25 1187 1862 91184 6289 1.6 4 3 1 3 69% 27698 145296 67974 13%
c i 14.07 119 35098 8 25 1187 1861 91186 6289 1.6 4 3 1 3 69% 27699 145296 67973 13%
c
c  seconds      switched      rate         size/glue tier1   binary           remaining
c          MB     reductions     conflicts      size  tier2      irredundant
c             level    restarts       redundant   glue   trail           variables
c
c i 14.07 119 35090 8 25 1187 1861 91188 6289 1.6 4 3 1 3 69% 27700 145296 67972 13%
c i 14.07 119 35083 8 25 1187 1861 91190 6289 1.6 4 3 1 3 69% 27701 145296 67971 13%
c i 14.07 119 35076 8 25 1187 1860 91192 6289 1.6 4 3 1 3 69% 27702 145296 67970 13%
c i 14.07 119 35069 8 25 1187 1860 91194 6289 1.6 4 3 1 3 69% 27703 145296 67969 13%
c i 14.07 119 35061 8 25 1187 1860 91196 6289 1.6 4 3 1 3 69% 27704 145296 67968 13%
c i 14.07 119 35054 8 25 1187 1859 91198 6289 1.6 4 3 1 3 69% 27705 145296 67967 13%
c i 14.07 119 35043 8 25 1187 1859 91201 6289 1.6 4 3 1 3 69% 27707 145296 67966 13%
c i 14.07 119 35036 8 25 1187 1858 91203 6289 1.6 4 3 1 3 69% 27708 145296 67965 13%
c i 14.07 119 35029 8 25 1187 1858 91205 6289 1.6 4 3 1 3 69% 27709 145296 67964 13%
c i 14.07 119 35022 8 25 1187 1857 91207 6289 1.6 4 3 1 3 69% 27710 145296 67963 13%
c i 14.07 119 35015 8 25 1187 1857 91209 6289 1.6 4 3 1 3 69% 27711 145296 67962 13%
c i 14.07 119 35008 8 25 1187 1857 91211 6289 1.6 4 3 1 3 69% 27712 145296 67961 13%
c i 14.07 119 34993 8 25 1187 1856 91215 6290 1.6 4 3 1 3 69% 27713 145296 67960 13%
c i 14.07 119 34980 8 25 1187 1855 91221 6290 1.6 4 3 1 3 69% 27715 145296 67959 13%
c i 14.07 119 34973 8 25 1187 1855 91223 6290 1.6 4 3 1 3 69% 27716 145296 67958 13%
c i 14.07 119 34963 8 25 1187 1854 91226 6290 1.6 4 3 1 3 69% 27717 145296 67957 13%
c i 14.07 119 34956 8 25 1187 1854 91232 6290 1.6 4 3 1 3 69% 27718 145296 67956 13%
c i 14.07 119 34949 8 25 1187 1854 91234 6290 1.6 4 3 1 3 69% 27719 145296 67955 13%
c i 14.07 119 34942 8 25 1187 1853 91236 6290 1.6 4 3 1 3 69% 27720 145296 67954 13%
c i 14.07 119 34932 8 25 1187 1853 91239 6290 1.6 4 3 1 3 69% 27721 145296 67953 13%
c
c  seconds      switched      rate         size/glue tier1   binary           remaining
c          MB     reductions     conflicts      size  tier2      irredundant
c             level    restarts       redundant   glue   trail           variables
c
c i 14.07 119 34925 8 25 1187 1852 91241 6290 1.6 4 3 1 3 69% 27722 145296 67952 13%
c i 14.07 119 34905 8 25 1188 1851 91247 6293 1.6 4 3 1 3 69% 27723 145296 67951 13%
c i 14.07 119 34898 8 25 1188 1851 91249 6293 1.6 4 3 1 3 69% 27724 145296 67950 13%
c i 14.07 119 34835 8 25 1194 1848 91367 6299 1.6 4 3 1 3 69% 27733 145296 67949 13%
c i 14.08 119 34822 8 25 1197 1852 91381 6303 1.6 4 3 1 3 69% 27735 145296 67948 13%
c i 14.08 119 34818 8 25 1198 1853 91384 6304 1.6 4 3 1 3 69% 27736 145296 67947 13%
c i 14.09 119 34814 8 25 1199 1855 91387 6305 1.6 4 3 1 3 69% 27737 145296 67946 13%
c i 14.09 119 34810 8 25 1200 1857 91390 6306 1.6 4 3 1 3 69% 27738 145296 67945 13%
c i 14.09 119 34807 8 25 1201 1859 91393 6307 1.6 4 3 1 3 69% 27739 145296 67944 13%
c i 14.10 119 34803 8 25 1202 1860 91398 6308 1.6 4 3 1 3 69% 27740 145296 67943 13%
c i 14.10 119 34795 8 25 1204 1864 91442 6310 1.6 4 3 1 3 69% 27742 145296 67942 13%
c i 14.11 119 34791 8 25 1205 1865 91617 6311 1.6 4 3 1 3 69% 27743 145296 67941 13%
c i 14.11 119 34788 8 25 1206 1867 91635 6312 1.6 4 3 1 3 69% 27744 145296 67940 13%
c i 14.14 119 34755 8 25 1216 1881 91688 6330 1.6 4 3 1 3 69% 27746 145296 67939 13%
c i 14.14 119 34717 8 25 1219 1879 91699 6330 1.6 4 3 1 3 69% 27756 145296 67938 13%
c i 14.14 119 34699 8 25 1221 1879 91704 6332 1.6 4 3 1 3 69% 27758 145296 67937 13%
c i 14.14 119 34693 8 25 1221 1878 91706 6332 1.6 4 3 1 3 69% 27759 145296 67936 13%
c i 14.14 119 34687 8 25 1222 1878 91708 6332 1.6 4 3 1 3 69% 27760 145296 67935 13%
c i 14.14 119 34670 8 25 1224 1878 91714 6331 1.6 4 3 1 3 69% 27764 145295 67934 13%
c i 14.14 119 34659 8 25 1224 1877 91717 6331 1.6 4 3 1 3 69% 27766 145295 67933 13%
c
c  seconds      switched      rate         size/glue tier1   binary           remaining
c          MB     reductions     conflicts      size  tier2      irredundant
c             level    restarts       redundant   glue   trail           variables
c
c i 14.14 119 34653 8 25 1225 1877 91719 6331 1.6 4 3 1 3 69% 27767 145295 67932 13%
c i 14.14 119 34646 8 25 1225 1877 91721 6331 1.6 4 3 1 3 68% 27768 145295 67931 13%
c i 14.14 119 34635 8 25 1226 1876 91724 6331 1.6 4 3 1 3 68% 27770 145295 67930 13%
c i 14.15 119 34625 8 25 1227 1876 91727 6331 1.6 4 3 1 3 68% 27772 145295 67929 13%
c i 14.15 119 34615 8 25 1228 1876 91730 6332 1.6 4 3 1 3 68% 27773 145295 67928 13%
c i 14.15 119 34608 8 25 1229 1875 91732 6333 1.6 4 3 1 3 68% 27773 145295 67927 13%
c i 14.15 119 34601 8 25 1229 1875 91734 6333 1.6 4 3 1 3 68% 27774 145295 67926 13%
c i 14.15 119 34594 8 25 1230 1875 91736 6333 1.6 4 3 1 3 68% 27775 145295 67925 13%
c i 14.15 119 34587 8 25 1230 1874 91738 6333 1.6 4 3 1 3 68% 27776 145295 67924 13%
c i 14.15 119 34577 8 25 1231 1874 91741 6333 1.6 4 3 1 3 68% 27778 145295 67923 13%
c i 14.15 119 34563 8 25 1232 1873 91745 6334 1.6 4 3 1 3 68% 27779 145295 67922 13%
c i 14.15 119 34553 8 25 1233 1873 91748 6334 1.6 4 3 1 3 68% 27781 145295 67921 13%
c i 14.15 119 34543 8 25 1234 1872 91751 6334 1.6 4 3 1 3 68% 27783 145295 67920 13%
c i 14.15 119 34532 8 25 1235 1872 91754 6334 1.6 4 3 1 3 68% 27785 145295 67919 13%
c i 14.15 119 34525 8 25 1236 1871 91756 6335 1.6 4 3 1 3 68% 27785 145295 67918 13%
c i 14.15 119 34518 8 25 1236 1871 91758 6335 1.6 4 3 1 3 68% 27786 145295 67917 13%
c i 14.15 119 34512 8 25 1237 1871 91760 6335 1.6 4 3 1 3 68% 27787 145295 67916 13%
c i 14.15 119 34505 8 25 1237 1871 91762 6335 1.6 4 3 1 3 68% 27788 145295 67915 13%
c i 14.15 119 34495 8 25 1238 1870 91765 6335 1.6 4 3 1 3 68% 27790 145295 67914 13%
c i 14.15 119 34484 8 25 1239 1869 91768 6335 1.6 4 3 1 3 68% 27792 145295 67913 13%
c
c  seconds      switched      rate         size/glue tier1   binary           remaining
c          MB     reductions     conflicts      size  tier2      irredundant
c             level    restarts       redundant   glue   trail           variables
c
c i 14.15 119 34477 8 25 1239 1869 91770 6335 1.6 4 3 1 3 68% 27793 145295 67912 13%
c i 14.15 119 34467 8 25 1239 1869 91773 6335 1.6 4 3 1 3 68% 27794 145295 67911 13%
c i 14.15 119 34460 8 25 1239 1868 91775 6335 1.6 4 3 1 3 68% 27795 145295 67910 13%
c i 14.15 119 34454 8 25 1239 1868 91777 6335 1.6 4 3 1 3 68% 27796 145295 67909 13%
c i 14.15 119 34447 8 25 1239 1868 91779 6335 1.6 4 3 1 3 68% 27797 145295 67908 13%
c i 14.15 119 34440 8 25 1239 1867 91781 6335 1.6 4 3 1 3 68% 27798 145295 67907 13%
c i 14.15 119 34433 8 25 1239 1867 91783 6335 1.6 4 3 1 3 68% 27799 145295 67906 13%
c i 14.15 119 34422 8 25 1239 1866 91786 6335 1.6 4 3 1 3 68% 27801 145295 67905 13%
c i 14.15 119 34398 8 25 1240 1865 91794 6336 1.6 4 3 1 3 68% 27804 145294 67904 13%
c i 14.15 119 34391 8 25 1240 1865 91796 6336 1.6 4 3 1 3 68% 27805 145294 67903 13%
c i 14.15 119 34384 8 25 1241 1864 91798 6336 1.6 4 3 1 3 68% 27806 145294 67902 13%
c i 14.15 119 34377 8 25 1241 1864 91801 6335 1.6 4 3 1 3 68% 27807 145293 67901 13%
c i 14.15 119 34374 8 25 1242 1864 91802 6335 1.6 4 3 1 3 68% 27807 145293 67900 13%
c i 14.15 119 34364 8 25 1242 1863 91805 6335 1.6 4 3 1 3 68% 27809 145293 67899 13%
c i 14.15 119 34357 8 25 1243 1863 91808 6334 1.6 4 3 1 3 68% 27810 145292 67898 13%
c i 14.15 119 34346 8 25 1244 1862 91811 6334 1.6 4 3 1 3 68% 27812 145292 67897 13%
c i 14.15 119 34339 8 25 1245 1862 91813 6334 1.6 4 3 1 3 68% 27813 145292 67896 13%
c i 14.15 119 34329 8 25 1246 1861 91816 6335 1.6 4 3 1 3 68% 27814 145292 67895 13%
c i 14.15 119 34322 8 25 1246 1861 91818 6335 1.6 4 3 1 3 68% 27815 145292 67894 13%
c i 14.15 119 34315 8 25 1246 1861 91821 6334 1.6 4 3 1 3 68% 27816 145291 67893 13%
c
c  seconds      switched      rate         size/glue tier1   binary           remaining
c          MB     reductions     conflicts      size  tier2      irredundant
c             level    restarts       redundant   glue   trail           variables
c
c i 14.15 119 34305 8 25 1246 1860 91824 6334 1.6 4 3 1 3 68% 27818 145291 67892 13%
c i 14.15 119 34281 8 25 1247 1859 91832 6334 1.6 4 3 1 3 68% 27822 145290 67891 13%
c i 14.15 119 34274 8 25 1247 1859 91834 6334 1.6 4 3 1 3 68% 27823 145290 67890 13%
c i 14.15 119 34267 8 25 1248 1858 91836 6334 1.6 4 3 1 3 68% 27824 145290 67889 13%
c i 14.15 119 34253 8 25 1249 1857 91842 6333 1.6 4 3 1 3 68% 27826 145289 67888 13%
c i 14.15 119 34243 8 25 1250 1857 91845 6333 1.6 4 3 1 3 68% 27828 145289 67887 13%
c i 14.15 119 34223 8 25 1252 1856 91851 6334 1.6 4 3 1 3 68% 27831 145289 67886 13%
c i 14.15 119 34212 8 25 1253 1855 91854 6334 1.6 4 3 1 3 68% 27833 145289 67885 13%
c i 14.15 119 34202 8 25 1254 1855 91857 6334 1.6 4 3 1 3 68% 27835 145289 67884 13%
c i 14.15 119 34192 8 25 1255 1854 91860 6334 1.6 4 3 1 3 68% 27837 145289 67883 13%
c i 14.15 119 34182 8 25 1256 1854 91863 6334 1.6 4 3 1 3 68% 27839 145289 67882 13%
c i 14.15 119 34172 8 25 1257 1853 91866 6334 1.6 4 3 1 3 68% 27841 145289 67881 13%
c i 14.15 119 34162 8 25 1258 1853 91869 6334 1.6 4 3 1 3 68% 27843 145289 67880 13%
c i 14.15 119 34151 8 25 1259 1852 91872 6334 1.6 4 3 1 3 68% 27845 145289 67879 13%
c i 14.15 119 34141 8 25 1260 1852 91875 6334 1.6 4 3 1 3 67% 27847 145289 67878 13%
c i 14.15 119 34134 8 25 1260 1851 91877 6334 1.6 4 3 1 3 67% 27848 145289 67877 13%
c i 14.15 119 34128 8 25 1260 1851 91879 6334 1.6 4 3 1 3 67% 27849 145289 67876 13%
c i 14.15 119 34121 8 25 1260 1851 91881 6334 1.6 4 3 1 3 67% 27850 145289 67875 13%
c i 14.15 119 34114 8 25 1260 1850 91883 6334 1.6 4 3 1 3 67% 27851 145289 67874 13%
c i 14.15 119 34108 8 25 1260 1850 91885 6334 1.6 4 3 1 3 67% 27852 145289 67873 13%
c
c  seconds      switched      rate         size/glue tier1   binary           remaining
c          MB     reductions     conflicts      size  tier2      irredundant
c             level    restarts       redundant   glue   trail           variables
c
c i 14.15 119 34101 8 25 1260 1850 91887 6334 1.6 4 3 1 3 67% 27853 145289 67872 13%
c i 14.15 119 34095 8 25 1260 1849 91889 6334 1.6 4 3 1 3 67% 27854 145289 67871 13%
c i 14.15 119 34088 8 25 1260 1849 91891 6334 1.6 4 3 1 3 67% 27855 145289 67870 13%
c i 14.15 119 34081 8 25 1260 1849 91893 6334 1.6 4 3 1 3 67% 27856 145289 67869 13%
c i 14.15 119 34074 8 25 1260 1848 91895 6334 1.6 4 3 1 3 67% 27857 145289 67868 13%
c i 14.15 119 34068 8 25 1260 1848 91897 6334 1.6 4 3 1 3 67% 27858 145289 67867 13%
c i 14.15 119 34061 8 25 1260 1848 91899 6334 1.6 4 3 1 3 67% 27859 145289 67866 13%
c i 14.15 119 34054 8 25 1260 1847 91901 6334 1.6 4 3 1 3 67% 27860 145289 67865 13%
c i 14.15 119 34047 8 25 1260 1847 91903 6334 1.6 4 3 1 3 67% 27861 145289 67864 13%
c i 14.15 119 34041 8 25 1260 1846 91905 6334 1.6 4 3 1 3 67% 27862 145289 67863 13%
c i 14.15 119 34034 8 25 1260 1846 91907 6334 1.6 4 3 1 3 67% 27863 145289 67862 13%
c i 14.15 119 34027 8 25 1260 1846 91909 6334 1.6 4 3 1 3 67% 27864 145289 67861 13%
c i 14.15 119 34020 8 25 1260 1845 91911 6334 1.6 4 3 1 3 67% 27865 145289 67860 13%
c i 14.15 119 34014 8 25 1260 1845 91913 6334 1.6 4 3 1 3 67% 27866 145289 67859 13%
c i 14.15 119 34007 8 25 1260 1845 91915 6334 1.6 4 3 1 3 67% 27867 145289 67858 13%
c i 14.15 119 34000 8 25 1260 1844 91917 6334 1.6 4 3 1 3 67% 27868 145289 67857 13%
c i 14.15 119 33994 8 25 1260 1844 91919 6334 1.6 4 3 1 3 67% 27869 145289 67856 13%
c i 14.15 119 33987 8 25 1260 1844 91921 6334 1.6 4 3 1 3 67% 27870 145289 67855 13%
c i 14.15 119 33980 8 25 1260 1843 91923 6334 1.6 4 3 1 3 67% 27871 145289 67854 13%
c i 14.15 119 33973 8 25 1260 1843 91925 6334 1.6 4 3 1 3 67% 27872 145289 67853 13%
c
c  seconds      switched      rate         size/glue tier1   binary           remaining
c          MB     reductions     conflicts      size  tier2      irredundant
c             level    restarts       redundant   glue   trail           variables
c
c i 14.15 119 33967 8 25 1260 1842 91927 6334 1.6 4 3 1 3 67% 27873 145289 67852 13%
c i 14.15 119 33960 8 25 1260 1842 91929 6334 1.6 4 3 1 3 67% 27874 145289 67851 13%
c i 14.15 119 33953 8 25 1260 1842 91931 6334 1.6 4 3 1 3 67% 27875 145289 67850 13%
c i 14.15 119 33947 8 25 1260 1841 91933 6334 1.6 4 3 1 3 67% 27876 145289 67849 13%
c i 14.15 119 33940 8 25 1260 1841 91935 6334 1.6 4 3 1 3 67% 27877 145289 67848 13%
c i 14.15 119 33930 8 25 1260 1840 91938 6334 1.6 4 3 1 3 67% 27878 145289 67847 13%
c i 14.15 119 33920 8 25 1260 1840 91987 6334 1.6 4 3 1 3 67% 27879 145289 67846 13%
c i 14.15 119 33913 8 25 1260 1839 91989 6334 1.6 4 3 1 3 67% 27880 145289 67845 13%
c i 14.15 119 33907 8 25 1260 1839 91991 6334 1.6 4 3 1 3 67% 27881 145289 67844 13%
c i 14.15 119 33900 8 25 1260 1839 91993 6334 1.6 4 3 1 3 67% 27882 145289 67843 13%
c i 14.15 119 33893 8 25 1260 1838 91995 6334 1.6 4 3 1 3 67% 27883 145289 67842 13%
c i 14.15 119 33886 8 25 1260 1838 91997 6334 1.6 4 3 1 3 67% 27884 145289 67841 13%
c i 14.15 119 33880 8 25 1260 1838 91999 6334 1.6 4 3 1 3 67% 27885 145289 67840 13%
c i 14.15 119 33873 8 25 1260 1837 92001 6334 1.6 4 3 1 3 67% 27886 145289 67839 13%
c i 14.15 119 33866 8 25 1260 1837 92003 6334 1.6 4 3 1 3 67% 27887 145289 67838 13%
c i 14.15 119 33860 8 25 1260 1837 92005 6334 1.6 4 3 1 3 67% 27888 145289 67837 13%
c i 14.15 119 33853 8 25 1260 1836 92007 6334 1.6 4 3 1 3 67% 27889 145289 67836 13%
c i 14.15 119 33846 8 25 1260 1836 92009 6334 1.6 4 3 1 3 67% 27890 145289 67835 13%
c i 14.15 119 33840 8 25 1260 1835 92011 6334 1.6 4 3 1 3 67% 27891 145289 67834 13%
c i 14.15 119 33833 8 25 1260 1835 92013 6334 1.6 4 3 1 3 67% 27892 145289 67833 13%
c
c  seconds      switched      rate         size/glue tier1   binary           remaining
c          MB     reductions     conflicts      size  tier2      irredundant
c             level    restarts       redundant   glue   trail           variables
c
c i 14.15 119 33826 8 25 1260 1835 92015 6334 1.6 4 3 1 3 67% 27893 145289 67832 13%
c i 14.15 119 33820 8 25 1260 1834 92017 6334 1.6 4 3 1 3 67% 27894 145289 67831 13%
c i 14.15 119 33813 8 25 1260 1834 92019 6334 1.6 4 3 1 3 67% 27895 145289 67830 13%
c i 14.15 119 33807 8 25 1260 1834 92021 6334 1.6 4 3 1 3 67% 27896 145289 67829 13%
c i 14.15 119 33800 8 25 1260 1833 92023 6334 1.6 4 3 1 3 67% 27897 145289 67828 13%
c i 14.15 119 33793 8 25 1260 1833 92025 6334 1.6 4 3 1 3 67% 27898 145289 67827 13%
c i 14.15 119 33787 8 25 1260 1833 92027 6334 1.6 4 3 1 3 67% 27899 145289 67826 13%
c i 14.15 119 33780 8 25 1260 1832 92029 6334 1.6 4 3 1 3 67% 27900 145289 67825 13%
c i 14.15 119 33773 8 25 1260 1832 92031 6334 1.6 4 3 1 3 67% 27901 145289 67824 13%
c i 14.15 119 33763 8 25 1260 1831 92034 6334 1.6 4 3 1 3 67% 27902 145289 67823 13%
c i 14.15 119 33757 8 25 1260 1831 92048 6334 1.6 4 3 1 3 67% 27903 145289 67822 13%
c i 14.15 119 33750 8 25 1260 1831 92050 6334 1.6 4 3 1 3 67% 27904 145289 67821 13%
c i 14.15 119 33743 8 25 1260 1830 92052 6334 1.6 4 3 1 3 67% 27905 145289 67820 13%
c i 14.15 119 33737 8 25 1260 1830 92056 6334 1.6 4 3 1 3 67% 27906 145289 67819 13%
c i 14.15 119 33730 8 25 1260 1829 92058 6334 1.6 4 3 1 3 67% 27907 145289 67818 13%
c i 14.15 119 33724 8 25 1260 1829 92060 6334 1.6 4 3 1 3 67% 27908 145289 67817 13%
c i 14.15 119 33717 8 25 1260 1829 92062 6334 1.6 4 3 1 3 67% 27909 145289 67816 13%
c i 14.15 119 33707 8 25 1260 1828 92065 6334 1.6 4 3 1 3 67% 27910 145289 67815 13%
c i 14.15 119 33700 8 25 1260 1828 92089 6334 1.6 4 3 1 3 67% 27911 145289 67814 13%
c i 14.15 119 33694 8 25 1260 1827 92091 6334 1.6 4 3 1 3 67% 27912 145289 67813 13%
c
c  seconds      switched      rate         size/glue tier1   binary           remaining
c          MB     reductions     conflicts      size  tier2      irredundant
c             level    restarts       redundant   glue   trail           variables
c
c i 14.15 119 33687 8 25 1260 1827 92093 6334 1.6 4 3 1 3 67% 27913 145289 67812 13%
c i 14.15 119 33681 8 25 1260 1827 92095 6334 1.6 4 3 1 3 67% 27914 145289 67811 13%
c i 14.15 119 33674 8 25 1260 1826 92097 6334 1.6 4 3 1 3 67% 27915 145289 67810 13%
c i 14.15 119 33667 8 25 1260 1826 92099 6334 1.6 4 3 1 3 67% 27916 145289 67809 13%
c i 14.15 119 33661 8 25 1260 1826 92101 6334 1.6 4 3 1 3 67% 27917 145289 67808 13%
c i 14.15 119 33654 8 25 1260 1825 92103 6334 1.6 4 3 1 3 67% 27918 145289 67807 13%
c i 14.15 119 33648 8 25 1260 1825 92105 6334 1.6 4 3 1 3 67% 27919 145289 67806 13%
c i 14.15 119 33641 8 25 1260 1825 92107 6334 1.6 4 3 1 3 67% 27920 145289 67805 13%
c i 14.15 119 33634 8 25 1260 1824 92109 6334 1.6 4 3 1 3 66% 27921 145289 67804 13%
c i 14.15 119 33621 8 25 1260 1823 92113 6335 1.6 4 3 1 3 66% 27922 145289 67803 13%
c i 14.15 119 33615 8 25 1260 1823 92115 6335 1.6 4 3 1 3 66% 27923 145289 67802 13%
c } 14.15 119 33572 9 25 1260 1821 92155 6341 1.6 4 3 1 3 66% 27926 145289 67802 13%
c [ 14.15 119 22158 9 25 1260 174 92155 6341 1.1 54 48 2 64 45% 27926 145289 67802 13%
c i 14.15 119 22150 9 25 1260 174 92176 6347 1.1 54 48 2 64 45% 27932 145289 67800 13%
c i 14.15 119 22146 9 25 1260 174 92183 6350 1.1 54 48 2 64 45% 27935 145289 67799 13%
c i 14.15 119 22141 9 25 1260 174 92192 6353 1.1 54 48 2 64 45% 27939 145289 67798 13%
c i 14.15 119 22126 9 25 1260 174 92224 6367 1.1 54 48 2 64 45% 27948 145289 67797 13%
c i 14.15 119 22125 9 25 1260 174 92226 6368 1.1 54 48 2 64 44% 27948 145289 67796 13%
c i 14.15 119 22113 9 25 1260 174 92250 6375 1.1 54 48 2 64 44% 27958 145289 67794 13%
c i 14.15 119 22103 9 25 1260 174 92277 6380 1.1 54 47 2 64 44% 27962 145289 67792 13%
c
c  seconds      switched     rate         size/glue  tier1     binary           remaining
c          MB     reductions    conflicts       size   tier2       irredundant
c             level    restarts      redundant     glue    trail           variables
c
c i 14.15 119 22098 9 25 1260 174 92288 6384 1.1 54 47 2 64 44% 27963 145289 67790 13%
c i 14.15 119 22074 9 25 1260 173 92340 6410 1.1 54 47 2 64 44% 27970 145289 67788 13%
c i 14.15 119 22073 9 25 1260 173 92342 6410 1.1 54 47 2 64 44% 27971 145289 67787 13%
c i 14.15 119 22071 9 25 1260 173 92345 6410 1.1 54 47 2 64 44% 27973 145289 67786 13%
c i 14.15 119 22069 9 25 1260 173 92350 6412 1.1 54 47 2 64 44% 27974 145289 67784 13%
c i 14.15 119 22068 9 25 1260 173 92352 6412 1.1 54 47 2 64 44% 27974 145289 67783 13%
c i 14.15 119 22066 9 25 1260 173 92358 6411 1.1 54 47 2 64 44% 27977 145289 67782 13%
c i 14.15 119 22051 9 25 1260 173 92395 6422 1.1 54 47 2 64 44% 27985 145287 67781 13%
c i 14.15 119 22009 9 25 1260 173 92489 6464 1.1 54 47 2 64 44% 27995 145284 67776 13%
c i 14.15 119 22003 9 25 1260 173 92503 6469 1.1 54 47 2 64 44% 27996 145284 67775 13%
c i 14.15 119 21986 9 25 1260 173 92541 6468 1.1 54 47 2 64 44% 28014 145284 67773 13%
c i 14.15 119 21976 9 25 1260 173 92562 6472 1.1 54 47 2 64 44% 28018 145284 67769 13%
c i 14.15 119 21913 9 25 1260 172 92692 6547 1.1 54 47 2 64 44% 28030 145284 67768 13%
c i 14.15 119 21865 9 25 1260 172 92797 6582 1.1 53 47 2 64 44% 28045 145284 67765 13%
c i 14.15 119 21863 9 25 1260 172 92800 6582 1.1 53 47 2 64 44% 28047 145284 67764 13%
c i 14.15 119 21847 9 25 1260 172 92834 6603 1.1 53 47 2 64 44% 28048 145284 67759 13%
c i 14.15 119 21840 9 25 1260 172 92855 6594 1.1 53 47 2 64 44% 28056 145284 67749 13%
c i 14.15 119 21827 9 25 1260 172 92881 6607 1.1 53 47 2 64 44% 28058 145284 67741 13%
c i 14.15 119 21820 9 25 1260 171 92896 6611 1.1 53 47 2 64 44% 28062 145284 67739 13%
c i 14.15 119 21815 9 25 1260 171 92909 6614 1.1 53 47 2 64 44% 28063 145284 67737 13%
c
c  seconds      switched     rate         size/glue  tier1     binary           remaining
c          MB     reductions    conflicts       size   tier2       irredundant
c             level    restarts      redundant     glue    trail           variables
c
c i 14.15 119 21814 9 25 1260 171 92912 6614 1.1 53 47 2 64 44% 28064 145284 67736 13%
c i 14.15 119 21812 9 25 1260 171 92917 6615 1.1 53 47 2 64 44% 28065 145284 67735 13%
c i 14.15 119 21811 9 25 1260 171 92919 6615 1.1 53 47 2 64 44% 28066 145284 67734 13%
c i 14.15 119 21810 9 25 1260 171 92921 6615 1.1 53 47 2 64 44% 28067 145284 67733 13%
c i 14.15 119 21808 9 25 1260 171 92926 6615 1.1 53 47 2 64 44% 28070 145284 67732 13%
c i 14.15 119 21807 9 25 1260 171 92928 6615 1.1 53 47 2 64 44% 28071 145284 67731 13%
c i 14.15 119 21806 9 25 1260 171 92931 6615 1.1 53 47 2 64 44% 28072 145284 67730 13%
c i 14.15 119 21711 9 25 1260 171 93146 6746 1.1 53 47 2 64 44% 28083 145284 67726 13%
c i 14.15 119 21662 9 25 1260 170 93267 6796 1.1 53 47 2 64 44% 28096 145284 67725 13%
c i 14.15 119 21643 9 25 1260 170 93309 6820 1.1 53 47 2 64 44% 28096 145284 67723 13%
c i 14.15 119 21633 9 25 1260 170 93331 6826 1.1 53 47 2 64 44% 28103 145284 67722 13%
c i 14.15 119 21631 9 25 1260 170 93335 6826 1.1 53 47 2 64 44% 28104 145284 67719 13%
c i 14.15 119 21623 9 25 1260 170 93351 6831 1.1 53 47 2 64 43% 28111 145284 67718 13%
c i 14.15 119 21619 9 25 1260 170 93361 6833 1.1 53 47 2 64 43% 28114 145283 67717 13%
c i 14.15 119 21612 9 25 1260 170 93377 6835 1.1 53 47 2 64 43% 28117 145283 67716 13%
c i 14.16 119 21611 9 25 1261 170 93378 6835 1.1 53 47 2 64 43% 28117 145283 67709 13%
c i 14.16 119 21611 9 25 1261 170 93381 6835 1.1 53 47 2 64 43% 28119 145281 67708 13%
c i 14.16 119 21608 9 25 1261 170 93387 6835 1.1 53 47 2 64 43% 28122 145280 67707 13%
c i 14.16 119 21606 9 25 1261 170 93391 6835 1.1 53 47 2 64 43% 28124 145280 67706 13%
c i 14.16 119 21603 9 25 1261 170 93401 6835 1.1 53 47 2 64 43% 28128 145278 67705 13%
c
c  seconds      switched     rate         size/glue  tier1     binary           remaining
c          MB     reductions    conflicts       size   tier2       irredundant
c             level    restarts      redundant     glue    trail           variables
c
c i 14.16 119 21599 9 25 1261 170 93408 6835 1.1 53 47 2 64 43% 28130 145278 67704 13%
c i 14.16 119 21596 9 25 1261 170 93414 6835 1.1 53 47 2 64 43% 28132 145278 67703 13%
c i 14.16 119 21589 9 25 1261 170 93431 6836 1.1 53 46 2 64 43% 28138 145272 67699 13%
c i 14.16 119 21589 9 25 1261 170 93433 6836 1.1 53 46 2 64 43% 28139 145272 67698 13%
c i 14.16 119 21587 9 25 1261 170 93441 6836 1.1 53 46 2 64 43% 28142 145267 67696 13%
c i 14.16 119 21581 9 25 1261 170 93454 6835 1.1 53 46 2 64 43% 28146 145266 67688 13%
c i 14.16 119 21580 9 25 1261 170 93456 6835 1.1 53 46 2 64 43% 28147 145266 67687 13%
c i 14.16 119 21577 9 25 1261 170 93466 6835 1.1 53 46 2 64 43% 28147 145262 67683 13%
c i 14.16 119 21574 9 25 1261 170 93475 6835 1.1 53 46 2 64 43% 28150 145260 67677 13%
c i 14.16 119 21573 9 25 1261 170 93477 6835 1.1 53 46 2 64 43% 28151 145260 67676 13%
c i 14.16 119 21570 9 25 1261 169 93492 6835 1.1 53 46 2 64 43% 28154 145249 67675 13%
c i 14.17 119 21561 9 25 1261 171 93527 6839 1.1 53 46 2 64 43% 28171 145242 67667 13%
c i 14.18 119 21530 9 25 1261 172 93595 6875 1.1 53 46 2 64 43% 28194 145240 67666 13%
c i 14.18 119 21527 9 25 1261 172 93600 6875 1.1 53 46 2 64 43% 28195 145240 67662 13%
c i 14.18 119 21517 9 25 1261 172 93622 6890 1.1 53 46 2 64 43% 28196 145240 67661 13%
c i 14.18 119 21511 9 25 1261 172 93633 6890 1.1 53 46 2 64 43% 28197 145240 67653 13%
c i 14.18 119 21491 9 25 1261 172 93678 6898 1.1 53 46 2 64 43% 28211 145240 67648 13%
c i 14.18 119 21479 9 25 1261 172 93704 6899 1.1 53 46 2 64 43% 28215 145240 67647 13%
c i 14.18 119 21474 9 25 1261 172 93720 6902 1.1 53 46 2 64 43% 28221 145238 67645 13%
c i 14.18 119 21471 9 25 1261 172 93731 6902 1.1 53 46 2 64 43% 28226 145232 67640 13%
c
c  seconds      switched     rate         size/glue  tier1     binary           remaining
c          MB     reductions    conflicts       size   tier2       irredundant
c             level    restarts      redundant     glue    trail           variables
c
c i 14.18 119 21461 9 25 1261 171 93763 6906 1.1 53 46 2 64 43% 28233 145224 67639 13%
c i 14.19 119 21453 9 25 1261 172 93784 6913 1.1 53 46 2 64 43% 28238 145224 67638 13%
c i 14.19 119 21447 9 25 1261 172 93796 6913 1.1 53 46 2 64 43% 28241 145224 67636 13%
c i 14.19 119 21433 9 25 1261 172 93827 6916 1.1 53 46 2 64 43% 28249 145223 67635 13%
c i 14.19 119 21429 9 25 1261 172 93841 6914 1.1 53 46 2 64 43% 28256 145217 67633 13%
c i 14.20 119 21420 9 25 1261 172 94158 7114 1.1 52 46 2 64 43% 28291 145213 67632 13%
c i 14.20 119 21418 9 25 1261 171 94221 7142 1.1 52 46 2 64 43% 28292 145213 67631 13%
c i 14.20 119 21409 9 25 1261 171 94369 7224 1.1 52 46 2 64 43% 28307 145213 67629 13%
c i 14.20 119 21405 9 25 1261 171 94414 7243 1.1 52 46 2 64 43% 28308 145213 67628 13%
c i 14.20 119 21404 9 25 1261 171 94419 7244 1.1 52 46 2 64 43% 28308 145213 67627 13%
c i 14.20 119 21396 9 25 1261 170 94520 7291 1.1 52 46 2 64 43% 28315 145213 67626 13%
c i 14.21 119 21406 9 25 1262 170 94650 7370 1.1 52 46 2 64 43% 28334 145207 67625 13%
c i 14.21 119 21403 9 25 1262 170 94657 7369 1.1 52 46 2 64 43% 28337 145207 67624 13%
c i 14.21 119 21401 9 25 1262 170 94663 7372 1.1 52 46 2 64 43% 28339 145207 67623 13%
c i 14.21 119 21398 9 25 1262 170 94669 7371 1.1 52 46 2 64 43% 28341 145207 67620 13%
c i 14.21 119 21397 9 25 1262 170 94676 7371 1.1 52 46 2 64 43% 28346 145204 67619 13%
c i 14.21 119 21390 9 25 1262 170 94690 7375 1.1 52 46 2 64 43% 28352 145204 67618 13%
c i 14.21 119 21388 9 25 1262 170 94694 7376 1.1 52 46 2 64 43% 28353 145204 67617 13%
c i 14.21 119 21387 9 25 1262 170 94696 7377 1.1 52 46 2 64 43% 28353 145204 67616 13%
c i 14.21 119 21384 9 25 1262 170 94703 7378 1.1 52 46 2 64 43% 28356 145203 67614 13%
c
c  seconds      switched     rate         size/glue  tier1     binary           remaining
c          MB     reductions    conflicts       size   tier2       irredundant
c             level    restarts      redundant     glue    trail           variables
c
c i 14.21 119 21352 9 25 1262 170 94775 7420 1.1 52 45 2 64 43% 28370 145200 67613 13%
c i 14.21 119 21352 9 25 1262 170 94776 7420 1.1 52 45 2 64 43% 28370 145200 67612 13%
c i 14.21 119 21337 9 25 1262 170 94813 7429 1.1 52 45 2 64 43% 28390 145198 67611 13%
c i 14.21 119 21335 9 25 1262 170 94818 7429 1.1 52 45 2 64 43% 28392 145197 67608 13%
c i 14.21 119 21332 9 25 1262 170 94825 7428 1.1 52 45 2 64 43% 28396 145196 67607 13%
c i 14.21 119 21331 9 25 1262 170 94828 7428 1.1 52 45 2 64 43% 28398 145195 67606 13%
c i 14.21 119 21329 9 25 1262 170 94834 7429 1.1 52 45 2 64 43% 28399 145195 67605 13%
c i 14.21 119 21327 9 25 1262 170 94843 7430 1.1 52 45 2 64 43% 28400 145195 67604 13%
c i 14.21 119 21326 9 25 1262 170 94847 7430 1.1 52 45 2 64 43% 28402 145195 67603 13%
c i 14.21 119 21325 9 25 1262 170 94848 7430 1.1 52 45 2 64 43% 28402 145195 67602 13%
c i 14.21 119 21323 9 25 1262 170 94852 7433 1.1 52 45 2 64 43% 28402 145195 67601 13%
c i 14.21 119 21309 9 25 1262 170 94883 7458 1.1 52 45 2 64 43% 28404 145195 67600 13%
c i 14.21 119 21308 9 25 1262 170 94886 7458 1.1 52 45 2 64 43% 28404 145195 67599 13%
c i 14.21 119 21306 9 25 1262 170 94890 7458 1.1 52 45 2 64 43% 28407 145195 67598 13%
c i 14.22 119 21291 9 25 1262 171 94926 7476 1.1 52 45 2 64 43% 28413 145195 67597 13%
c i 14.22 119 21286 9 25 1262 170 94940 7478 1.1 52 45 2 64 43% 28415 145194 67592 13%
c i 14.22 119 21285 9 25 1262 170 94945 7478 1.1 52 45 2 64 43% 28417 145194 67591 13%
c i 14.22 119 21282 9 25 1262 170 94950 7479 1.1 52 45 2 64 43% 28419 145194 67590 13%
c i 14.22 119 21257 9 25 1262 170 95009 7510 1.1 52 45 2 64 43% 28429 145194 67589 13%
c i 14.22 119 21255 9 25 1262 170 95013 7513 1.1 52 45 2 64 43% 28429 145194 67588 13%
c
c  seconds      switched     rate         size/glue  tier1     binary           remaining
c          MB     reductions    conflicts       size   tier2       irredundant
c             level    restarts      redundant     glue    trail           variables
c
c i 14.22 119 21254 9 25 1262 170 95014 7513 1.1 52 45 2 64 43% 28429 145194 67587 13%
c i 14.22 119 21250 9 25 1262 170 95023 7518 1.1 52 45 2 64 43% 28429 145194 67584 13%
c i 14.22 119 21249 9 25 1262 170 95025 7519 1.1 52 45 2 64 43% 28429 145194 67583 13%
c i 14.22 119 21216 9 25 1262 170 95104 7557 1.1 52 45 2 64 43% 28434 145194 67582 13%
c i 14.22 119 21212 9 25 1262 170 95115 7559 1.1 52 45 2 64 43% 28436 145194 67581 13%
c i 14.22 119 21209 9 25 1262 170 95127 7559 1.1 52 45 2 64 43% 28438 145194 67580 13%
c i 14.22 119 21205 9 25 1262 170 95135 7561 1.1 52 45 2 64 43% 28440 145194 67579 13%
c i 14.22 119 21202 9 25 1262 170 95145 7562 1.1 52 45 2 64 43% 28442 145194 67577 13%
c i 14.22 119 21194 9 25 1262 170 95163 7574 1.1 52 45 2 64 43% 28444 145194 67576 13%
c i 14.22 119 21193 9 25 1262 170 95166 7575 1.1 52 45 2 64 43% 28445 145194 67575 13%
c i 14.22 119 21183 9 25 1262 170 95189 7578 1.1 51 45 2 64 43% 28449 145194 67570 13%
c i 14.22 119 21167 9 25 1262 169 95230 7577 1.1 51 45 2 64 43% 28462 145194 67568 13%
c i 14.22 119 21166 9 25 1262 169 95232 7577 1.1 51 45 2 64 43% 28463 145194 67567 13%
c i 14.22 119 21163 9 25 1262 169 95241 7577 1.1 51 45 2 64 43% 28465 145194 67566 13%
c i 14.22 119 21160 9 25 1262 169 95248 7577 1.1 51 45 2 64 43% 28466 145194 67565 13%
c i 14.22 119 21158 9 25 1262 169 95255 7577 1.1 51 45 2 64 43% 28468 145194 67564 13%
c i 14.22 119 21156 9 25 1262 169 95266 7577 1.1 51 45 2 64 43% 28469 145194 67563 13%
c i 14.22 119 21155 9 25 1262 169 95269 7577 1.1 51 45 2 64 43% 28470 145194 67562 13%
c i 14.22 119 21154 9 25 1262 169 95271 7577 1.1 51 45 2 64 43% 28471 145194 67561 13%
c i 14.22 119 21153 9 25 1262 169 95273 7577 1.1 51 45 2 64 43% 28472 145194 67560 13%
c
c  seconds      switched     rate         size/glue  tier1     binary           remaining
c          MB     reductions    conflicts       size   tier2       irredundant
c             level    restarts      redundant     glue    trail           variables
c
c i 14.22 119 21151 9 25 1262 169 95278 7577 1.1 51 45 2 64 43% 28473 145194 67559 13%
c i 14.22 119 21149 9 25 1262 169 95284 7577 1.1 51 45 2 64 43% 28475 145194 67558 13%
c i 14.22 119 21147 9 25 1262 169 95287 7577 1.1 51 45 2 64 43% 28476 145194 67557 13%
c i 14.22 119 21145 9 25 1262 169 95298 7577 1.1 51 45 2 64 43% 28478 145194 67555 13%
c i 14.22 119 21143 9 25 1262 169 95303 7577 1.1 51 45 2 64 43% 28480 145194 67554 13%
c i 14.22 119 21142 9 25 1262 169 95305 7577 1.1 51 45 2 64 43% 28481 145194 67553 13%
c i 14.22 119 21141 9 25 1262 169 95307 7577 1.1 51 45 2 64 43% 28482 145194 67552 13%
c i 14.22 119 21139 9 25 1262 169 95313 7577 1.1 51 45 2 64 43% 28483 145194 67551 13%
c i 14.22 119 21138 9 25 1262 169 95316 7577 1.1 51 45 2 64 43% 28484 145194 67550 13%
c i 14.22 119 21137 9 25 1262 169 95320 7577 1.1 51 45 2 64 43% 28485 145194 67549 13%
c i 14.22 119 21135 9 25 1262 170 95328 7577 1.1 51 45 2 64 43% 28486 145194 67548 13%
c i 14.22 119 21134 9 25 1262 170 95333 7577 1.1 51 45 2 64 43% 28487 145194 67547 13%
c i 14.22 119 21132 9 25 1262 170 95339 7577 1.1 51 45 2 64 43% 28488 145194 67546 13%
c i 14.22 119 21130 9 25 1262 170 95344 7577 1.1 51 45 2 64 43% 28490 145193 67543 13%
c i 14.22 119 21129 9 25 1262 170 95347 7577 1.1 51 45 2 64 43% 28491 145193 67542 13%
c i 14.22 119 21128 9 25 1262 170 95349 7577 1.1 51 45 2 64 43% 28492 145193 67541 13%
c i 14.22 119 21126 9 25 1262 170 95353 7577 1.1 51 45 2 64 43% 28494 145193 67539 13%
c i 14.22 119 21126 9 25 1262 170 95355 7577 1.1 51 45 2 64 43% 28495 145192 67538 13%
c i 14.22 119 21125 9 25 1262 170 95357 7577 1.1 51 45 2 64 43% 28496 145192 67537 13%
c i 14.22 119 21123 9 25 1262 170 95361 7578 1.1 51 45 2 64 43% 28497 145192 67536 13%
c
c  seconds      switched     rate         size/glue  tier1     binary           remaining
c          MB     reductions    conflicts       size   tier2       irredundant
c             level    restarts      redundant     glue    trail           variables
c
c i 14.23 119 21118 9 25 1262 170 95373 7580 1.1 51 45 2 64 43% 28503 145192 67535 13%
c i 14.23 119 21106 9 25 1262 170 95402 7585 1.1 51 45 2 64 43% 28512 145191 67534 13%
c i 14.23 119 21105 9 25 1262 170 95404 7585 1.1 51 45 2 64 43% 28513 145191 67533 13%
c i 14.23 119 21104 9 25 1262 170 95406 7585 1.1 51 45 2 64 43% 28514 145191 67532 13%
c i 14.23 119 21103 9 25 1262 170 95409 7585 1.1 51 45 2 64 43% 28516 145191 67531 13%
c i 14.23 119 21102 9 25 1262 170 95412 7585 1.1 51 45 2 64 43% 28517 145191 67530 13%
c i 14.23 119 21101 9 25 1262 169 95415 7585 1.1 51 45 2 64 43% 28518 145191 67529 13%
c i 14.23 119 21098 9 25 1262 169 95423 7585 1.1 51 45 2 64 43% 28522 145191 67528 13%
c i 14.23 119 21097 9 25 1262 169 95427 7585 1.1 51 45 2 64 43% 28523 145191 67527 13%
c i 14.23 119 21096 9 25 1262 169 95429 7585 1.1 51 45 2 64 43% 28524 145191 67526 13%
c i 14.23 119 21094 9 25 1262 169 95434 7585 1.1 51 45 2 64 42% 28528 145191 67525 13%
c i 14.23 119 21093 9 25 1262 169 95440 7582 1.1 51 45 2 64 42% 28529 145191 67524 13%
c i 14.23 119 21092 9 25 1262 169 95445 7582 1.1 51 45 2 64 42% 28530 145191 67523 13%
c i 14.23 119 21091 9 25 1262 169 95447 7582 1.1 51 45 2 64 42% 28531 145191 67522 13%
c i 14.23 119 21090 9 25 1262 169 95449 7582 1.1 51 45 2 64 42% 28532 145191 67521 13%
c i 14.23 119 21088 9 25 1262 169 95455 7580 1.1 51 45 2 64 42% 28534 145191 67519 13%
c i 14.23 119 21086 9 25 1262 169 95459 7580 1.1 51 45 2 64 42% 28536 145191 67518 13%
c i 14.23 119 21085 9 25 1262 169 95463 7581 1.1 51 45 2 64 42% 28538 145191 67517 13%
c i 14.23 119 21081 9 25 1262 169 95470 7582 1.1 51 45 2 64 42% 28540 145191 67514 13%
c i 14.23 119 21079 9 25 1262 169 95474 7582 1.1 51 45 2 64 42% 28541 145191 67512 13%
c
c  seconds      switched     rate         size/glue  tier1     binary           remaining
c          MB     reductions    conflicts       size   tier2       irredundant
c             level    restarts      redundant     glue    trail           variables
c
c i 14.23 119 21078 9 25 1262 169 95477 7582 1.1 51 45 2 64 42% 28542 145191 67511 13%
c i 14.23 119 21072 9 25 1262 169 95491 7588 1.1 51 45 2 64 42% 28544 145191 67510 13%
c i 14.23 119 21065 9 25 1262 169 95507 7590 1.1 51 45 2 64 42% 28552 145191 67508 13%
c i 14.23 119 21062 9 25 1262 169 95513 7592 1.1 51 45 2 64 42% 28553 145191 67506 13%
c i 14.23 119 21061 9 25 1262 169 95518 7592 1.1 51 45 2 64 42% 28554 145191 67504 13%
c i 14.23 119 21055 9 25 1262 169 95531 7592 1.1 51 45 2 64 42% 28562 145191 67503 13%
c i 14.23 119 21051 9 25 1262 169 95539 7593 1.1 51 45 2 64 42% 28564 145191 67501 13%
c i 14.23 119 21048 9 25 1262 169 95546 7595 1.1 51 45 2 64 42% 28566 145191 67499 13%
c i 14.23 119 21039 9 25 1262 169 95569 7599 1.1 51 45 2 64 42% 28573 145191 67492 13%
c i 14.23 119 21035 9 25 1262 169 95580 7599 1.1 51 45 2 64 42% 28576 145188 67485 13%
c i 14.23 119 21031 9 25 1262 169 95589 7599 1.1 51 45 2 64 42% 28580 145188 67484 13%
c i 14.23 119 21030 9 25 1262 169 95594 7599 1.1 51 45 2 64 42% 28583 145186 67483 13%
c i 14.23 119 21028 9 25 1262 170 95605 7599 1.1 51 45 2 64 42% 28588 145186 67482 13%
c i 14.23 119 21023 9 25 1262 170 95620 7603 1.1 51 45 2 64 42% 28595 145180 67481 13%
c i 14.23 119 21020 9 25 1262 170 95626 7604 1.1 51 45 2 64 42% 28595 145180 67478 13%
c i 14.23 119 21014 9 25 1262 170 95644 7609 1.1 51 45 2 64 42% 28598 145180 67476 13%
c i 14.23 119 21009 9 25 1262 170 95658 7611 1.1 51 45 2 64 42% 28602 145178 67475 13%
c i 14.23 119 21008 9 25 1262 170 95660 7611 1.1 51 45 2 64 42% 28603 145178 67474 13%
c i 14.23 119 21004 9 25 1262 170 95670 7612 1.1 51 45 2 64 42% 28608 145176 67473 13%
c - 14.24 119 21004 9 26 1262 170 95670 6276 1.1 51 45 2 62 42% 27160 145176 67473 13%
c
c  seconds      switched     rate         size/glue  tier1     binary           remaining
c          MB     reductions    conflicts       size   tier2       irredundant
c             level    restarts      redundant     glue    trail           variables
c
c i 14.24 119 21004 9 26 1262 170 95675 6276 1.1 51 45 2 62 42% 27163 145173 67472 13%
c i 14.24 119 20992 9 26 1262 169 95703 6289 1.1 51 45 2 62 42% 27168 145172 67471 13%
c i 14.24 119 20989 9 26 1262 170 95715 6288 1.1 51 45 2 62 42% 27171 145167 67470 13%
c i 14.24 119 20986 9 26 1262 170 95724 6289 1.1 51 45 2 62 42% 27172 145164 67467 13%
c i 14.24 119 20985 9 26 1262 170 95726 6289 1.1 51 45 2 62 42% 27173 145164 67466 13%
c i 14.24 119 20983 9 26 1262 170 95730 6289 1.1 51 45 2 62 42% 27174 145164 67463 13%
c i 14.24 119 20982 9 26 1262 170 95732 6289 1.1 51 45 2 62 42% 27175 145164 67462 13%
c i 14.24 119 20980 9 26 1262 170 95743 6289 1.1 51 45 2 62 42% 27175 145158 67461 13%
c i 14.24 119 20976 9 26 1262 170 95752 6290 1.1 51 45 2 62 42% 27178 145158 67457 13%
c i 14.24 119 20972 9 26 1262 170 95763 6292 1.1 51 45 2 62 42% 27181 145158 67456 13%
c i 14.24 119 20966 9 26 1262 170 95774 6293 1.1 51 45 2 62 42% 27185 145158 67454 13%
c i 14.25 119 20939 9 26 1262 170 95863 6310 1.1 51 45 2 62 42% 27209 145158 67453 13%
c i 14.25 119 20938 9 26 1262 170 95876 6310 1.1 51 45 2 62 42% 27210 145158 67452 13%
c i 14.25 119 20937 9 26 1262 170 95878 6310 1.1 51 45 2 62 42% 27211 145158 67451 13%
c i 14.25 119 20936 9 26 1262 171 95885 6310 1.1 51 45 2 62 42% 27212 145158 67450 13%
c i 14.25 119 20934 9 26 1262 171 95890 6310 1.1 51 45 2 62 42% 27216 145158 67449 13%
c i 14.25 119 20933 9 26 1262 171 95892 6310 1.1 51 45 2 62 42% 27217 145158 67448 13%
c i 14.25 119 20932 9 26 1262 171 95894 6310 1.1 51 45 2 62 42% 27218 145158 67447 13%
c i 14.26 119 20925 9 26 1262 171 95912 6317 1.1 51 45 2 62 42% 27222 145158 67446 13%
c i 14.26 119 20923 9 26 1262 171 95916 6318 1.1 51 45 2 62 42% 27223 145158 67445 13%
c
c  seconds      switched     rate         size/glue  tier1     binary           remaining
c          MB     reductions    conflicts       size   tier2       irredundant
c             level    restarts      redundant     glue    trail           variables
c
c i 14.26 119 20922 9 26 1262 171 95918 6318 1.1 51 45 2 62 42% 27224 145158 67444 13%
c i 14.27 119 20866 9 26 1262 169 96792 6800 1.1 50 44 2 62 42% 27373 145158 67443 13%
c i 14.28 119 20834 9 26 1263 168 97150 7031 1.1 50 44 2 62 42% 27422 145158 67442 13%
c i 14.28 119 20832 9 26 1263 168 97153 7031 1.1 50 44 2 62 42% 27423 145158 67440 13%
c i 14.28 119 20831 9 26 1263 168 97155 7031 1.1 50 44 2 62 42% 27424 145158 67439 13%
c i 14.28 119 20811 9 26 1263 168 97207 7046 1.1 50 44 2 62 42% 27439 145156 67432 13%
c i 14.28 119 20807 9 26 1263 168 97219 7049 1.1 50 44 2 62 42% 27442 145154 67427 13%
c i 14.28 119 20801 9 26 1263 168 97233 7047 1.1 50 44 2 62 42% 27449 145154 67425 13%
c i 14.28 119 20795 9 26 1263 168 97247 7049 1.1 50 44 2 62 42% 27457 145152 67424 13%
c i 14.28 119 20793 9 26 1263 168 97253 7047 1.1 50 44 2 62 42% 27460 145152 67423 13%
c i 14.28 119 20791 9 26 1263 168 97258 7048 1.1 50 44 2 62 42% 27461 145152 67422 13%
c i 14.28 119 20783 9 26 1263 168 97276 7049 1.1 50 44 2 62 42% 27471 145152 67421 13%
c i 14.28 119 20771 9 26 1263 168 97303 7055 1.1 50 44 2 62 42% 27482 145152 67419 13%
c i 14.28 119 20771 9 26 1263 168 97304 7055 1.1 50 44 2 62 42% 27482 145152 67418 13%
c i 14.28 119 20767 9 26 1263 168 97312 7057 1.1 50 44 2 62 42% 27486 145152 67417 13%
c i 14.28 119 20762 9 26 1263 168 97324 7055 1.1 50 44 2 62 42% 27489 145152 67406 13%
c i 14.28 119 20759 9 26 1263 168 97330 7057 1.1 50 44 2 62 42% 27490 145152 67405 13%
c i 14.28 119 20758 9 26 1263 168 97332 7057 1.1 50 44 2 62 42% 27491 145152 67404 13%
c i 14.28 119 20756 9 26 1263 168 97338 7055 1.1 50 44 2 62 42% 27494 145150 67403 13%
c i 14.28 119 20752 9 26 1263 167 97348 7059 1.1 50 44 2 62 42% 27496 145150 67401 13%
c
c  seconds      switched     rate         size/glue  tier1     binary           remaining
c          MB     reductions    conflicts       size   tier2       irredundant
c             level    restarts      redundant     glue    trail           variables
c
c i 14.28 119 20728 9 26 1263 167 97404 7096 1.1 50 44 2 62 42% 27501 145150 67400 13%
c i 14.28 119 20723 9 26 1263 167 97416 7102 1.1 50 44 2 62 42% 27503 145150 67398 13%
c i 14.28 119 20568 9 26 1263 166 97797 7325 1.1 50 43 2 62 42% 27524 145150 67397 13%
c i 14.28 119 20567 9 26 1263 166 97799 7325 1.1 50 43 2 62 42% 27525 145150 67396 13%
c i 14.28 119 20566 9 26 1263 166 97801 7325 1.1 50 43 2 62 42% 27526 145150 67395 13%
c i 14.28 119 20565 9 26 1263 166 97803 7325 1.1 50 43 2 62 42% 27527 145150 67394 13%
c i 14.28 119 20564 9 26 1263 166 97805 7325 1.1 50 43 2 62 42% 27528 145150 67393 13%
c i 14.28 119 20563 9 26 1263 166 97808 7325 1.1 50 43 2 62 42% 27530 145150 67392 13%
c i 14.28 119 20562 9 26 1263 166 97810 7325 1.1 50 43 2 62 42% 27531 145150 67391 13%
c i 14.28 119 20560 9 26 1263 166 97814 7326 1.1 50 43 2 62 42% 27533 145150 67390 13%
c i 14.28 119 20552 9 26 1263 166 97832 7335 1.1 50 43 2 62 41% 27539 145150 67389 13%
c i 14.28 119 20551 9 26 1263 166 97834 7335 1.1 50 43 2 62 41% 27540 145150 67388 13%
c i 14.28 119 20549 9 26 1263 166 97837 7336 1.1 50 43 2 62 41% 27541 145150 67387 13%
c i 14.28 119 20547 9 26 1263 166 97843 7340 1.1 50 43 2 62 41% 27542 145150 67386 13%
c i 14.28 119 20540 9 26 1263 166 97861 7349 1.1 50 43 2 62 41% 27545 145150 67385 13%
c i 14.28 119 20529 9 26 1263 166 97886 7363 1.1 50 43 2 62 41% 27554 145150 67384 13%
c i 14.28 119 20527 9 26 1263 166 97891 7365 1.1 50 43 2 62 41% 27556 145150 67383 13%
c i 14.28 119 20522 9 26 1263 166 97901 7367 1.1 50 43 2 62 41% 27560 145150 67381 13%
c i 14.28 119 20521 9 26 1263 166 97904 7368 1.1 50 43 2 62 41% 27561 145150 67380 13%
c i 14.28 119 20519 9 26 1263 166 97907 7369 1.1 50 43 2 62 41% 27562 145150 67379 13%
c
c  seconds      switched     rate         size/glue  tier1     binary           remaining
c          MB     reductions    conflicts       size   tier2       irredundant
c             level    restarts      redundant     glue    trail           variables
c
c i 14.28 119 20516 9 26 1263 166 97914 7371 1.1 50 43 2 62 41% 27564 145150 67377 13%
c i 14.28 119 20502 9 26 1263 166 97946 7388 1.1 49 43 2 62 41% 27576 145150 67376 13%
c i 14.28 119 20301 9 26 1264 164 98434 7644 1.1 49 43 2 62 41% 27657 145149 67375 13%
c 2 14.29 119 20261 9 26 1264 164 98531 7708 1.1 49 43 2 62 41% 27666 145148 67325 13%
c s 14.30 119 20261 9 26 1264 164 98531 7708 1.1 49 43 2 62 41% 30748 131529 67325 13%
c e 14.57 119 20261 9 26 1264 164 98531 7708 1.1 49 43 2 62 41% 17133 149413 50157 10%
c 2 14.57 119 20261 9 26 1264 164 98531 7708 1.1 49 43 2 62 41% 17132 149413 50044 10%
c s 14.60 119 20261 9 26 1264 164 98531 7708 1.1 49 43 2 62 41% 25344 128515 50044 10%
c e 14.71 119 20261 9 26 1264 164 98531 7708 1.1 49 43 2 62 41% 21271 124812 45132 9%
c ^ 14.71 119 20261 9 26 1264 164 98531 7708 1.1 49 43 2 62 41% 21271 124812 45132 9%
c i 14.72 119 20232 9 26 1264 163 98606 2451 1.1 49 43 2 62 41% 21289 124808 45131 9%
c i 14.72 119 20231 9 26 1264 163 98608 2451 1.1 49 43 2 62 41% 21290 124808 45130 9%
c i 14.72 119 20200 9 26 1264 163 98692 2490 1.1 49 43 2 62 41% 21298 124808 45129 9%
c i 14.72 119 20197 9 26 1264 163 98697 2491 1.1 49 43 2 62 41% 21299 124808 45126 9%
c i 14.72 119 20189 9 26 1264 163 98720 2498 1.1 49 43 2 62 41% 21304 124807 45125 9%
c i 14.72 119 20185 9 26 1264 163 98734 2491 1.1 49 43 2 62 41% 21307 124807 45121 9%
c i 14.72 119 20181 9 26 1264 163 98747 2492 1.1 49 43 2 62 41% 21313 124804 45120 9%
c i 14.72 119 20181 9 26 1264 163 98749 2492 1.1 49 43 2 62 41% 21314 124803 45119 9%
c i 14.72 119 20173 9 26 1264 163 98771 2499 1.1 49 43 2 62 41% 21323 124800 45118 9%
c i 14.72 119 20164 9 26 1264 163 98794 2502 1.1 49 43 2 62 41% 21328 124799 45117 9%
c
c  seconds      switched     rate         size/glue  tier1     binary          remaining
c          MB     reductions    conflicts       size   tier2       irredundant
c             level    restarts      redundant     glue    trail           variables
c
c i 14.72 119 20162 9 26 1264 163 98803 2501 1.1 49 43 2 62 41% 21331 124798 45116 9%
c i 14.72 119 20160 9 26 1264 163 98807 2501 1.1 49 43 2 62 41% 21332 124798 45115 9%
c i 14.72 119 20111 9 26 1264 163 98930 2569 1.1 49 43 2 62 41% 21352 124797 45114 9%
c i 14.73 119 20041 9 26 1264 163 99176 2724 1.1 49 42 2 62 41% 21397 124792 45113 9%
c i 14.73 119 19956 9 26 1265 161 99577 2977 1.2 49 42 2 62 40% 21475 124788 45111 9%
c i 14.73 119 19578 9 26 1265 158 100512 3552 1.2 48 41 2 62 40% 21544 124788 45110 9%
c i 14.73 119 19554 9 26 1265 158 100574 3594 1.2 48 41 2 62 40% 21551 124784 45107 9%
c i 14.73 119 19553 9 26 1265 158 100577 3594 1.2 48 41 2 62 40% 21552 124784 45105 9%
c i 14.73 119 19551 9 26 1265 158 100585 3594 1.2 48 41 2 62 40% 21553 124782 45104 9%
c i 14.73 119 19550 9 26 1265 158 100589 3594 1.2 48 41 2 62 40% 21555 124780 45103 9%
c i 14.73 119 19548 9 26 1265 158 100599 3594 1.2 48 41 2 62 40% 21558 124777 45098 9%
c i 14.73 119 19546 9 26 1265 158 100609 3593 1.2 48 41 2 62 40% 21562 124773 45094 9%
c i 14.73 119 19545 9 26 1265 158 100611 3593 1.2 48 41 2 62 40% 21563 124773 45093 9%
c i 14.73 119 19544 9 26 1265 158 100614 3593 1.2 48 41 2 62 40% 21564 124773 45091 9%
c i 14.74 119 19509 9 26 1265 158 100704 3650 1.2 48 41 2 62 40% 21574 124770 45089 9%
c - 14.75 119 19482 9 27 1265 158 100769 3010 1.2 48 41 2 57 40% 21290 124610 45089 9%
c i 14.75 119 19481 9 27 1265 158 100775 3010 1.2 48 41 2 57 40% 21292 124608 45088 9%
c i 14.75 119 19032 9 27 1266 154 101987 3844 1.2 47 41 2 57 39% 21373 124592 45086 9%
c i 14.76 119 18715 9 27 1266 152 102791 4328 1.2 46 40 2 57 38% 21411 124592 45085 9%
c i 14.76 119 18706 9 27 1266 152 102832 4339 1.2 46 40 2 57 38% 21420 124582 45079 9%
c
c  seconds      switched     rate          size/glue  tier1     binary          remaining
c          MB     reductions    conflicts        size   tier2       irredundant
c             level    restarts       redundant     glue    trail           variables
c
c i 14.76 119 18704 9 27 1266 152 102842 4340 1.2 46 40 2 57 38% 21423 124580 45074 9%
c i 14.76 119 18687 9 27 1266 151 102891 4365 1.2 46 40 2 57 38% 21433 124577 45073 9%
c i 14.77 119 18563 9 27 1266 150 103662 4885 1.2 46 40 2 57 38% 21555 124570 45072 9%
c i 14.77 119 18521 9 27 1266 149 103939 5025 1.2 46 39 2 57 38% 21616 124562 45071 9%
c W 14.79 119 18368 9 27 1266 147 104929 5633 1.2 46 39 2 57 38% 21713 124480 45071 9%
c - 14.80 119 18026 9 28 1266 144 105966 5728 1.2 45 38 2 52 37% 21758 124477 45071 9%
c i 14.81 119 17844 9 28 1267 143 106499 6089 1.2 45 38 2 52 37% 21773 124475 45070 9%
c i 14.81 119 17792 9 28 1267 142 106659 6186 1.2 45 38 2 52 37% 21792 124472 45068 9%
c i 14.81 119 17786 9 28 1267 142 106676 6195 1.2 45 38 2 52 37% 21796 124472 45067 9%
c i 14.81 119 17785 9 28 1267 142 106682 6195 1.2 45 38 2 52 37% 21801 124471 45066 9%
c i 14.81 119 17494 9 28 1267 140 107573 6736 1.2 44 37 2 52 36% 21869 124471 45065 9%
c i 14.81 119 17493 9 28 1267 140 107577 6736 1.2 44 37 2 52 36% 21871 124471 45064 9%
c i 14.82 119 17099 9 28 1269 137 108827 7495 1.2 44 37 2 52 35% 21902 124466 45063 9%
c i 14.82 119 17018 9 28 1269 136 109092 7606 1.2 44 37 2 52 35% 21944 124466 45062 9%
c i 14.82 119 17017 9 28 1269 136 109095 7606 1.2 44 37 2 52 35% 21946 124466 45061 9%
c i 14.82 119 16998 9 28 1269 136 109159 7635 1.2 44 37 2 52 35% 21969 124463 45060 9%
c i 14.82 119 16801 9 28 1269 134 109827 7974 1.2 43 37 2 52 35% 22072 124462 45058 9%
c i 14.82 119 16788 9 28 1269 134 109880 7987 1.2 43 37 2 52 35% 22079 124460 45051 9%
c b 14.83 119 16748 9 28 1269 134 110010 8026 1.2 43 36 2 52 35% 22096 124364 45008 9%
c u 14.84 119 16748 9 28 1269 134 110010 7828 1.2 43 36 2 52 35% 22245 124364 45008 9%
c
c  seconds      switched     rate          size/glue  tier1     binary          remaining
c          MB     reductions    conflicts        size   tier2       irredundant
c             level    restarts       redundant     glue    trail           variables
c
c v 14.85 119 16748 9 28 1269 134 110010 6561 1.2 43 36 2 52 35% 22498 124364 44919 9%
c w 14.87 119 16748 9 28 1269 134 110010 5018 1.2 43 36 2 52 35% 22509 124364 44908 9%
c x 14.88 119 16748 9 28 1269 134 110010 5018 1.2 43 36 2 52 35% 23505 122260 44833 9%
c t 14.90 119 16748 9 28 1269 134 110010 4443 1.2 43 36 2 52 35% 23504 121880 44833 9%
c b 14.90 119 16748 9 28 1269 134 110010 4443 1.2 43 36 2 52 35% 23504 121880 44602 9%
c f 14.92 119 16748 9 28 1269 134 110010 4443 1.2 43 36 2 52 35% 23401 121880 44609 9%
c u 14.94 119 16748 9 28 1269 134 110010 3340 1.2 43 36 2 52 35% 23637 120724 44461 9%
c v 14.95 119 16748 9 28 1269 134 110010 2714 1.2 43 36 2 52 35% 23688 120724 44408 9%
c w 14.96 119 16748 9 28 1269 134 110010 2297 1.2 43 36 2 52 35% 23689 120724 44408 9%
c x 14.98 119 16748 9 28 1269 134 110010 2288 1.2 43 36 2 52 35% 27294 114587 43493 9%
c = 15.04 119 16748 9 28 1269 134 110010 2288 1.2 43 36 2 52 35% 27296 108036 43365 9%
c t 15.06 119 16748 9 28 1269 134 110010 2036 1.2 43 36 2 52 35% 27296 107692 43358 9%
c b 15.06 119 16748 9 28 1269 134 110010 2036 1.2 43 36 2 52 35% 27296 107692 42134 8%
c f 15.08 119 16748 9 28 1269 134 110010 2036 1.2 43 36 2 52 35% 27249 107654 42143 8%
c i 15.08 119 16748 9 28 1269 134 110010 2036 1.2 43 36 2 52 35% 27249 107654 42143 8%
c i 15.08 119 16745 9 28 1269 134 110020 2038 1.2 43 36 2 52 35% 27251 107654 42141 8%
c i 15.08 119 16741 9 28 1269 134 110034 2042 1.2 43 36 2 52 35% 27251 107654 42140 8%
c i 15.08 119 16739 9 28 1269 134 110044 2043 1.2 43 36 2 52 35% 27255 107654 42139 8%
c i 15.08 119 16735 9 28 1269 134 110056 2040 1.2 43 36 2 52 35% 27257 107654 42138 8%
c i 15.09 119 16660 9 28 1269 133 110298 2170 1.2 43 36 2 52 35% 27288 107653 42137 8%
c
c  seconds      switched     rate          size/glue  tier1     binary          remaining
c          MB     reductions    conflicts        size   tier2       irredundant
c             level    restarts       redundant     glue    trail           variables
c
c i 15.09 119 16411 9 28 1269 131 111123 2597 1.2 42 36 2 52 34% 27401 107653 42136 8%
c i 15.09 119 16406 9 28 1269 131 111145 2604 1.2 42 36 2 52 34% 27405 107650 42134 8%
c i 15.09 119 16405 9 28 1269 131 111151 2604 1.2 42 36 2 52 34% 27408 107647 42132 8%
c i 15.09 119 16404 9 28 1269 131 111155 2605 1.2 42 36 2 52 34% 27409 107647 42130 8%
c i 15.09 119 16403 9 28 1269 131 111158 2607 1.2 42 36 2 52 34% 27409 107647 42129 8%
c i 15.09 119 16401 9 28 1269 131 111163 2606 1.2 42 36 2 52 34% 27411 107647 42128 8%
c - 15.11 119 16402 9 29 1270 133 111257 2350 1.2 42 36 2 46 34% 20255 107646 42128 8%
c i 15.11 119 16406 9 29 1270 133 111284 2363 1.2 42 36 2 46 34% 20262 107646 42127 8%
c i 15.12 119 16427 9 29 1270 133 111623 2525 1.2 42 36 2 46 34% 20346 107634 42125 8%
c i 15.12 119 16407 9 29 1270 133 111922 2687 1.2 42 36 2 46 34% 20396 107628 42124 8%
c i 15.12 119 16402 9 29 1270 133 111963 2713 1.2 42 36 2 46 34% 20405 107628 42123 8%
c i 15.13 119 16449 9 29 1270 133 112301 2847 1.2 42 35 2 46 35% 20506 107606 42122 8%
c i 15.13 119 16449 9 29 1270 133 112313 2848 1.2 42 35 2 46 35% 20509 107602 42119 8%
c i 15.14 119 16449 9 29 1270 133 112428 2892 1.2 42 35 2 46 35% 20537 107596 42118 8%
c i 15.14 119 16448 9 29 1270 133 112470 2920 1.2 42 35 2 46 35% 20540 107596 42117 8%
c i 15.14 119 16113 9 29 1272 131 113695 3627 1.2 42 35 2 46 34% 20734 107577 42116 8%
c i 15.14 119 16113 9 29 1272 131 113696 3627 1.2 42 35 2 46 34% 20734 107577 42115 8%
c i 15.14 119 16112 9 29 1272 131 113697 3627 1.2 42 35 2 46 34% 20734 107577 42114 8%
c i 15.14 119 16112 9 29 1272 131 113698 3627 1.2 42 35 2 46 34% 20734 107577 42113 8%
c i 15.14 119 16112 9 29 1272 131 113699 3627 1.2 42 35 2 46 34% 20734 107577 42112 8%
c
c  seconds      switched     rate          size/glue  tier1     binary          remaining
c          MB     reductions    conflicts        size   tier2       irredundant
c             level    restarts       redundant     glue    trail           variables
c
c i 15.14 119 16111 9 29 1272 131 113700 3627 1.2 42 35 2 46 34% 20734 107577 42111 8%
c i 15.14 119 16083 9 29 1272 131 113808 3675 1.2 41 35 2 46 34% 20747 107573 42110 8%
c i 15.14 119 16082 9 29 1272 131 113813 3674 1.2 41 35 2 46 34% 20749 107573 42109 8%
c i 15.14 119 16082 9 29 1272 131 113814 3674 1.2 41 35 2 46 34% 20749 107573 42108 8%
c i 15.14 119 16081 9 29 1272 131 113817 3674 1.2 41 35 2 46 34% 20750 107571 42107 8%
c i 15.14 119 16068 9 29 1272 130 113864 3695 1.2 41 35 2 46 34% 20764 107570 42106 8%
c i 15.15 119 16085 9 29 1272 131 114006 3747 1.2 41 35 2 46 34% 20812 107563 42105 8%
c i 15.16 119 16100 9 29 1272 131 114127 3784 1.2 41 35 2 46 34% 20851 107552 42103 8%
c i 15.16 119 16126 9 29 1272 132 114250 3831 1.2 41 35 2 46 34% 20890 107542 42102 8%
c i 15.17 119 16144 9 29 1272 132 114411 3890 1.2 41 35 2 46 34% 20928 107531 42100 8%
c i 15.17 119 16154 9 29 1272 132 114566 3982 1.2 41 35 2 46 34% 20944 107525 42099 8%
c i 15.17 119 16157 9 29 1272 131 114642 4010 1.2 41 35 2 46 34% 20957 107519 42098 8%
c i 15.17 119 16162 9 29 1272 131 114826 4085 1.2 41 35 2 46 34% 20998 107510 42096 8%
c i 15.18 119 16164 9 29 1272 131 114907 4104 1.2 41 35 2 46 34% 21026 107505 42095 8%
c i 15.18 119 16165 9 29 1272 131 115077 4188 1.2 41 34 2 46 34% 21067 107503 42094 8%
c i 15.18 119 16165 9 29 1272 131 115118 4216 1.2 41 34 2 46 34% 21072 107502 42093 8%
c i 15.18 119 16164 9 29 1272 131 115282 4300 1.2 41 34 2 46 34% 21116 107497 42089 8%
c i 15.19 119 16139 9 29 1272 130 115984 4658 1.2 41 34 2 46 35% 21251 107480 42088 8%
c i 15.19 119 16139 9 29 1272 130 115987 4658 1.2 41 34 2 46 35% 21253 107480 42087 8%
c i 15.19 119 16139 9 29 1272 130 115994 4660 1.2 41 34 2 46 35% 21256 107479 42086 8%
c
c  seconds      switched     rate          size/glue  tier1     binary          remaining
c          MB     reductions    conflicts        size   tier2       irredundant
c             level    restarts       redundant     glue    trail           variables
c
c i 15.19 119 16139 9 29 1272 130 115996 4660 1.2 41 34 2 46 35% 21257 107479 42085 8%
c i 15.20 119 16139 9 29 1272 131 116063 4680 1.2 41 34 2 46 35% 21280 107473 42084 8%
c i 15.20 119 16139 9 29 1272 131 116065 4680 1.2 41 34 2 46 35% 21281 107473 42083 8%
c o 15.22 119 16126 9 29 1273 131 116299 4833 1.2 41 34 2 46 35% 21312 107467 42083 8%
c i 15.23 119 16168 9 29 1273 130 116834 5311 1.2 40 34 2 46 35% 21316 107440 42082 8%
c - 15.23 119 16168 9 30 1273 130 116834 4947 1.2 40 34 2 46 35% 21183 107440 42082 8%
c i 15.25 119 16258 9 30 1273 128 117942 6024 1.2 40 33 2 46 36% 21190 107439 42080 8%
c i 15.26 119 16283 9 30 1273 128 118367 6273 1.2 39 33 2 46 37% 21240 107433 42079 8%
c i 15.27 119 16297 9 30 1273 128 118705 6424 1.2 39 33 2 46 37% 21299 107430 42078 8%
c i 15.27 119 16299 9 30 1273 127 118760 6455 1.2 39 33 2 46 37% 21308 107427 42077 8%
c i 15.27 119 16309 9 30 1273 127 119037 6617 1.2 39 33 2 46 37% 21338 107418 42076 8%
c i 15.28 119 16318 9 30 1273 127 119303 6803 1.2 39 33 2 46 38% 21353 107409 42075 8%
c i 15.28 119 16320 9 30 1273 127 119380 6853 1.2 39 33 2 46 38% 21360 107408 42073 8%
c i 15.28 119 16323 9 30 1273 127 119456 6904 1.2 39 33 2 46 38% 21365 107408 42072 8%
c i 15.30 119 16333 9 30 1273 127 119788 7055 1.2 39 33 2 46 38% 21437 107408 42071 8%
c i 15.32 119 16345 9 30 1273 127 120158 7230 1.2 39 33 2 46 38% 21525 107408 42070 8%
c i 15.32 119 16345 9 30 1273 128 120164 7231 1.2 39 33 2 46 38% 21528 107408 42069 8%
c i 15.32 119 16345 9 30 1273 128 120173 7234 1.2 39 33 2 46 38% 21533 107408 42068 8%
c i 15.32 119 16346 9 30 1273 128 120203 7238 1.2 39 33 2 46 38% 21555 107408 42067 8%
c i 15.32 119 16346 9 30 1273 128 120205 7238 1.2 39 33 2 46 38% 21556 107408 42066 8%
c
c  seconds      switched     rate          size/glue  tier1     binary          remaining
c          MB     reductions    conflicts        size   tier2       irredundant
c             level    restarts       redundant     glue    trail           variables
c
c i 15.35 119 16362 9 30 1273 128 120831 7490 1.2 39 32 2 46 39% 21770 107396 42064 8%
c i 15.36 119 16365 9 30 1273 128 120990 7590 1.2 39 32 2 46 39% 21789 107393 42063 8%
c i 15.36 119 16366 9 30 1273 128 121024 7605 1.2 39 32 2 46 39% 21799 107389 42062 8%
c i 15.36 119 16366 9 30 1273 129 121037 7611 1.2 39 32 2 46 39% 21803 107387 42061 8%
c i 15.37 119 16368 9 30 1273 129 121166 7667 1.2 39 32 2 46 39% 21834 107372 42059 8%
c i 15.38 119 16369 9 30 1274 129 121192 7678 1.2 39 32 2 46 39% 21841 107371 42058 8%
c i 15.38 119 16368 9 30 1274 129 121216 7687 1.2 39 32 2 46 39% 21848 107369 42057 8%
c i 15.38 119 16368 9 30 1274 129 121230 7694 1.2 39 32 2 46 39% 21849 107369 42056 8%
c i 15.38 119 16367 9 30 1274 129 121239 7694 1.2 39 32 2 46 39% 21852 107369 42054 8%
c i 15.38 119 16367 9 30 1274 129 121244 7692 1.2 39 32 2 46 39% 21852 107368 42052 8%
c i 15.38 119 16367 9 30 1274 129 121254 7693 1.2 39 32 2 46 39% 21856 107368 42050 8%
c i 15.38 119 16367 9 30 1274 129 121266 7694 1.2 39 32 2 46 39% 21857 107368 42049 8%
c i 15.38 119 16366 9 30 1274 129 121276 7694 1.2 39 32 2 46 39% 21857 107368 42043 8%
c i 15.38 119 16364 9 30 1274 129 121334 7707 1.2 39 32 2 46 39% 21875 107368 42038 8%
c i 15.39 119 16354 9 30 1274 130 121524 7781 1.2 39 32 2 46 39% 21911 107361 42036 8%
c i 15.40 119 16346 9 30 1274 130 121582 7787 1.2 39 32 2 46 39% 21936 107352 42035 8%
c i 15.40 119 16346 9 30 1274 130 121584 7787 1.2 39 32 2 46 39% 21937 107352 42034 8%
c i 15.40 119 16344 9 30 1274 130 121596 7789 1.2 39 32 2 46 39% 21944 107350 42032 8%
c i 15.40 119 16343 9 30 1274 130 121602 7789 1.2 39 32 2 46 39% 21948 107348 42031 8%
c i 15.40 119 16343 9 30 1274 130 121604 7789 1.2 39 32 2 46 39% 21949 107348 42030 8%
c
c  seconds      switched     rate          size/glue  tier1     binary          remaining
c          MB     reductions    conflicts        size   tier2       irredundant
c             level    restarts       redundant     glue    trail           variables
c
c i 15.40 119 16337 9 30 1274 130 121637 7796 1.2 39 32 2 46 39% 21970 107347 42029 8%
c i 15.40 119 16304 9 30 1274 130 121812 7876 1.2 39 32 2 46 39% 22003 107345 42028 8%
c i 15.40 119 16303 9 30 1274 130 121819 7876 1.2 39 32 2 46 39% 22007 107344 42027 8%
c i 15.40 119 16302 9 30 1274 130 121827 7879 1.2 39 32 2 46 39% 22007 107344 42026 8%
c i 15.40 119 16300 9 30 1274 130 121839 7882 1.2 39 32 2 46 39% 22008 107344 42025 8%
c i 15.40 119 16297 9 30 1274 130 121860 7884 1.2 39 32 2 46 39% 22013 107343 42023 8%
c i 15.40 119 16297 9 30 1274 130 121862 7884 1.2 39 32 2 46 39% 22014 107343 42022 8%
c i 15.40 119 16295 9 30 1274 130 121870 7888 1.2 39 32 2 46 39% 22015 107341 42021 8%
c i 15.40 119 16285 9 30 1274 130 121927 7909 1.2 39 32 2 46 39% 22031 107341 42020 8%
c i 15.40 119 16282 9 30 1274 130 121939 7916 1.2 39 32 2 46 39% 22035 107341 42019 8%
c i 15.40 119 16275 9 30 1274 130 121975 7934 1.2 39 32 2 46 39% 22035 107341 42015 8%
c i 15.40 119 16273 9 30 1274 130 121982 7939 1.2 38 32 2 46 39% 22036 107341 42014 8%
c i 15.40 119 16264 9 30 1274 130 122031 7958 1.2 38 32 2 46 39% 22044 107341 42013 8%
c i 15.42 119 16233 9 30 1274 131 122250 8060 1.2 38 32 2 46 39% 22081 107338 42012 8%
c - 15.42 119 16239 9 31 1274 131 122313 7348 1.2 38 32 2 47 39% 21862 107338 42012 8%
c i 15.44 119 16224 9 31 1274 132 122426 7372 1.2 38 32 2 47 39% 21887 107332 42011 8%
c i 15.44 119 16223 9 31 1274 132 122437 7373 1.2 38 32 2 47 39% 21892 107329 42010 8%
c i 15.44 119 16213 9 31 1274 132 122486 7387 1.2 38 32 2 47 39% 21917 107325 42009 8%
c i 15.45 119 16088 9 31 1274 131 123060 7673 1.2 38 32 2 47 39% 21974 107325 42008 8%
c i 15.45 119 16086 9 31 1274 131 123082 7675 1.2 38 32 2 47 39% 21977 107321 42006 8%
c
c  seconds      switched     rate          size/glue  tier1     binary          remaining
c          MB     reductions    conflicts        size   tier2       irredundant
c             level    restarts       redundant     glue    trail           variables
c
c i 15.45 119 16082 9 31 1274 132 123108 7682 1.2 38 32 2 47 39% 21990 107319 42005 8%
c i 15.45 119 16080 9 31 1274 132 123122 7686 1.2 38 32 2 47 39% 21993 107316 42004 8%
c i 15.46 119 16021 9 31 1274 131 123385 7800 1.2 38 31 2 47 38% 22050 107313 41998 8%
c i 15.46 119 16015 9 31 1274 131 123407 7812 1.2 38 31 2 47 38% 22051 107313 41996 8%
c i 15.46 119 15857 9 31 1274 130 124074 8190 1.2 38 31 2 47 38% 22113 107313 41995 8%
c i 15.46 119 15853 9 31 1274 130 124098 8194 1.2 38 31 2 47 38% 22118 107310 41993 8%
c i 15.46 119 15839 9 31 1274 130 124157 8216 1.2 37 31 2 47 38% 22126 107310 41992 8%
c i 15.46 119 15835 9 31 1274 130 124176 8217 1.2 37 31 2 47 38% 22127 107310 41991 8%
c i 15.46 119 15834 9 31 1274 130 124183 8218 1.2 37 31 2 47 38% 22129 107309 41988 8%
c i 15.46 119 15833 9 31 1274 130 124185 8219 1.2 37 31 2 47 38% 22129 107309 41987 8%
c i 15.46 119 15832 9 31 1274 130 124193 8221 1.2 37 31 2 47 38% 22130 107309 41986 8%
c i 15.46 119 15829 9 31 1274 130 124205 8222 1.2 37 31 2 47 38% 22130 107309 41980 8%
c i 15.46 119 15828 9 31 1274 130 124209 8223 1.2 37 31 2 47 38% 22130 107309 41979 8%
c i 15.46 119 15820 9 31 1274 130 124249 8236 1.2 37 31 2 47 38% 22136 107309 41978 8%
c i 15.46 119 15818 9 31 1274 130 124259 8236 1.2 37 31 2 47 38% 22139 107309 41977 8%
c i 15.46 119 15814 9 31 1274 130 124278 8238 1.2 37 31 2 47 38% 22142 107309 41975 8%
c i 15.47 119 15743 9 31 1274 129 124855 8555 1.2 37 31 2 47 38% 22241 107294 41972 8%
c i 15.47 119 15743 9 31 1274 129 124912 8581 1.2 37 31 2 47 38% 22252 107294 41971 8%
c i 15.47 119 15743 9 31 1274 129 124953 8604 1.2 37 31 2 47 38% 22259 107294 41970 8%
c i 15.47 119 15742 9 31 1274 128 124987 8612 1.2 37 31 2 47 38% 22268 107292 41962 8%
c
c  seconds      switched     rate          size/glue  tier1     binary          remaining
c          MB     reductions    conflicts        size   tier2       irredundant
c             level    restarts       redundant     glue    trail           variables
c
c i 15.47 119 15738 9 31 1274 128 125302 8781 1.2 37 31 2 47 38% 22308 107292 41961 8%
c i 15.47 119 15732 9 31 1274 127 125490 8881 1.2 37 31 2 47 38% 22320 107290 41958 8%
c i 15.47 119 15732 9 31 1274 127 125498 8884 1.2 37 31 2 47 38% 22321 107290 41957 8%
c i 15.48 119 15727 9 31 1274 127 125650 8944 1.2 37 31 2 47 38% 22340 107285 41955 8%
c i 15.48 119 15727 9 31 1274 127 125656 8943 1.2 37 31 2 47 38% 22342 107285 41954 8%
c i 15.48 119 15726 9 31 1274 127 125660 8944 1.2 37 31 2 47 38% 22342 107285 41953 8%
c i 15.48 119 15725 9 31 1274 127 125688 8940 1.2 37 31 2 47 38% 22363 107285 41948 8%
c i 15.49 119 15717 9 31 1274 128 125746 8960 1.2 37 31 2 47 38% 22374 107277 41947 8%
c i 15.49 119 15716 9 31 1274 128 125758 8958 1.2 37 31 2 47 38% 22376 107275 41944 8%
c i 15.49 119 15700 9 31 1274 128 125829 9003 1.2 37 30 2 47 38% 22383 107274 41943 8%
c i 15.49 119 15695 9 31 1274 128 125860 9015 1.2 37 30 2 47 38% 22389 107272 41942 8%
c i 15.49 119 15695 9 31 1274 128 125862 9015 1.2 37 30 2 47 38% 22390 107271 41941 8%
c i 15.49 119 15698 9 31 1274 128 126106 9144 1.2 37 30 2 47 38% 22442 107260 41939 8%
c i 15.49 119 15697 9 31 1274 127 126471 9374 1.2 37 30 2 47 38% 22476 107253 41936 8%
c i 15.49 119 15696 9 31 1274 127 126636 9457 1.2 37 30 2 47 38% 22503 107252 41934 8%
c i 15.49 119 15695 9 31 1274 127 126657 9458 1.2 37 30 2 47 38% 22511 107252 41933 8%
c i 15.49 119 15695 9 31 1274 127 126672 9464 1.2 37 30 2 47 38% 22515 107252 41932 8%
c i 15.49 119 15695 9 31 1274 126 126684 9470 1.2 37 30 2 47 38% 22516 107251 41931 8%
c i 15.49 119 15695 9 31 1274 126 126718 9490 1.2 37 30 2 47 38% 22520 107251 41929 8%
c i 15.49 119 15694 9 31 1274 126 126747 9496 1.2 37 30 2 47 38% 22534 107250 41928 8%
c
c  seconds      switched     rate          size/glue  tier1     binary          remaining
c          MB     reductions    conflicts        size   tier2       irredundant
c             level    restarts       redundant     glue    trail           variables
c
c i 15.49 119 15694 9 31 1274 126 126779 9503 1.2 37 30 2 47 38% 22544 107248 41923 8%
c i 15.49 119 15693 9 31 1274 126 126814 9523 1.2 37 30 2 47 38% 22547 107246 41921 8%
c i 15.49 119 15693 9 31 1274 126 126822 9522 1.2 37 30 2 47 38% 22550 107246 41920 8%
c i 15.49 119 15692 9 31 1274 126 126827 9522 1.2 37 30 2 47 38% 22551 107246 41919 8%
c i 15.49 119 15692 9 31 1274 126 126847 9534 1.2 37 30 2 47 38% 22552 107246 41918 8%
c i 15.50 119 15681 9 31 1274 126 127072 9666 1.2 36 30 2 47 38% 22574 107246 41917 8%
c i 15.50 119 15676 9 31 1274 126 127144 9701 1.2 36 30 2 47 38% 22578 107246 41916 8%
c i 15.50 119 15676 9 31 1274 126 127149 9701 1.2 36 30 2 47 38% 22579 107246 41915 8%
c i 15.50 119 15676 9 31 1274 126 127154 9701 1.2 36 30 2 47 38% 22581 107244 41914 8%
c i 15.50 119 15671 9 31 1274 125 127230 9746 1.2 36 30 2 47 38% 22586 107244 41912 8%
c i 15.50 119 15669 9 31 1274 125 127254 9754 1.2 36 30 2 47 38% 22591 107243 41908 8%
c i 15.50 119 15669 9 31 1274 125 127260 9755 1.2 36 30 2 47 38% 22591 107243 41905 8%
c i 15.50 119 15668 9 31 1274 125 127266 9758 1.2 36 30 2 47 38% 22592 107243 41904 8%
c i 15.50 119 15666 9 31 1274 125 127307 9764 1.2 36 30 2 47 38% 22605 107239 41902 8%
c i 15.50 119 15659 9 31 1274 125 127365 9789 1.2 36 30 2 47 38% 22616 107239 41899 8%
c i 15.50 119 15654 9 31 1274 125 127417 9797 1.2 36 30 2 47 38% 22626 107238 41898 8%
c i 15.51 119 15632 9 31 1274 126 127584 9824 1.2 36 30 2 47 38% 22677 107219 41897 8%
c i 15.51 119 15631 9 31 1274 126 127597 9826 1.2 36 30 2 47 38% 22682 107213 41895 8%
c i 15.51 119 15631 9 31 1274 126 127599 9826 1.2 36 30 2 47 38% 22683 107213 41894 8%
c i 15.51 119 15630 9 31 1274 126 127601 9826 1.2 36 30 2 47 38% 22684 107213 41893 8%
c
c  seconds      switched     rate          size/glue  tier1     binary          remaining
c          MB     reductions    conflicts        size   tier2       irredundant
c             level    restarts       redundant     glue    trail           variables
c
c i 15.51 119 15629 9 31 1274 126 127611 9825 1.2 36 30 2 47 38% 22692 107212 41892 8%
c i 15.51 119 15628 9 31 1274 126 127616 9825 1.2 36 30 2 47 38% 22695 107211 41891 8%
c i 15.51 119 15627 9 31 1274 126 127618 9825 1.2 36 30 2 47 38% 22696 107211 41890 8%
c i 15.51 119 15625 9 31 1274 126 127630 9826 1.2 36 30 2 47 38% 22703 107208 41889 8%
c i 15.51 119 15625 9 31 1274 126 127632 9826 1.2 36 30 2 47 38% 22704 107208 41888 8%
c i 15.51 119 15625 9 31 1274 126 127636 9825 1.2 36 30 2 47 38% 22706 107206 41887 8%
c i 15.51 119 15624 9 31 1274 126 127641 9824 1.2 36 30 2 47 38% 22709 107204 41886 8%
c i 15.51 119 15620 9 31 1274 126 127662 9827 1.2 36 30 2 47 38% 22722 107201 41885 8%
c i 15.51 119 15614 9 31 1274 126 127703 9840 1.2 36 30 2 47 38% 22736 107197 41884 8%
c i 15.51 119 15613 9 31 1274 126 127711 9839 1.2 36 30 2 47 38% 22739 107194 41882 8%
c i 15.51 119 15612 9 31 1274 126 127713 9839 1.2 36 30 2 47 38% 22740 107194 41881 8%
c i 15.51 119 15612 9 31 1274 126 127715 9839 1.2 36 30 2 47 38% 22741 107194 41880 8%
c i 15.51 119 15611 9 31 1274 126 127722 9839 1.2 36 30 2 47 38% 22747 107194 41879 8%
c i 15.51 119 15610 9 31 1274 125 127723 9839 1.2 36 30 2 47 38% 22747 107194 41878 8%
c i 15.51 119 15607 9 31 1274 125 127746 9842 1.2 36 30 2 47 38% 22759 107192 41874 8%
c i 15.51 119 15606 9 31 1274 125 127750 9841 1.2 36 30 2 47 38% 22761 107191 41873 8%
c i 15.51 119 15590 9 31 1274 125 127830 9891 1.2 36 30 2 47 38% 22763 107191 41872 8%
c i 15.51 119 15584 9 31 1274 125 127864 9902 1.2 36 30 2 47 38% 22769 107191 41871 8%
c i 15.51 119 15583 9 31 1274 125 127867 9902 1.2 36 30 2 47 38% 22771 107191 41870 8%
c - 15.51 119 15581 9 32 1274 125 127880 7948 1.2 36 30 2 42 38% 22237 107191 41870 8%
c
c  seconds      switched     rate          size/glue  tier1     binary          remaining
c          MB     reductions    conflicts        size   tier2       irredundant
c             level    restarts       redundant     glue    trail           variables
c
c i 15.52 119 15540 9 32 1274 125 128102 8043 1.2 36 30 2 42 38% 22292 107187 41868 8%
c i 15.52 119 15419 9 32 1274 124 128646 8327 1.2 36 30 2 42 37% 22410 107180 41863 8%
c O 15.52 119 15304 9 32 1274 123 129155 8655 1.2 36 30 2 42 37% 22448 107180 41863 8%
c i 15.52 119 15288 9 32 1274 123 129240 8691 1.2 36 30 2 42 37% 22461 107174 41843 8%
c i 15.52 119 15283 9 32 1274 123 129266 8691 1.2 36 30 2 42 37% 22479 107170 41840 8%
c i 15.52 119 15274 9 32 1274 123 129308 8722 1.2 36 30 2 42 37% 22483 107168 41839 8%
c i 15.52 119 15271 9 32 1274 123 129326 8715 1.2 36 30 2 42 37% 22494 107167 41834 8%
c i 15.53 119 15271 9 32 1274 123 129328 8715 1.2 36 30 2 42 37% 22495 107167 41833 8%
c i 15.53 119 15269 9 32 1274 123 129333 8716 1.2 36 30 2 42 37% 22495 107167 41830 8%
c i 15.53 119 15269 9 32 1274 123 129336 8716 1.2 36 30 2 42 37% 22496 107167 41829 8%
c i 15.53 119 15267 9 32 1274 123 129346 8717 1.2 36 30 2 42 37% 22496 107167 41825 8%
c i 15.53 119 15265 9 32 1274 123 129355 8717 1.2 36 30 2 42 37% 22497 107165 41821 8%
c i 15.54 119 15243 9 32 1274 123 129767 8816 1.2 36 29 2 42 37% 22498 107155 41816 8%
c i 15.57 119 15262 9 32 1274 122 130543 9242 1.2 36 29 2 42 37% 22520 107138 41815 8%
c i 15.57 119 15262 9 32 1274 122 130551 9243 1.2 36 29 2 42 37% 22522 107137 41814 8%
c i 15.57 119 15257 9 32 1274 122 130581 9258 1.2 36 29 2 42 37% 22526 107134 41812 8%
c i 15.57 119 15256 9 32 1274 122 130583 9257 1.2 36 29 2 42 37% 22527 107133 41811 8%
c i 15.57 119 15255 9 32 1274 122 130588 9257 1.2 36 29 2 42 37% 22528 107133 41807 8%
c i 15.57 119 15254 9 32 1274 122 130593 9256 1.2 36 29 2 42 37% 22530 107133 41805 8%
c i 15.57 119 15253 9 32 1274 122 130601 9257 1.2 36 29 2 42 37% 22533 107130 41802 8%
c
c  seconds      switched     rate          size/glue  tier1     binary          remaining
c          MB     reductions    conflicts        size   tier2       irredundant
c             level    restarts       redundant     glue    trail           variables
c
c i 15.57 119 15252 9 32 1274 122 130603 9257 1.2 36 29 2 42 37% 22534 107130 41801 8%
c i 15.57 119 15250 9 32 1274 122 130616 9263 1.2 36 29 2 42 37% 22537 107128 41800 8%
c i 15.57 119 15242 9 32 1274 122 130652 9278 1.2 36 29 2 42 37% 22541 107128 41798 8%
c i 15.57 119 15224 9 32 1274 122 130732 9337 1.2 36 29 2 42 37% 22546 107128 41797 8%
c i 15.57 119 15218 9 32 1274 122 130757 9353 1.2 36 29 2 42 37% 22550 107128 41796 8%
c i 15.57 119 15214 9 32 1274 122 130781 9362 1.2 36 29 2 42 37% 22555 107127 41795 8%
c i 15.57 119 15190 9 32 1274 122 130885 9435 1.2 36 29 2 42 37% 22560 107127 41793 8%
c i 15.57 119 15188 9 32 1274 122 130899 9441 1.2 36 29 2 42 37% 22563 107126 41792 8%
c i 15.57 119 15180 9 32 1274 122 130955 9472 1.2 35 29 2 42 37% 22571 107125 41791 8%
c i 15.57 119 15179 9 32 1274 122 130965 9476 1.2 35 29 2 42 37% 22574 107125 41790 8%
c i 15.57 119 15178 9 32 1274 122 130970 9477 1.2 35 29 2 42 37% 22575 107124 41789 8%
c i 15.57 119 15176 9 32 1274 122 130986 9486 1.2 35 29 2 42 37% 22581 107124 41788 8%
c i 15.57 119 15151 9 32 1274 121 131162 9573 1.2 35 29 2 42 37% 22597 107122 41785 8%
c i 15.57 119 15143 9 32 1274 121 131222 9594 1.2 35 29 2 42 37% 22604 107122 41782 8%
c i 15.57 119 15143 9 32 1274 121 131224 9592 1.2 35 29 2 42 37% 22605 107122 41781 8%
c i 15.57 119 15135 9 32 1274 121 131275 9623 1.2 35 29 2 42 37% 22608 107122 41777 8%
c i 15.57 119 15103 9 32 1275 121 131452 9738 1.2 35 29 2 42 37% 22617 107121 41775 8%
c i 15.57 119 15102 9 32 1275 121 131453 9738 1.2 35 29 2 42 37% 22617 107121 41774 8%
c i 15.57 119 15102 9 32 1275 121 131454 9738 1.2 35 29 2 42 37% 22617 107121 41773 8%
c i 15.57 119 15102 9 32 1275 121 131455 9738 1.2 35 29 2 42 37% 22617 107121 41772 8%
c
c  seconds      switched     rate          size/glue  tier1     binary          remaining
c          MB     reductions    conflicts        size   tier2       irredundant
c             level    restarts       redundant     glue    trail           variables
c
c i 15.57 119 15101 9 32 1275 121 131457 9738 1.2 35 29 2 42 37% 22618 107121 41771 8%
c i 15.61 119 14947 9 32 1276 122 132574 10232 1.2 35 29 2 42 37% 22944 107108 41766 8%
c i 15.61 119 14922 9 32 1276 122 132684 10285 1.2 35 29 2 42 37% 22959 107107 41765 8%
c i 15.61 119 14898 9 32 1276 121 132789 10315 1.2 35 29 2 42 37% 22974 107106 41764 8%
c i 15.61 119 14878 9 32 1276 121 132882 10338 1.2 35 29 2 42 37% 22988 107106 41757 8%
c i 15.61 119 14861 9 32 1276 121 132969 10360 1.2 35 29 2 42 36% 23002 107102 41750 8%
c i 15.61 119 14854 9 32 1276 121 133003 10369 1.2 35 29 2 42 36% 23019 107099 41749 8%
c i 15.61 119 14853 9 32 1276 121 133010 10370 1.2 35 29 2 42 36% 23023 107097 41748 8%
c i 15.61 119 14852 9 32 1276 121 133013 10370 1.2 35 29 2 42 36% 23025 107096 41747 8%
c i 15.61 119 14851 9 32 1276 121 133022 10368 1.2 35 29 2 42 36% 23028 107093 41746 8%
c i 15.61 119 14850 9 32 1276 121 133027 10369 1.2 35 29 2 42 36% 23029 107093 41745 8%
c i 15.61 119 14847 9 32 1276 121 133038 10374 1.2 35 29 2 42 36% 23034 107093 41744 8%
c i 15.61 119 14845 9 32 1276 121 133048 10379 1.2 35 29 2 42 36% 23037 107093 41743 8%
c i 15.61 119 14844 9 32 1276 121 133051 10380 1.2 35 29 2 42 36% 23038 107093 41742 8%
c i 15.62 119 14825 9 32 1276 121 133140 10411 1.2 35 29 2 42 36% 23051 107092 41741 8%
c i 15.62 119 14824 9 32 1276 121 133145 10412 1.2 35 29 2 42 36% 23053 107091 41740 8%
c i 15.62 119 14799 9 32 1276 121 133260 10454 1.2 35 29 2 42 36% 23079 107091 41739 8%
c i 15.62 119 14795 9 32 1276 121 133278 10455 1.2 35 29 2 42 36% 23084 107090 41733 8%
c i 15.62 119 14786 9 32 1276 120 133321 10468 1.2 35 29 2 42 36% 23095 107089 41731 8%
c i 15.62 119 14785 9 32 1276 120 133326 10469 1.2 35 29 2 42 36% 23098 107089 41730 8%
c
c  seconds      switched     rate           size/glue  tier1     binary          remaining
c          MB     reductions    conflicts         size   tier2       irredundant
c             level    restarts        redundant     glue    trail           variables
c
c i 15.62 119 14769 9 32 1276 120 133398 10493 1.2 35 29 2 42 36% 23109 107089 41726 8%
c i 15.62 119 14769 9 32 1276 120 133400 10493 1.2 35 29 2 42 36% 23110 107089 41725 8%
c i 15.62 119 14764 9 32 1276 120 133422 10495 1.2 35 28 2 42 36% 23116 107089 41724 8%
c i 15.62 119 14763 9 32 1276 120 133426 10497 1.2 35 28 2 42 36% 23116 107089 41723 8%
c i 15.62 119 14759 9 32 1276 120 133447 10502 1.2 35 28 2 42 36% 23121 107087 41720 8%
c i 15.62 119 14741 9 32 1276 120 133527 10532 1.2 35 28 2 42 36% 23139 107086 41719 8%
c - 15.62 119 14738 9 33 1276 120 133537 7726 1.2 35 28 2 41 36% 22503 107086 41719 8%
c i 15.62 119 14734 9 33 1276 120 133561 7731 1.2 35 28 2 41 36% 22519 107084 41718 8%
c i 15.63 119 14733 9 33 1276 121 133584 7736 1.2 35 28 2 41 36% 22534 107082 41717 8%
c i 15.63 119 14732 9 33 1276 121 133593 7736 1.2 35 28 2 41 36% 22540 107082 41716 8%
c i 15.63 119 14730 9 33 1276 121 133610 7737 1.2 35 28 2 41 36% 22552 107080 41715 8%
c i 15.63 119 14725 9 33 1276 121 133645 7752 1.2 35 28 2 41 36% 22560 107079 41714 8%
c i 15.63 119 14721 9 33 1276 121 133677 7764 1.2 35 28 2 41 36% 22570 107078 41713 8%
c i 15.63 119 14720 9 33 1276 121 133682 7765 1.2 35 28 2 41 36% 22573 107077 41712 8%
c i 15.63 119 14719 9 33 1276 121 133695 7765 1.2 35 28 2 41 36% 22582 107075 41711 8%
c i 15.63 119 14714 9 33 1276 121 133736 7776 1.2 35 28 2 41 36% 22597 107069 41709 8%
c i 15.63 119 14714 9 33 1276 121 133739 7776 1.2 35 28 2 41 36% 22599 107069 41708 8%
c i 15.63 119 14713 9 33 1276 121 133745 7776 1.2 35 28 2 41 36% 22603 107069 41707 8%
c i 15.63 119 14713 9 33 1276 121 133746 7776 1.2 35 28 2 41 36% 22603 107069 41706 8%
c i 15.63 119 14624 9 33 1277 120 134162 7940 1.2 34 28 2 41 36% 22732 107066 41700 8%
c
c  seconds      switched     rate          size/glue  tier1     binary          remaining
c          MB     reductions    conflicts        size   tier2       irredundant
c             level    restarts       redundant     glue    trail           variables
c
c i 15.63 119 14595 9 33 1277 120 134285 8001 1.2 34 28 2 41 36% 22767 107066 41694 8%
c i 15.64 119 14186 9 33 1278 116 136098 9070 1.2 34 28 2 41 35% 22926 107064 41689 8%
c i 15.64 119 14179 9 33 1278 116 136129 9088 1.2 34 28 2 41 35% 22927 107064 41688 8%
c i 15.64 119 14176 9 33 1278 116 136140 9092 1.2 34 28 2 41 35% 22931 107064 41687 8%
c i 15.64 119 14160 9 33 1278 116 136212 9138 1.2 34 28 2 41 35% 22935 107064 41686 8%
c i 15.64 119 14159 9 33 1278 116 136216 9138 1.2 34 28 2 41 35% 22938 107064 41685 8%
c i 15.64 119 14154 9 33 1278 116 136242 9153 1.2 34 28 2 41 35% 22942 107063 41682 8%
c i 15.64 119 14152 9 33 1278 116 136248 9155 1.2 34 28 2 41 35% 22944 107063 41681 8%
c i 15.64 119 14075 9 33 1278 116 136591 9381 1.2 34 27 2 41 35% 22963 107063 41680 8%
c i 15.66 119 13994 9 33 1279 116 137196 9662 1.2 33 27 2 41 35% 23136 107053 41679 8%
c i 15.66 119 13993 9 33 1279 116 137204 9662 1.2 33 27 2 41 35% 23138 107053 41678 8%
c i 15.66 119 13983 9 33 1279 116 137248 9678 1.2 33 27 2 41 34% 23138 107053 41676 8%
c i 15.66 119 13980 9 33 1279 116 137266 9681 1.2 33 27 2 41 34% 23140 107053 41671 8%
c i 15.66 119 13810 9 33 1279 114 138062 10143 1.2 33 27 2 41 34% 23198 107053 41670 8%
c i 15.66 119 13796 9 33 1279 114 138127 10182 1.2 33 27 2 41 34% 23207 107053 41666 8%
c i 15.66 119 13770 9 33 1279 114 138247 10262 1.2 33 27 2 41 34% 23212 107053 41662 8%
c i 15.67 119 13762 9 33 1280 114 138289 10285 1.2 33 27 2 41 34% 23220 107050 41660 8%
c i 15.67 119 13757 9 33 1280 114 138323 10299 1.2 33 27 2 41 34% 23229 107047 41658 8%
c u 15.70 119 13757 9 33 1280 114 138323 8464 1.2 33 27 2 41 34% 26919 96327 41288 8%
c v 15.71 119 13757 9 33 1280 114 138323 5952 1.2 33 27 2 41 34% 27807 96327 41190 8%
c
c  seconds      switched     rate          size/glue  tier1     binary         remaining
c          MB     reductions    conflicts        size   tier2       irredundant
c             level    restarts       redundant     glue    trail          variables
c
c w 15.72 119 13757 9 33 1280 114 138323 4762 1.2 33 27 2 41 34% 27808 96327 41190 8%
c x 15.73 119 13757 9 33 1280 114 138323 4757 1.2 33 27 2 41 34% 28749 92430 40669 8%
c t 15.74 119 13757 9 33 1280 114 138323 4145 1.2 33 27 2 41 34% 28748 90601 40668 8%
c b 15.75 119 13757 9 33 1280 114 138323 4145 1.2 33 27 2 41 34% 28748 90601 40360 8%
c f 15.76 119 13757 9 33 1280 114 138323 4145 1.2 33 27 2 41 34% 28331 90543 40390 8%
c b 15.77 119 13757 9 33 1280 114 138323 3803 1.2 33 27 2 41 34% 28331 89224 40380 8%
c u 15.78 119 13757 9 33 1280 114 138323 3212 1.2 33 27 2 41 34% 28477 89224 40316 8%
c v 15.79 119 13757 9 33 1280 114 138323 3040 1.2 33 27 2 41 34% 28512 89224 40294 8%
c w 15.79 119 13757 9 33 1280 114 138323 1982 1.2 33 27 2 41 34% 28511 89224 40294 8%
c x 15.81 119 13757 9 33 1280 114 138323 1976 1.2 33 27 2 41 34% 30684 83397 39492 8%
c t 15.82 119 13757 9 33 1280 114 138323 1896 1.2 33 27 2 41 34% 30684 80354 39490 8%
c b 15.82 119 13757 9 33 1280 114 138323 1896 1.2 33 27 2 41 34% 30684 80354 39190 8%
c f 15.84 119 13757 9 33 1280 114 138323 1896 1.2 33 27 2 41 34% 30649 80340 39195 8%
c i 15.84 119 13757 9 33 1280 114 138323 1896 1.2 33 27 2 41 34% 30649 80340 39195 8%
c i 15.84 119 13756 9 33 1280 114 138330 1897 1.2 33 27 2 41 34% 30649 80340 39194 8%
c i 15.84 119 13756 9 33 1280 114 138331 1897 1.2 33 27 2 41 34% 30649 80340 39193 8%
c i 15.84 119 13756 9 33 1280 114 138335 1897 1.2 33 27 2 41 34% 30649 80339 39192 8%
c i 15.84 119 13755 9 33 1280 114 138336 1897 1.2 33 27 2 41 34% 30649 80339 39191 8%
c i 15.84 119 13755 9 33 1280 114 138337 1897 1.2 33 27 2 41 34% 30649 80339 39190 8%
c i 15.84 119 13755 9 33 1280 114 138340 1897 1.2 33 27 2 41 34% 30650 80337 39189 8%
c
c  seconds      switched     rate          size/glue  tier1     binary         remaining
c          MB     reductions    conflicts        size   tier2       irredundant
c             level    restarts       redundant     glue    trail          variables
c
c i 15.84 119 13753 9 33 1280 114 138349 1899 1.2 33 27 2 41 34% 30652 80337 39188 8%
c i 15.84 119 13755 9 33 1280 114 138403 1919 1.2 33 27 2 41 34% 30670 80336 39187 8%
c i 15.84 119 13756 9 33 1280 114 138427 1927 1.2 33 27 2 41 34% 30683 80336 39186 8%
c i 15.84 119 13756 9 33 1280 114 138432 1927 1.2 33 27 2 41 34% 30683 80336 39184 8%
c i 15.85 119 13755 9 33 1280 114 138580 2005 1.2 33 27 2 38 34% 30719 80336 39183 8%
c i 15.85 119 13746 9 33 1280 114 138700 2062 1.2 33 27 2 38 34% 30740 80334 39181 8%
c i 15.85 119 13741 9 33 1280 114 138745 2094 1.2 33 27 2 38 34% 30742 80334 39180 8%
c i 15.85 119 13739 9 33 1280 114 138779 2095 1.2 33 27 2 38 34% 30746 80334 39179 8%
c i 15.85 119 13732 9 33 1280 114 138851 2110 1.2 33 27 2 38 34% 30772 80332 39176 8%
c i 15.85 119 13709 9 33 1280 114 139072 2232 1.2 33 27 2 38 34% 30784 80330 39172 8%
c i 15.85 119 13708 9 33 1280 114 139083 2232 1.2 33 27 2 38 34% 30786 80330 39171 8%
c i 15.85 119 13699 9 33 1280 114 139159 2261 1.2 33 27 2 38 34% 30795 80329 39168 8%
c i 15.85 119 13698 9 33 1280 113 139171 2264 1.2 33 27 2 38 34% 30796 80329 39167 8%
c i 15.85 119 13692 9 33 1280 113 139225 2295 1.2 33 27 2 38 34% 30799 80329 39166 8%
c i 15.85 119 13691 9 33 1280 113 139247 2295 1.2 33 27 2 38 34% 30799 80327 39157 8%
c i 15.85 119 13689 9 33 1280 113 139270 2295 1.2 33 27 2 38 34% 30801 80324 39143 8%
c i 15.85 119 13689 9 33 1280 114 139286 2302 1.2 33 27 2 38 34% 30802 80323 39142 8%
c - 15.86 119 13689 9 34 1280 114 139286 2044 1.2 33 27 2 38 34% 23400 78736 39142 8%
c i 15.86 119 13688 9 34 1280 114 139291 2045 1.2 33 27 2 38 34% 23400 78736 39139 8%
c i 15.86 119 13682 9 34 1280 114 139324 2061 1.2 33 27 2 38 34% 23408 78736 39138 8%
c
c  seconds      switched     rate          size/glue  tier1     binary         remaining
c          MB     reductions    conflicts        size   tier2       irredundant
c             level    restarts       redundant     glue    trail          variables
c
c i 15.86 119 13652 9 34 1280 113 139472 2144 1.2 33 27 2 38 34% 23430 78735 39137 8%
c i 15.86 119 13650 9 34 1280 113 139483 2151 1.2 33 27 2 38 34% 23430 78735 39135 8%
c i 15.86 119 13629 9 34 1280 113 139592 2217 1.2 33 27 2 38 34% 23440 78734 39133 8%
c i 15.86 119 13611 9 34 1280 113 139685 2243 1.2 32 27 2 38 34% 23463 78734 39132 8%
c i 15.86 119 13605 9 34 1280 113 139715 2253 1.2 32 27 2 38 34% 23468 78734 39127 8%
c i 15.86 119 13603 9 34 1280 113 139727 2256 1.2 32 27 2 38 34% 23469 78734 39126 8%
c i 15.86 119 13564 9 34 1280 113 139921 2388 1.2 32 26 2 38 34% 23485 78734 39123 8%
c i 15.87 119 13511 9 34 1280 112 140187 2531 1.2 32 26 2 38 34% 23524 78733 39122 8%
c i 15.87 119 13497 9 34 1280 112 140267 2558 1.2 32 26 2 38 33% 23534 78732 39120 8%
c i 15.87 119 13496 9 34 1280 112 140270 2560 1.2 32 26 2 38 33% 23534 78732 39119 8%
c i 15.87 119 13493 9 34 1280 112 140289 2565 1.2 32 26 2 38 33% 23542 78732 39118 8%
c i 15.87 119 13484 9 34 1280 112 140333 2580 1.2 32 26 2 38 33% 23554 78732 39117 8%
c i 15.87 119 13482 9 34 1280 112 140342 2583 1.2 32 26 2 38 33% 23555 78732 39115 8%
c i 15.87 119 13479 9 34 1280 112 140356 2587 1.2 32 26 2 38 33% 23558 78732 39113 8%
c i 15.87 119 13432 9 34 1280 112 140589 2737 1.2 32 26 2 38 33% 23580 78732 39112 8%
c i 15.87 119 13431 9 34 1280 112 140648 2773 1.2 32 26 2 38 33% 23591 78731 39111 8%
c i 15.87 119 13429 9 34 1281 112 140667 2780 1.2 32 26 2 38 33% 23594 78731 39110 8%
c i 15.87 119 13427 9 34 1281 112 140683 2784 1.2 32 26 2 38 33% 23599 78729 39109 8%
c i 15.87 119 13426 9 34 1281 112 140685 2784 1.2 32 26 2 38 33% 23599 78729 39108 8%
c i 15.87 119 13424 9 34 1281 112 140694 2783 1.2 32 26 2 38 33% 23602 78729 39106 8%
c
c  seconds      switched     rate          size/glue  tier1     binary         remaining
c          MB     reductions    conflicts        size   tier2       irredundant
c             level    restarts       redundant     glue    trail          variables
c
c i 15.87 119 13421 9 34 1281 112 140709 2784 1.2 32 26 2 38 33% 23610 78729 39105 8%
c i 15.87 119 13354 9 34 1281 111 141047 2970 1.2 32 26 2 38 33% 23628 78729 39099 8%
c i 15.87 119 13353 9 34 1281 111 141055 2971 1.2 32 26 2 38 33% 23629 78727 39098 8%
c i 15.87 119 13353 9 34 1281 111 141057 2972 1.2 32 26 2 38 33% 23629 78727 39097 8%
c i 15.87 119 13350 9 34 1281 111 141074 2981 1.2 32 26 2 38 33% 23631 78726 39096 8%
c i 15.87 119 13349 9 34 1281 111 141081 2981 1.2 32 26 2 38 33% 23634 78726 39092 8%
c i 15.87 119 13348 9 34 1281 111 141083 2981 1.2 32 26 2 38 33% 23635 78726 39091 8%
c i 15.87 119 13347 9 34 1281 111 141092 2981 1.2 32 26 2 38 33% 23636 78723 39088 8%
c i 15.88 119 13333 9 34 1281 111 141171 3027 1.2 32 26 2 38 33% 23641 78720 39084 8%
c i 15.88 119 13333 9 34 1281 111 141178 3027 1.2 32 26 2 38 33% 23645 78719 39083 8%
c i 15.88 119 13331 9 34 1281 111 141194 3030 1.2 32 26 2 38 33% 23650 78718 39082 8%
c i 15.88 119 13329 9 34 1281 111 141225 3039 1.2 32 26 2 38 33% 23654 78717 39078 8%
c i 15.88 119 13328 9 34 1281 111 141233 3045 1.2 32 26 2 38 33% 23655 78717 39077 8%
c i 15.88 119 13327 9 34 1281 111 141241 3046 1.2 32 26 2 38 33% 23656 78717 39074 8%
c i 15.88 119 13326 9 34 1281 111 141248 3047 1.2 32 26 2 38 33% 23658 78717 39073 8%
c i 15.88 119 13326 9 34 1281 111 141252 3047 1.2 32 26 2 38 33% 23658 78717 39072 8%
c i 15.88 119 13325 9 34 1281 111 141265 3047 1.2 32 26 2 38 33% 23660 78715 39070 8%
c i 15.88 119 13325 9 34 1281 111 141269 3047 1.2 32 26 2 38 33% 23661 78715 39067 8%
c i 15.88 119 13324 9 34 1281 111 141272 3048 1.2 32 26 2 38 33% 23661 78715 39066 8%
c i 15.88 119 13324 9 34 1281 111 141277 3048 1.2 32 26 2 38 33% 23661 78715 39065 8%
c
c  seconds      switched     rate          size/glue  tier1     binary         remaining
c          MB     reductions    conflicts        size   tier2       irredundant
c             level    restarts       redundant     glue    trail          variables
c
c i 15.88 119 13324 9 34 1281 111 141279 3049 1.2 32 26 2 38 33% 23661 78715 39064 8%
c i 15.88 119 13323 9 34 1281 111 141282 3050 1.2 32 26 2 38 33% 23662 78715 39063 8%
c i 15.88 119 13325 9 34 1281 111 141333 3058 1.2 32 26 2 38 33% 23686 78712 39062 8%
c i 15.88 119 13328 9 34 1281 111 141376 3071 1.2 32 26 2 38 33% 23705 78711 39060 8%
c i 15.88 119 13328 9 34 1281 111 141386 3072 1.2 32 26 2 38 33% 23709 78711 39059 8%
c i 15.88 119 13331 9 34 1281 111 141429 3091 1.2 32 26 2 38 33% 23727 78711 39058 8%
c i 15.88 119 13331 9 34 1281 111 141432 3092 1.2 32 26 2 38 33% 23727 78711 39057 8%
c i 15.88 119 13335 9 34 1281 111 141519 3130 1.2 32 26 2 38 33% 23751 78710 39056 8%
c i 15.88 119 13335 9 34 1281 111 141522 3131 1.2 32 26 2 38 33% 23751 78710 39054 8%
c i 15.88 119 13335 9 34 1281 111 141526 3131 1.2 32 26 2 38 33% 23752 78710 39053 8%
c i 15.89 119 13337 9 34 1281 111 141553 3139 1.2 32 26 2 38 33% 23763 78710 39052 8%
c i 15.89 119 13338 9 34 1281 112 141576 3150 1.2 32 26 2 38 33% 23771 78708 39051 8%
c i 15.89 119 13338 9 34 1281 112 141617 3166 1.2 32 26 2 38 33% 23785 78708 39050 8%
c i 15.89 119 13338 9 34 1281 112 141654 3182 1.2 32 26 2 38 33% 23796 78708 39049 8%
c i 15.89 119 13338 9 34 1281 112 141681 3188 1.2 32 26 2 38 33% 23809 78708 39048 8%
c i 15.89 119 13338 9 34 1281 112 141705 3200 1.2 32 26 2 38 33% 23813 78708 39047 8%
c i 15.89 119 13338 9 34 1281 112 141725 3206 1.2 32 26 2 38 33% 23822 78708 39046 8%
c i 15.89 119 13337 9 34 1281 112 141780 3234 1.2 32 26 2 38 33% 23834 78707 39044 8%
c i 15.89 119 13336 9 34 1281 112 141799 3245 1.2 32 26 2 38 33% 23838 78707 39042 8%
c i 15.89 119 13336 9 34 1281 112 141802 3245 1.2 32 26 2 38 33% 23840 78707 39041 8%
c
c  seconds      switched     rate          size/glue  tier1     binary         remaining
c          MB     reductions    conflicts        size   tier2       irredundant
c             level    restarts       redundant     glue    trail          variables
c
c i 15.90 119 13336 9 34 1281 112 141824 3254 1.2 32 26 2 38 33% 23840 78707 39040 8%
c i 15.90 119 13336 9 34 1281 112 141849 3266 1.2 32 26 2 38 33% 23844 78707 39038 8%
c i 15.90 119 13335 9 34 1281 112 141857 3267 1.2 32 26 2 38 33% 23847 78707 39037 8%
c i 15.90 119 13335 9 34 1281 112 141872 3270 1.2 32 26 2 38 33% 23851 78707 39036 8%
c i 15.90 119 13334 9 34 1281 112 141891 3273 1.2 32 26 2 38 33% 23857 78707 39035 8%
c i 15.90 119 13334 9 34 1281 112 141902 3275 1.2 32 26 2 38 33% 23861 78707 39032 8%
c i 15.90 119 13334 9 34 1281 112 141908 3275 1.2 32 26 2 38 33% 23863 78707 39031 8%
c i 15.90 119 13333 9 34 1281 112 141919 3279 1.2 32 26 2 38 33% 23867 78707 39030 8%
c i 15.90 119 13331 9 34 1281 112 141971 3305 1.2 32 26 2 38 33% 23881 78707 39029 8%
c i 15.90 119 13329 9 34 1281 112 142017 3334 1.2 32 26 2 38 33% 23885 78707 39027 8%
c i 15.90 119 13328 9 34 1281 112 142023 3337 1.2 32 26 2 38 33% 23885 78707 39026 8%
c i 15.90 119 13328 9 34 1281 112 142024 3337 1.2 32 26 2 38 33% 23885 78707 39025 8%
c i 15.90 119 13328 9 34 1281 112 142042 3341 1.2 32 26 2 38 33% 23891 78705 39024 8%
c i 15.90 119 13326 9 34 1281 112 142073 3348 1.2 32 26 2 38 33% 23898 78704 39023 8%
c i 15.90 119 13325 9 34 1281 112 142087 3353 1.2 32 26 2 38 33% 23899 78703 39020 8%
c i 15.90 119 13322 9 34 1281 112 142144 3371 1.2 32 26 2 38 33% 23916 78700 39018 8%
c i 15.90 119 13322 9 34 1281 112 142146 3371 1.2 32 26 2 38 33% 23917 78699 39017 8%
c i 15.90 119 13321 9 34 1281 112 142152 3371 1.2 32 26 2 38 33% 23919 78698 39014 8%
c i 15.90 119 13321 9 34 1281 112 142163 3380 1.2 32 26 2 38 33% 23919 78698 39013 8%
c i 15.90 119 13320 9 34 1281 112 142168 3383 1.2 32 26 2 38 33% 23919 78698 39011 8%
c
c  seconds      switched     rate          size/glue  tier1     binary         remaining
c          MB     reductions    conflicts        size   tier2       irredundant
c             level    restarts       redundant     glue    trail          variables
c
c i 15.90 119 13319 9 34 1281 112 142184 3387 1.2 32 26 2 38 33% 23922 78697 39007 8%
c i 15.90 119 13317 9 34 1281 112 142238 3413 1.2 32 26 2 38 33% 23928 78694 39006 8%
c i 15.90 119 13316 9 34 1281 112 142245 3417 1.2 32 26 2 38 33% 23929 78694 39004 8%
c i 15.90 119 13315 9 34 1281 112 142254 3417 1.2 32 26 2 38 33% 23931 78694 39003 8%
c i 15.91 119 13319 9 34 1281 112 142310 3437 1.2 32 26 2 38 33% 23955 78694 39002 8%
c i 15.91 119 13322 9 34 1281 112 142337 3449 1.2 32 26 2 38 33% 23966 78694 39001 8%
c i 15.91 119 13324 9 34 1281 112 142387 3465 1.2 32 26 2 38 33% 23989 78692 39000 8%
c i 15.91 119 13324 9 34 1281 112 142398 3466 1.2 32 26 2 38 33% 23996 78691 38999 8%
c i 15.91 119 13324 9 34 1281 112 142440 3481 1.2 32 26 2 38 33% 24013 78691 38998 8%
c i 15.91 119 13324 9 34 1281 112 142443 3483 1.2 32 26 2 38 33% 24013 78691 38997 8%
c i 15.91 119 13323 9 34 1281 112 142482 3505 1.2 32 26 2 38 33% 24022 78690 38996 8%
c i 15.91 119 13322 9 34 1281 112 142533 3521 1.2 32 26 2 38 33% 24034 78690 38995 8%
c i 15.91 119 13322 9 34 1281 112 142556 3526 1.2 32 26 2 38 33% 24040 78689 38992 8%
c i 15.91 119 13322 9 34 1281 112 142560 3526 1.2 32 26 2 38 33% 24043 78689 38991 8%
c i 15.91 119 13320 9 34 1281 112 142596 3535 1.2 32 26 2 38 33% 24051 78688 38989 8%
c i 15.91 119 13320 9 34 1281 112 142605 3535 1.2 32 26 2 38 33% 24051 78688 38987 8%
c i 15.91 119 13320 9 34 1281 112 142610 3536 1.2 32 26 2 38 33% 24054 78687 38986 8%
c i 15.92 119 13322 9 34 1281 113 142626 3536 1.2 32 26 2 38 33% 24066 78687 38985 8%
c i 15.92 119 13325 9 34 1281 113 142657 3542 1.2 32 26 2 38 33% 24083 78686 38984 8%
c i 15.92 119 13327 9 34 1281 113 142681 3554 1.2 32 26 2 38 34% 24089 78686 38983 8%
c
c  seconds      switched     rate          size/glue  tier1     binary         remaining
c          MB     reductions    conflicts        size   tier2       irredundant
c             level    restarts       redundant     glue    trail          variables
c
c i 15.92 119 13327 9 34 1281 113 142690 3559 1.2 32 26 2 38 34% 24092 78685 38982 8%
c i 15.92 119 13327 9 34 1281 112 142742 3594 1.2 32 26 2 38 34% 24100 78684 38981 8%
c i 15.92 119 13337 9 34 1281 113 142805 3606 1.2 32 26 2 38 34% 24138 78683 38980 8%
c i 15.93 119 13353 9 34 1281 113 142928 3631 1.2 32 26 2 38 34% 24209 78682 38979 8%
c i 15.93 119 13361 9 34 1281 113 143028 3664 1.2 31 26 2 38 34% 24258 78682 38978 8%
c i 15.93 119 13363 9 34 1281 114 143052 3670 1.2 31 26 2 38 34% 24270 78682 38977 8%
c i 15.93 119 13364 9 34 1281 114 143073 3674 1.2 31 26 2 38 34% 24283 78681 38976 8%
c i 15.94 119 13365 9 34 1281 114 143104 3686 1.2 31 26 2 38 34% 24296 78681 38975 8%
c i 15.94 119 13365 9 34 1281 114 143117 3691 1.2 31 26 2 38 34% 24299 78680 38974 8%
c i 15.94 119 13367 9 34 1281 114 143147 3701 1.2 31 26 2 38 34% 24315 78680 38973 8%
c i 15.94 119 13367 9 34 1281 114 143185 3720 1.2 31 26 2 38 34% 24324 78680 38972 8%
c i 15.94 119 13371 9 34 1281 114 143214 3730 1.2 31 26 2 38 34% 24336 78678 38971 8%
c i 15.94 119 13375 9 34 1281 115 143263 3750 1.2 31 26 2 38 34% 24351 78678 38970 8%
c i 15.94 119 13376 9 34 1281 115 143286 3758 1.2 31 26 2 38 34% 24359 78678 38968 8%
c i 15.95 119 13377 9 34 1281 115 143334 3774 1.2 31 26 2 38 34% 24380 78677 38967 8%
c i 15.95 119 13377 9 34 1281 115 143343 3774 1.2 31 26 2 38 34% 24384 78677 38964 8%
c i 15.95 119 13376 9 34 1281 115 143500 3864 1.2 31 26 2 38 34% 24417 78676 38963 8%
c i 15.95 119 13375 9 34 1281 115 143534 3885 1.2 31 26 2 38 34% 24424 78675 38962 8%
c i 15.95 119 13376 9 34 1281 115 143542 3887 1.2 31 26 2 38 34% 24426 78675 38961 8%
c i 15.95 119 13375 9 34 1281 115 143545 3887 1.2 31 26 2 38 34% 24428 78675 38960 8%
c
c  seconds      switched     rate          size/glue  tier1     binary         remaining
c          MB     reductions    conflicts        size   tier2       irredundant
c             level    restarts       redundant     glue    trail          variables
c
c i 15.95 119 13375 9 34 1281 115 143595 3921 1.2 31 26 2 38 34% 24440 78675 38959 8%
c i 15.95 119 13374 9 34 1281 115 143617 3934 1.2 31 26 2 38 34% 24446 78675 38958 8%
c i 15.95 119 13374 9 34 1281 115 143651 3945 1.2 31 26 2 38 34% 24455 78674 38957 8%
c i 15.95 119 13373 9 34 1281 115 143681 3966 1.2 31 26 2 38 34% 24459 78673 38956 8%
c i 15.95 119 13372 9 34 1281 114 143729 3993 1.2 31 26 2 38 34% 24473 78673 38955 8%
c i 15.95 119 13371 9 34 1281 114 143758 4005 1.2 31 26 2 38 34% 24486 78672 38954 8%
c i 15.95 119 13371 9 34 1281 114 143772 4009 1.2 31 26 2 38 34% 24492 78671 38953 8%
c i 15.96 119 13369 9 34 1281 114 143841 4045 1.2 31 26 2 38 34% 24505 78671 38952 8%
c i 15.96 119 13369 9 34 1281 114 143852 4048 1.2 31 26 2 38 34% 24508 78671 38951 8%
c i 15.96 119 13368 9 34 1281 114 143871 4057 1.2 31 26 2 38 34% 24512 78671 38950 8%
c i 15.96 119 13367 9 34 1281 114 143924 4087 1.2 31 26 2 38 34% 24518 78671 38949 8%
c i 15.96 119 13366 9 34 1281 114 143929 4087 1.2 31 26 2 38 34% 24522 78670 38948 8%
c i 15.96 119 13365 9 34 1281 114 143962 4109 1.2 31 25 2 38 34% 24526 78669 38947 8%
c i 15.96 119 13365 9 34 1281 114 143984 4124 1.2 31 25 2 38 34% 24529 78669 38946 8%
c i 15.96 119 13364 9 34 1281 114 144005 4136 1.2 31 25 2 38 34% 24531 78669 38944 8%
c i 15.96 119 13364 9 34 1281 114 144021 4143 1.2 31 25 2 38 34% 24535 78669 38942 8%
c i 15.96 119 13363 9 34 1281 114 144029 4144 1.2 31 25 2 38 34% 24537 78669 38938 8%
c i 15.96 119 13363 9 34 1281 114 144050 4154 1.2 31 25 2 38 34% 24543 78669 38937 8%
c i 15.96 119 13362 9 34 1281 114 144056 4158 1.2 31 25 2 38 34% 24543 78669 38936 8%
c i 15.96 119 13361 9 34 1281 114 144099 4181 1.2 31 25 2 38 34% 24553 78669 38935 8%
c
c  seconds      switched     rate          size/glue  tier1     binary         remaining
c          MB     reductions    conflicts        size   tier2       irredundant
c             level    restarts       redundant     glue    trail          variables
c
c i 15.96 119 13361 9 34 1281 114 144106 4181 1.2 31 25 2 38 34% 24556 78668 38934 8%
c i 15.96 119 13361 9 34 1281 114 144109 4182 1.2 31 25 2 38 34% 24556 78668 38932 8%
c i 15.96 119 13360 9 34 1281 114 144114 4182 1.2 31 25 2 38 34% 24557 78668 38931 8%
c i 15.96 119 13360 9 34 1281 114 144115 4182 1.2 31 25 2 38 34% 24557 78668 38930 8%
c i 15.96 119 13357 9 34 1281 114 144193 4214 1.2 31 25 2 38 34% 24572 78668 38928 8%
c i 15.96 119 13357 9 34 1281 114 144202 4215 1.2 31 25 2 38 34% 24577 78668 38927 8%
c i 15.96 119 13356 9 34 1281 114 144235 4237 1.2 31 25 2 38 34% 24579 78668 38925 8%
c i 15.96 119 13352 9 34 1281 114 144313 4279 1.2 31 25 2 38 34% 24593 78667 38924 8%
c i 15.96 119 13346 9 34 1281 114 144431 4345 1.2 31 25 2 38 34% 24615 78666 38923 8%
c i 15.96 119 13345 9 34 1281 114 144440 4350 1.2 31 25 2 38 34% 24618 78666 38922 8%
c i 15.97 119 13340 9 34 1281 114 144533 4391 1.2 31 25 2 38 34% 24631 78666 38917 8%
c i 15.97 119 13340 9 34 1281 114 144549 4396 1.2 31 25 2 38 34% 24633 78665 38915 8%
c i 15.97 119 13311 9 34 1281 113 145064 4700 1.2 31 25 2 38 34% 24693 78664 38914 8%
c i 15.97 119 13310 9 34 1281 113 145079 4705 1.2 31 25 2 38 34% 24695 78664 38913 8%
c i 15.97 119 13309 9 34 1281 113 145091 4711 1.2 31 25 2 38 34% 24697 78664 38910 8%
c - 15.97 119 13308 9 35 1281 113 145117 3758 1.2 31 25 2 36 34% 23925 78664 38910 8%
c i 15.97 119 13306 9 35 1281 113 145126 3761 1.2 31 25 2 36 34% 23925 78663 38909 8%
c i 15.97 119 13306 9 35 1281 113 145128 3761 1.2 31 25 2 36 34% 23926 78663 38908 8%
c i 15.97 119 13305 9 35 1281 113 145130 3761 1.2 31 25 2 36 34% 23927 78663 38907 8%
c i 15.97 119 13304 9 35 1281 113 145139 3761 1.2 31 25 2 36 34% 23929 78663 38904 8%
c
c  seconds      switched     rate          size/glue  tier1     binary         remaining
c          MB     reductions    conflicts        size   tier2       irredundant
c             level    restarts       redundant     glue    trail          variables
c
c i 15.97 119 13303 9 35 1281 113 145148 3762 1.2 31 25 2 36 34% 23931 78662 38903 8%
c i 15.98 119 13299 9 35 1281 113 145166 3763 1.2 31 25 2 36 34% 23943 78662 38902 8%
c i 15.98 119 13299 9 35 1281 113 145168 3763 1.2 31 25 2 36 34% 23944 78662 38901 8%
c i 15.98 119 13297 9 35 1281 113 145181 3765 1.2 31 25 2 36 34% 23947 78661 38900 8%
c i 15.98 119 13295 9 35 1281 113 145189 3765 1.2 31 25 2 36 34% 23952 78661 38899 8%
c i 15.98 119 13294 9 35 1281 113 145196 3765 1.2 31 25 2 36 34% 23954 78661 38898 8%
c i 15.98 119 13293 9 35 1281 113 145201 3766 1.2 31 25 2 36 34% 23954 78661 38897 8%
c i 15.98 119 13290 9 35 1281 113 145217 3772 1.2 31 25 2 36 34% 23955 78661 38896 8%
c i 15.98 119 13278 9 35 1281 113 145280 3794 1.2 31 25 2 36 34% 23966 78661 38888 8%
c i 15.98 119 13271 9 35 1281 113 145320 3805 1.2 31 25 2 36 34% 23974 78660 38882 8%
c i 15.98 119 13268 9 35 1281 113 145337 3808 1.2 31 25 2 36 34% 23980 78659 38880 8%
c i 15.98 119 13240 9 35 1282 113 145489 3875 1.2 31 25 2 36 34% 24010 78659 38878 8%
c i 15.98 119 13237 9 35 1282 113 145504 3885 1.2 31 25 2 36 34% 24012 78659 38877 8%
c i 15.98 119 13213 9 35 1282 113 145633 3969 1.2 31 25 2 36 34% 24024 78658 38868 8%
c i 15.98 119 13193 9 35 1282 113 145753 4018 1.2 31 25 2 36 34% 24037 78655 38867 8%
c i 15.98 119 13191 9 35 1282 112 145765 4021 1.2 31 25 2 36 34% 24037 78655 38864 8%
c i 15.98 119 13189 9 35 1282 112 145771 4022 1.2 31 25 2 36 34% 24038 78655 38863 8%
c i 15.98 119 13189 9 35 1282 112 145779 4022 1.2 31 25 2 36 34% 24039 78653 38861 8%
c i 15.98 119 13181 9 35 1282 112 145830 4038 1.2 31 25 2 36 34% 24050 78652 38859 8%
c i 15.98 119 13179 9 35 1282 112 145845 4041 1.2 31 25 2 36 34% 24051 78651 38857 8%
c
c  seconds      switched     rate          size/glue  tier1     binary         remaining
c          MB     reductions    conflicts        size   tier2       irredundant
c             level    restarts       redundant     glue    trail          variables
c
c i 15.98 119 13179 9 35 1282 113 145851 4041 1.2 31 25 2 36 34% 24052 78650 38856 8%
c i 15.98 119 13178 9 35 1282 113 145853 4041 1.2 31 25 2 36 34% 24053 78650 38855 8%
c i 15.98 119 13178 9 35 1282 113 145856 4041 1.2 31 25 2 36 34% 24054 78650 38853 8%
c i 15.98 119 13177 9 35 1282 113 145859 4041 1.2 31 25 2 36 34% 24056 78650 38852 8%
c i 15.98 119 13177 9 35 1282 113 145862 4041 1.2 31 25 2 36 34% 24057 78650 38851 8%
c i 15.98 119 13176 9 35 1282 113 145871 4041 1.2 31 25 2 36 34% 24058 78649 38849 8%
c i 15.98 119 13175 9 35 1282 113 145879 4042 1.2 31 25 2 36 34% 24060 78649 38848 8%
c i 15.98 119 13174 9 35 1282 113 145881 4042 1.2 31 25 2 36 34% 24061 78649 38847 8%
c i 15.98 119 13173 9 35 1282 113 145886 4043 1.2 31 25 2 36 34% 24063 78649 38846 8%
c i 15.98 119 13173 9 35 1282 113 145893 4044 1.2 31 25 2 36 34% 24064 78647 38844 8%
c i 15.98 119 13172 9 35 1282 113 145897 4044 1.2 31 25 2 36 34% 24066 78647 38843 8%
c i 15.99 119 13171 9 35 1282 113 145906 4044 1.2 31 25 2 36 34% 24072 78646 38842 8%
c i 15.99 119 13164 9 35 1282 113 145948 4060 1.2 31 25 2 36 34% 24080 78645 38841 8%
c i 15.99 119 13163 9 35 1282 113 145956 4061 1.2 31 25 2 36 34% 24081 78645 38839 8%
c i 15.99 119 13147 9 35 1282 112 146052 4111 1.2 31 25 2 36 34% 24094 78644 38837 8%
c i 15.99 119 13145 9 35 1282 112 146065 4111 1.2 31 25 2 36 34% 24098 78644 38836 8%
c i 15.99 119 13141 9 35 1282 112 146094 4126 1.2 31 25 2 36 34% 24100 78644 38834 8%
c i 15.99 119 13140 9 35 1282 112 146104 4127 1.2 31 25 2 36 34% 24102 78643 38831 8%
c i 15.99 119 13137 9 35 1282 112 146124 4127 1.2 31 25 2 36 34% 24104 78643 38830 8%
c i 15.99 119 13132 9 35 1282 112 146150 4132 1.2 31 25 2 36 34% 24108 78643 38825 8%
c
c  seconds      switched     rate          size/glue  tier1     binary         remaining
c          MB     reductions    conflicts        size   tier2       irredundant
c             level    restarts       redundant     glue    trail          variables
c
c i 15.99 119 13125 9 35 1282 112 146198 4149 1.2 31 25 2 36 34% 24118 78643 38823 8%
c i 15.99 119 13116 9 35 1282 112 146259 4170 1.2 31 25 2 36 34% 24129 78641 38820 8%
c i 15.99 119 13116 9 35 1282 112 146262 4170 1.2 31 25 2 36 34% 24129 78641 38819 8%
c i 15.99 119 13109 9 35 1282 112 146304 4197 1.2 31 25 2 36 34% 24132 78641 38815 8%
c i 15.99 119 13102 9 35 1282 112 146350 4216 1.2 31 25 2 36 34% 24137 78641 38811 8%
c i 15.99 119 13099 9 35 1282 112 146363 4223 1.2 31 25 2 36 34% 24137 78641 38810 8%
c i 15.99 119 13098 9 35 1282 112 146374 4228 1.2 31 25 2 36 34% 24137 78641 38808 8%
c i 15.99 119 13096 9 35 1282 112 146396 4233 1.2 31 25 2 36 34% 24137 78635 38806 8%
c i 15.99 119 13095 9 35 1282 112 146401 4234 1.2 31 25 2 36 34% 24138 78635 38805 8%
c i 15.99 119 13092 9 35 1282 112 146435 4244 1.2 31 25 2 36 34% 24142 78635 38804 8%
c i 15.99 119 13059 9 35 1283 112 146750 4430 1.2 30 25 2 36 34% 24172 78635 38803 8%
c i 15.99 119 13057 9 35 1283 112 146759 4434 1.2 30 25 2 36 34% 24174 78634 38802 8%
c i 15.99 119 13053 9 35 1283 111 146787 4446 1.2 30 25 2 36 34% 24176 78633 38801 8%
c i 16.00 119 13052 9 35 1283 112 146797 4447 1.2 30 25 2 36 34% 24180 78633 38800 8%
c i 16.00 119 13045 9 35 1283 112 146837 4467 1.2 30 25 2 36 33% 24186 78633 38798 8%
c i 16.00 119 13038 9 35 1283 112 146879 4493 1.2 30 25 2 36 33% 24192 78633 38797 8%
c i 16.00 119 13017 9 35 1283 112 146998 4563 1.2 30 25 2 36 33% 24206 78633 38790 8%
c i 16.00 119 12999 9 35 1283 112 147105 4629 1.2 30 25 2 36 33% 24208 78632 38789 8%
c i 16.00 119 12990 9 35 1283 111 147161 4649 1.2 30 25 2 36 33% 24214 78632 38787 8%
c i 16.00 119 12980 9 35 1283 111 147216 4672 1.2 30 25 2 36 33% 24220 78632 38783 8%
c
c  seconds      switched     rate          size/glue  tier1     binary         remaining
c          MB     reductions    conflicts        size   tier2       irredundant
c             level    restarts       redundant     glue    trail          variables
c
c i 16.00 119 12976 9 35 1283 111 147238 4680 1.2 30 25 2 36 33% 24223 78632 38782 8%
c i 16.00 119 12963 9 35 1283 111 147310 4714 1.2 30 25 2 36 33% 24232 78632 38781 8%
c i 16.00 119 12955 9 35 1283 111 147354 4738 1.2 30 25 2 36 33% 24235 78632 38777 8%
c i 16.00 119 12953 9 35 1283 111 147368 4741 1.2 30 25 2 36 33% 24237 78632 38775 8%
c i 16.00 119 12943 9 35 1283 111 147428 4776 1.2 30 25 2 36 33% 24246 78631 38774 8%
c i 16.00 119 12939 9 35 1283 111 147453 4789 1.2 30 25 2 36 33% 24252 78631 38773 8%
c i 16.00 119 12921 9 35 1283 111 147566 4854 1.2 30 25 2 36 33% 24258 78629 38772 8%
c i 16.00 119 12901 9 35 1283 111 147689 4921 1.2 30 25 2 36 33% 24279 78629 38770 8%
c i 16.00 119 12853 9 35 1284 110 147973 5100 1.2 30 25 2 36 33% 24292 78629 38769 8%
c i 16.00 119 12851 9 35 1284 110 147988 5100 1.2 30 25 2 36 33% 24293 78625 38764 8%
c i 16.00 119 12851 9 35 1284 110 147993 5100 1.2 30 25 2 36 33% 24295 78624 38762 8%
c i 16.00 119 12850 9 35 1284 110 148001 5103 1.2 30 25 2 36 33% 24297 78624 38761 8%
c i 16.00 119 12844 9 35 1284 110 148037 5122 1.2 30 25 2 36 33% 24300 78624 38759 8%
c i 16.00 119 12843 9 35 1284 110 148038 5122 1.2 30 25 2 36 33% 24300 78624 38758 8%
c i 16.00 119 12829 9 35 1284 110 148131 5156 1.2 30 24 2 36 33% 24313 78624 38757 8%
c i 16.00 119 12825 9 35 1284 110 148154 5164 1.2 30 24 2 36 33% 24319 78623 38756 8%
c i 16.00 119 12820 9 35 1284 110 148189 5179 1.2 30 24 2 36 33% 24324 78622 38755 8%
c i 16.00 119 12817 9 35 1284 110 148203 5182 1.2 30 24 2 36 33% 24324 78622 38754 8%
c i 16.00 119 12813 9 35 1284 110 148227 5200 1.2 30 24 2 36 33% 24327 78622 38753 8%
c i 16.00 119 12813 9 35 1284 110 148230 5201 1.2 30 24 2 36 33% 24327 78622 38752 8%
c
c  seconds      switched     rate          size/glue  tier1     binary         remaining
c          MB     reductions    conflicts        size   tier2       irredundant
c             level    restarts       redundant     glue    trail          variables
c
c i 16.00 119 12808 9 35 1284 110 148261 5205 1.2 30 24 2 36 33% 24331 78622 38750 8%
c i 16.00 119 12802 9 35 1284 110 148296 5212 1.2 30 24 2 36 33% 24339 78620 38749 8%
c i 16.00 119 12801 9 35 1284 110 148301 5212 1.2 30 24 2 36 33% 24343 78620 38748 8%
c i 16.00 119 12800 9 35 1284 110 148308 5215 1.2 30 24 2 36 33% 24344 78620 38747 8%
c i 16.00 119 12799 9 35 1284 110 148312 5215 1.2 30 24 2 36 33% 24345 78619 38745 8%
c i 16.00 119 12798 9 35 1284 110 148322 5217 1.2 30 24 2 36 33% 24347 78619 38744 8%
c i 16.00 119 12795 9 35 1284 110 148338 5221 1.2 30 24 2 36 33% 24354 78619 38743 8%
c i 16.00 119 12788 9 35 1284 110 148377 5243 1.2 30 24 2 36 33% 24360 78619 38742 8%
c i 16.00 119 12786 9 35 1284 110 148391 5245 1.2 30 24 2 36 33% 24367 78619 38741 8%
c i 16.00 119 12780 9 35 1284 110 148425 5256 1.2 30 24 2 36 33% 24375 78619 38739 8%
c i 16.00 119 12777 9 35 1284 110 148437 5258 1.2 30 24 2 36 33% 24375 78619 38736 8%
c i 16.00 119 12776 9 35 1284 110 148446 5258 1.2 30 24 2 36 33% 24376 78618 38730 8%
c i 16.00 119 12762 9 35 1284 109 148526 5302 1.2 30 24 2 36 33% 24382 78618 38729 8%
c i 16.00 119 12759 9 35 1284 110 148550 5304 1.2 30 24 2 36 33% 24387 78618 38723 8%
c i 16.00 119 12752 9 35 1284 110 148608 5329 1.2 30 24 2 36 33% 24393 78615 38721 8%
c i 16.00 119 12751 9 35 1284 110 148615 5330 1.2 30 24 2 36 33% 24394 78615 38720 8%
c i 16.00 119 12751 9 35 1284 110 148617 5331 1.2 30 24 2 36 33% 24394 78615 38719 8%
c i 16.00 119 12745 9 35 1284 109 148650 5336 1.2 30 24 2 36 33% 24401 78615 38718 8%
c i 16.00 119 12745 9 35 1284 109 148653 5338 1.2 30 24 2 36 33% 24401 78615 38717 8%
c i 16.00 119 12744 9 35 1284 109 148662 5338 1.2 30 24 2 36 33% 24401 78613 38714 8%
c
c  seconds      switched     rate          size/glue  tier1     binary         remaining
c          MB     reductions    conflicts        size   tier2       irredundant
c             level    restarts       redundant     glue    trail          variables
c
c i 16.00 119 12743 9 35 1284 109 148680 5338 1.2 30 24 2 36 33% 24402 78610 38708 8%
c i 16.00 119 12742 9 35 1284 109 148687 5338 1.2 30 24 2 36 33% 24403 78609 38703 8%
c i 16.00 119 12741 9 35 1284 109 148690 5338 1.2 30 24 2 36 33% 24404 78609 38701 8%
c i 16.00 119 12740 9 35 1284 109 148699 5341 1.2 30 24 2 36 33% 24405 78608 38700 8%
c i 16.00 119 12740 9 35 1284 109 148702 5340 1.2 30 24 2 36 33% 24407 78608 38699 8%
c i 16.00 119 12739 9 35 1284 109 148707 5341 1.2 30 24 2 36 33% 24407 78608 38697 8%
c i 16.00 119 12738 9 35 1284 109 148711 5342 1.2 30 24 2 36 33% 24408 78608 38696 8%
c i 16.00 119 12737 9 35 1284 109 148718 5341 1.2 30 24 2 36 33% 24410 78608 38689 8%
c i 16.00 119 12729 9 35 1284 109 148761 5368 1.2 30 24 2 36 33% 24413 78608 38683 8%
c i 16.00 119 12728 9 35 1284 109 148769 5368 1.2 30 24 2 36 33% 24416 78607 38682 8%
c i 16.00 119 12727 9 35 1284 109 148775 5371 1.2 30 24 2 36 33% 24416 78607 38681 8%
c i 16.01 119 12673 9 35 1284 109 149085 5527 1.2 30 24 2 36 33% 24461 78606 38679 8%
c i 16.01 119 12629 9 35 1284 108 149330 5619 1.2 30 24 2 36 32% 24485 78606 38678 8%
c i 16.01 119 12618 9 35 1284 108 149396 5628 1.2 30 24 2 36 32% 24494 78606 38677 8%
c i 16.01 119 12602 9 35 1284 108 149489 5667 1.2 30 24 2 36 32% 24505 78606 38676 8%
c i 16.01 119 12601 9 35 1284 108 149495 5671 1.2 30 24 2 36 32% 24505 78606 38675 8%
c i 16.01 119 12597 9 35 1284 108 149529 5687 1.2 30 24 2 36 32% 24510 78602 38673 8%
c i 16.01 119 12596 9 35 1284 108 149546 5686 1.2 30 24 2 36 32% 24511 78598 38667 8%
c i 16.01 119 12595 9 35 1284 108 149557 5685 1.2 30 24 2 36 32% 24512 78596 38664 8%
c i 16.01 119 12594 9 35 1284 108 149559 5685 1.2 30 24 2 36 32% 24513 78596 38663 8%
c
c  seconds      switched     rate          size/glue  tier1     binary         remaining
c          MB     reductions    conflicts        size   tier2       irredundant
c             level    restarts       redundant     glue    trail          variables
c
c i 16.01 119 12593 9 35 1284 108 149563 5685 1.2 30 24 2 36 32% 24514 78596 38660 8%
c i 16.01 119 12591 9 35 1284 108 149589 5688 1.2 30 24 2 36 32% 24518 78590 38657 8%
c i 16.01 119 12573 9 35 1284 108 149704 5761 1.2 30 24 2 36 32% 24533 78590 38656 8%
c i 16.01 119 12566 9 35 1284 108 149744 5777 1.2 30 24 2 36 32% 24548 78590 38654 8%
c i 16.01 119 12565 9 35 1284 108 149749 5778 1.2 30 24 2 36 32% 24548 78590 38651 8%
c i 16.01 119 12560 9 35 1284 108 149783 5799 1.2 30 24 2 36 32% 24553 78590 38650 8%
c i 16.01 119 12558 9 35 1284 108 149793 5799 1.2 30 24 2 36 32% 24557 78590 38649 8%
c i 16.01 119 12555 9 35 1284 108 149814 5808 1.2 30 24 2 36 32% 24559 78590 38646 8%
c i 16.01 119 12552 9 35 1284 108 149833 5815 1.2 30 24 2 36 32% 24563 78590 38643 8%
c i 16.01 119 12546 9 35 1284 108 149870 5842 1.2 30 24 2 36 32% 24565 78590 38642 8%
c i 16.01 119 12538 9 35 1284 108 149922 5874 1.2 30 24 2 36 32% 24566 78590 38641 8%
c i 16.01 119 12510 9 35 1284 107 150102 5967 1.2 30 24 2 36 32% 24578 78590 38640 8%
c i 16.02 119 12479 9 35 1284 108 150329 6092 1.2 29 24 2 36 32% 24598 78588 38638 8%
c i 16.02 119 12479 9 35 1284 108 150335 6092 1.2 29 24 2 36 32% 24602 78587 38637 8%
c i 16.02 119 12481 9 35 1284 108 150350 6101 1.2 29 24 2 36 32% 24605 78587 38636 8%
c i 16.02 119 12481 9 35 1284 108 150356 6103 1.2 29 24 2 36 32% 24606 78586 38635 8%
c i 16.02 119 12484 9 35 1284 108 150399 6121 1.2 29 24 2 36 32% 24623 78586 38634 8%
c i 16.02 119 12484 9 35 1284 108 150405 6122 1.2 29 24 2 36 32% 24627 78585 38633 8%
c i 16.02 119 12484 9 35 1284 108 150429 6133 1.2 29 24 2 36 32% 24636 78585 38632 8%
c i 16.02 119 12483 9 35 1285 108 150440 6135 1.2 29 24 2 36 32% 24640 78585 38631 8%
c
c  seconds      switched     rate          size/glue  tier1     binary         remaining
c          MB     reductions    conflicts        size   tier2       irredundant
c             level    restarts       redundant     glue    trail          variables
c
c i 16.02 119 12481 9 35 1285 108 150452 6140 1.2 29 24 2 36 32% 24642 78585 38628 8%
c i 16.02 119 12480 9 35 1285 108 150458 6138 1.2 29 24 2 36 32% 24643 78585 38626 8%
c i 16.02 119 12476 9 35 1285 108 150488 6143 1.2 29 24 2 36 32% 24651 78585 38625 8%
c i 16.02 119 12430 9 35 1285 108 150742 6270 1.2 29 24 2 36 32% 24671 78585 38624 8%
c i 16.02 119 12401 9 35 1285 107 150914 6378 1.2 29 24 2 36 32% 24684 78585 38623 8%
c - 16.03 119 12380 9 36 1285 107 151033 4661 1.2 29 24 2 34 32% 23617 78585 38623 8%
c i 16.03 119 12379 9 36 1285 107 151043 4662 1.2 29 24 2 34 32% 23620 78585 38622 8%
c i 16.03 119 12376 9 36 1285 107 151059 4668 1.2 29 24 2 34 32% 23621 78585 38621 8%
c i 16.03 119 12376 9 36 1285 107 151060 4668 1.2 29 24 2 34 32% 23621 78585 38620 8%
c i 16.03 119 12376 9 36 1285 107 151061 4668 1.2 29 24 2 34 32% 23621 78585 38619 8%
c i 16.03 119 12374 9 36 1285 107 151076 4670 1.2 29 24 2 34 32% 23621 78585 38618 8%
c i 16.03 119 12373 9 36 1285 107 151085 4671 1.2 29 24 2 34 32% 23623 78584 38617 8%
c i 16.03 119 12365 9 36 1285 107 151139 4690 1.2 29 24 2 34 32% 23634 78582 38616 8%
c i 16.03 119 12362 9 36 1285 107 151161 4703 1.2 29 24 2 34 32% 23635 78581 38615 8%
c i 16.03 119 12361 9 36 1285 107 151165 4704 1.2 29 24 2 34 32% 23635 78581 38614 8%
c i 16.03 119 12361 9 36 1285 107 151168 4705 1.2 29 24 2 34 32% 23635 78581 38613 8%
c i 16.03 119 12355 9 36 1285 107 151204 4726 1.2 29 24 2 34 32% 23638 78581 38611 8%
c i 16.03 119 12352 9 36 1285 107 151222 4735 1.2 29 24 2 34 32% 23641 78581 38610 8%
c i 16.03 119 12340 9 36 1285 107 151293 4757 1.2 29 24 2 34 32% 23651 78579 38607 8%
c i 16.03 119 12337 9 36 1285 107 151315 4762 1.2 29 24 2 34 32% 23652 78579 38601 8%
c
c  seconds      switched     rate          size/glue  tier1     binary         remaining
c          MB     reductions    conflicts        size   tier2       irredundant
c             level    restarts       redundant     glue    trail          variables
c
c i 16.03 119 12331 9 36 1285 107 151351 4765 1.2 29 24 2 34 32% 23665 78578 38599 8%
c i 16.03 119 12313 9 36 1285 107 151465 4821 1.2 29 24 2 34 32% 23672 78578 38598 8%
c i 16.03 119 12312 9 36 1285 107 151476 4821 1.2 29 24 2 34 32% 23673 78575 38596 8%
c i 16.03 119 12311 9 36 1285 107 151482 4821 1.2 29 24 2 34 32% 23677 78575 38595 8%
c i 16.03 119 12310 9 36 1285 107 151489 4821 1.2 29 24 2 34 32% 23678 78575 38594 8%
c i 16.03 119 12310 9 36 1285 107 151499 4821 1.2 29 24 2 34 32% 23679 78573 38593 8%
c i 16.03 119 12309 9 36 1285 107 151501 4821 1.2 29 24 2 34 32% 23680 78573 38592 8%
c ] 16.03 119 12314 10 36 1285 107 151526 4825 1.2 29 24 2 34 32% 23698 78573 38592 8%
c { 16.03 119 33572 10 36 1285 1821 151526 4825 1.6 4 3 1 3 66% 23698 78573 38592 8%
c i 16.05 119 33515 10 36 1291 1825 151571 4844 1.6 4 3 1 3 66% 23708 78571 38591 8%
c i 16.05 119 33511 10 36 1292 1825 151573 4844 1.6 4 3 1 3 66% 23708 78571 38590 8%
c i 16.05 119 33502 10 36 1293 1826 151583 4845 1.6 4 3 1 3 66% 23710 78570 38589 8%
c i 16.05 119 33496 10 36 1294 1827 151588 4846 1.6 4 3 1 3 66% 23711 78570 38588 8%
c i 16.05 119 33488 10 36 1296 1831 151603 4847 1.6 4 3 1 3 66% 23713 78570 38587 8%
c i 16.06 119 33482 10 36 1297 1832 151618 4848 1.6 4 3 1 3 66% 23714 78568 38586 8%
c i 16.06 119 33473 10 36 1299 1833 151624 4848 1.6 4 3 1 3 66% 23717 78567 38585 8%
c i 16.06 119 33441 10 36 1303 1833 151641 4855 1.6 4 3 1 3 66% 23719 78567 38584 8%
c i 16.06 119 33434 10 36 1303 1833 151644 4855 1.6 4 3 1 3 66% 23720 78567 38583 8%
c i 16.06 119 33421 10 36 1304 1832 151648 4856 1.6 4 3 1 3 66% 23721 78567 38582 8%
c i 16.06 119 33414 10 36 1306 1832 151652 4856 1.6 4 3 1 3 66% 23721 78567 38581 8%
c
c  seconds       switched      rate          size/glue tier1   binary         remaining
c          MB      reductions     conflicts       size  tier2      irredundant
c             level     restarts        redundant   glue   trail          variables
c
c i 16.06 119 33411 10 36 1306 1832 151653 4856 1.6 4 3 1 3 66% 23721 78567 38580 8%
c i 16.06 119 33408 10 36 1306 1832 151654 4856 1.6 4 3 1 3 66% 23721 78567 38579 8%
c i 16.06 119 33405 10 36 1307 1831 151655 4856 1.6 4 3 1 3 66% 23721 78567 38578 8%
c i 16.06 119 33401 10 36 1307 1831 151656 4856 1.6 4 3 1 3 66% 23721 78567 38577 8%
c i 16.06 119 33388 10 36 1308 1831 151660 4856 1.6 4 3 1 3 66% 23723 78567 38576 8%
c i 16.06 119 33375 10 36 1309 1830 151664 4856 1.6 4 3 1 3 66% 23726 78567 38575 8%
c i 16.06 119 33362 10 36 1310 1829 151668 4856 1.6 4 3 1 3 66% 23729 78567 38574 8%
c i 16.06 119 33359 10 36 1311 1829 151669 4856 1.6 4 3 1 3 66% 23729 78567 38573 8%
c i 16.06 119 33343 10 36 1312 1828 151674 4857 1.6 4 3 1 3 66% 23732 78567 38572 8%
c i 16.06 119 33336 10 36 1313 1828 151677 4857 1.6 4 3 1 3 66% 23733 78567 38571 8%
c i 16.06 119 33330 10 36 1314 1827 151679 4857 1.6 4 3 1 3 66% 23734 78567 38570 8%
c i 16.06 119 33310 10 36 1316 1826 151687 4858 1.6 4 3 1 3 66% 23736 78566 38569 8%
c i 16.06 119 33304 10 36 1317 1826 151694 4858 1.6 4 3 1 3 66% 23736 78565 38568 8%
c i 16.06 119 33291 10 36 1318 1825 151698 4860 1.6 4 3 1 3 66% 23737 78565 38567 8%
c i 16.06 119 33287 10 36 1318 1825 151699 4860 1.6 4 3 1 3 66% 23737 78565 38566 8%
c i 16.06 119 33281 10 36 1319 1825 151701 4860 1.6 4 3 1 3 66% 23738 78565 38565 8%
c i 16.06 119 33275 10 36 1319 1824 151703 4860 1.6 4 3 1 3 66% 23739 78565 38564 8%
c i 16.06 119 33268 10 36 1320 1824 151705 4860 1.6 4 3 1 3 66% 23740 78565 38563 8%
c i 16.06 119 33262 10 36 1320 1824 151707 4860 1.6 4 3 1 3 66% 23741 78565 38562 8%
c i 16.06 119 33255 10 36 1321 1823 151709 4860 1.6 4 3 1 3 66% 23742 78565 38561 8%
c
c  seconds       switched      rate          size/glue tier1   binary         remaining
c          MB      reductions     conflicts       size  tier2      irredundant
c             level     restarts        redundant   glue   trail          variables
c
c i 16.06 119 33249 10 36 1321 1823 151711 4860 1.6 4 3 1 3 66% 23743 78565 38560 8%
c i 16.06 119 33242 10 36 1322 1823 151713 4860 1.6 4 3 1 3 66% 23744 78565 38559 8%
c i 16.06 119 33236 10 36 1322 1822 151715 4860 1.6 4 3 1 3 66% 23745 78565 38558 8%
c i 16.06 119 33229 10 36 1322 1822 151717 4860 1.6 4 3 1 3 66% 23746 78565 38557 8%
c i 16.06 119 33226 10 36 1322 1822 151720 4860 1.6 4 3 1 3 66% 23746 78564 38556 8%
c i 16.06 119 33213 10 36 1322 1821 151724 4861 1.6 4 3 1 3 66% 23748 78564 38555 8%
c i 16.06 119 33194 10 36 1322 1820 151730 4863 1.6 4 3 1 3 66% 23751 78564 38554 8%
c i 16.06 119 33184 10 36 1323 1820 151733 4864 1.6 4 3 1 3 66% 23752 78564 38553 8%
c i 16.06 119 33174 10 36 1323 1819 151736 4864 1.6 4 3 1 3 66% 23753 78564 38552 8%
c i 16.06 119 33168 10 36 1323 1819 151739 4864 1.6 4 3 1 3 66% 23754 78564 38551 8%
c i 16.06 119 33149 10 36 1323 1818 151748 4867 1.6 4 3 1 3 66% 23755 78564 38550 8%
c i 16.06 119 33136 10 36 1323 1819 151755 4869 1.6 4 3 1 3 66% 23756 78564 38548 8%
c i 16.06 119 33130 10 36 1323 1818 151757 4869 1.6 4 3 1 3 66% 23757 78564 38547 8%
c i 16.06 119 33120 10 36 1323 1818 151762 4869 1.6 4 3 1 3 66% 23758 78564 38545 8%
c i 16.06 119 33114 10 36 1323 1818 151764 4869 1.6 4 3 1 3 66% 23759 78564 38544 8%
c i 16.06 119 33102 10 36 1323 1819 151771 4869 1.6 4 3 1 3 66% 23761 78564 38542 8%
c i 16.06 119 33096 10 36 1323 1818 151773 4869 1.6 4 3 1 3 66% 23762 78564 38541 8%
c i 16.07 119 33084 10 36 1323 1819 151780 4869 1.6 4 3 1 3 66% 23764 78564 38539 8%
c i 16.07 119 33077 10 36 1323 1819 151782 4869 1.6 4 3 1 3 66% 23765 78564 38538 8%
c i 16.07 119 33065 10 36 1323 1820 151789 4869 1.6 4 3 1 3 66% 23767 78564 38536 8%
c
c  seconds       switched      rate          size/glue tier1   binary         remaining
c          MB      reductions     conflicts       size  tier2      irredundant
c             level     restarts        redundant   glue   trail          variables
c
c i 16.07 119 33059 10 36 1323 1820 151791 4869 1.6 4 3 1 3 66% 23768 78564 38535 8%
c i 16.07 119 33047 10 36 1323 1821 151798 4869 1.6 4 3 1 3 66% 23770 78564 38533 8%
c i 16.07 119 33040 10 36 1323 1820 151800 4869 1.6 4 3 1 3 66% 23771 78564 38532 8%
c i 16.07 119 33028 10 36 1323 1821 151807 4869 1.6 4 3 1 3 66% 23773 78564 38530 8%
c i 16.07 119 33022 10 36 1323 1821 151809 4869 1.6 4 3 1 3 66% 23774 78564 38529 8%
c i 16.07 119 33009 10 36 1323 1820 151819 4869 1.6 4 3 1 3 66% 23775 78564 38527 8%
c i 16.07 119 33000 10 36 1323 1820 151822 4869 1.6 4 3 1 3 66% 23776 78564 38525 8%
c i 16.07 119 32993 10 36 1323 1820 151824 4869 1.6 4 3 1 3 65% 23777 78564 38524 8%
c i 16.07 119 32981 10 36 1323 1819 151831 4869 1.6 4 3 1 3 65% 23780 78562 38523 8%
c i 16.07 119 32974 10 36 1323 1819 151833 4869 1.6 4 3 1 3 65% 23781 78562 38522 8%
c i 16.07 119 32965 10 36 1323 1818 151838 4869 1.6 4 3 1 3 65% 23782 78562 38520 8%
c i 16.07 119 32959 10 36 1323 1818 151840 4869 1.6 4 3 1 3 65% 23783 78562 38519 8%
c i 16.07 119 32940 10 36 1323 1818 151849 4872 1.6 4 3 1 3 65% 23785 78561 38518 8%
c i 16.07 119 32934 10 36 1323 1818 151852 4872 1.6 4 3 1 3 65% 23786 78561 38517 8%
c i 16.07 119 32928 10 36 1323 1818 151854 4872 1.6 4 3 1 3 65% 23787 78561 38516 8%
c i 16.07 119 32918 10 36 1323 1817 151859 4872 1.6 4 3 1 3 65% 23788 78561 38514 8%
c i 16.07 119 32912 10 36 1323 1817 151861 4872 1.6 4 3 1 3 65% 23789 78561 38513 8%
c i 16.07 119 32906 10 36 1323 1816 151865 4872 1.6 4 3 1 3 65% 23790 78561 38512 8%
c i 16.07 119 32899 10 36 1323 1816 151867 4872 1.6 4 3 1 3 65% 23791 78561 38511 8%
c i 16.08 119 32897 10 36 1323 1818 151875 4872 1.6 4 3 1 3 65% 23793 78558 38510 8%
c
c  seconds       switched      rate          size/glue tier1   binary         remaining
c          MB      reductions     conflicts       size  tier2      irredundant
c             level     restarts        redundant   glue   trail          variables
c
c i 16.08 119 32891 10 36 1323 1817 151877 4872 1.6 4 3 1 3 65% 23794 78558 38509 8%
c i 16.08 119 32881 10 36 1323 1817 151881 4872 1.6 4 3 1 3 65% 23796 78557 38507 8%
c i 16.08 119 32875 10 36 1323 1816 151883 4872 1.6 4 3 1 3 65% 23797 78557 38506 8%
c i 16.08 119 32868 10 36 1323 1816 151885 4872 1.6 4 3 1 3 65% 23798 78557 38505 8%
c i 16.08 119 32862 10 36 1323 1816 151887 4872 1.6 4 3 1 3 65% 23799 78557 38504 8%
c i 16.08 119 32853 10 36 1323 1815 151894 4872 1.6 4 3 1 3 65% 23800 78557 38502 8%
c i 16.08 119 32843 10 36 1323 1815 151897 4872 1.6 4 3 1 3 65% 23801 78557 38500 8%
c i 16.09 119 32803 10 36 1330 1820 151932 4881 1.6 4 3 1 3 65% 23813 78554 38499 8%
c i 16.09 119 32796 10 36 1330 1819 151934 4881 1.6 4 3 1 3 65% 23814 78554 38498 8%
c i 16.09 119 32793 10 36 1331 1819 151935 4881 1.6 4 3 1 3 65% 23814 78554 38497 8%
c i 16.09 119 32785 10 36 1332 1820 151961 4882 1.6 4 3 1 3 65% 23816 78554 38496 8%
c i 16.09 119 32754 10 36 1336 1820 151989 4884 1.6 4 3 1 3 65% 23822 78554 38495 8%
c i 16.09 119 32738 10 36 1338 1820 151994 4886 1.6 4 3 1 3 65% 23823 78554 38494 8%
c i 16.09 119 32732 10 36 1338 1819 151996 4886 1.6 4 3 1 3 65% 23824 78554 38493 8%
c i 16.09 119 32700 10 36 1343 1821 152018 4894 1.6 4 3 1 3 65% 23827 78554 38492 8%
c i 16.10 119 32656 10 36 1350 1823 152080 4906 1.6 4 3 1 3 65% 23830 78546 38491 8%
c i 16.10 119 32638 10 36 1352 1823 152092 4910 1.6 4 3 1 3 65% 23831 78546 38490 8%
c i 16.11 119 32608 10 36 1356 1824 152148 4917 1.6 4 3 1 3 65% 23833 78535 38489 8%
c i 16.11 119 32597 10 36 1358 1826 152164 4918 1.6 4 3 1 3 65% 23835 78534 38488 8%
c i 16.11 119 32591 10 36 1359 1827 152179 4919 1.6 4 3 1 3 65% 23836 78532 38487 8%
c
c  seconds       switched      rate          size/glue tier1   binary         remaining
c          MB      reductions     conflicts       size  tier2      irredundant
c             level     restarts        redundant   glue   trail          variables
c
c i 16.11 119 32563 10 36 1362 1825 152192 4925 1.6 4 3 1 3 65% 23839 78527 38486 8%
c i 16.11 119 32560 10 36 1363 1825 152193 4925 1.6 4 3 1 3 65% 23839 78527 38485 8%
c i 16.11 119 32542 10 36 1365 1824 152216 4926 1.6 4 3 1 3 65% 23842 78523 38484 8%
c i 16.12 119 32524 10 36 1368 1829 152232 4934 1.6 4 3 1 3 65% 23847 78523 38483 8%
c i 16.12 119 32506 10 36 1370 1828 152245 4939 1.6 4 3 1 3 65% 23847 78521 38482 8%
c i 16.12 119 32488 10 36 1372 1827 152258 4943 1.6 4 3 1 3 65% 23849 78515 38480 8%
c i 16.12 119 32482 10 36 1373 1826 152271 4943 1.6 4 3 1 3 65% 23851 78509 38478 8%
c i 16.12 119 32428 10 36 1379 1825 152304 4959 1.6 4 3 1 3 65% 23852 78507 38477 8%
c i 16.13 119 32418 10 36 1381 1828 152320 4960 1.6 4 3 1 3 65% 23854 78505 38476 8%
c i 16.13 119 32413 10 36 1383 1830 152331 4961 1.6 4 3 1 3 65% 23855 78502 38475 8%
c i 16.13 119 32395 10 36 1386 1832 152350 4964 1.6 4 3 1 3 65% 23859 78502 38474 8%
c i 16.13 119 32376 10 36 1388 1831 152356 4967 1.6 4 3 1 3 65% 23860 78502 38473 8%
c i 16.13 119 32370 10 36 1388 1831 152358 4967 1.6 4 3 1 3 65% 23861 78502 38472 8%
c i 16.13 119 32364 10 36 1389 1830 152360 4967 1.6 4 3 1 3 65% 23862 78502 38471 8%
c i 16.13 119 32358 10 36 1389 1830 152362 4967 1.6 4 3 1 3 65% 23863 78502 38470 8%
c i 16.13 119 32352 10 36 1390 1830 152364 4967 1.6 4 3 1 3 65% 23864 78502 38469 8%
c i 16.13 119 32324 10 36 1393 1828 152374 4967 1.6 4 3 1 3 65% 23869 78502 38468 8%
c i 16.13 119 32297 10 36 1396 1827 152383 4970 1.6 4 3 1 3 65% 23874 78502 38467 8%
c i 16.13 119 32288 10 36 1397 1826 152387 4972 1.6 4 3 1 3 65% 23874 78502 38466 8%
c i 16.13 119 32285 10 36 1398 1826 152388 4972 1.6 4 3 1 3 65% 23874 78502 38465 8%
c
c  seconds       switched      rate          size/glue tier1   binary         remaining
c          MB      reductions     conflicts       size  tier2      irredundant
c             level     restarts        redundant   glue   trail          variables
c
c i 16.13 119 32269 10 36 1399 1825 152393 4974 1.6 4 3 1 3 64% 23875 78502 38464 8%
c i 16.13 119 32260 10 36 1400 1825 152407 4974 1.6 4 3 1 3 64% 23876 78501 38463 8%
c i 16.14 119 32244 10 36 1403 1827 152439 4976 1.6 4 3 1 3 64% 23879 78501 38462 8%
c i 16.14 119 32238 10 36 1404 1827 152442 4976 1.6 4 3 1 3 64% 23880 78501 38461 8%
c i 16.14 119 32232 10 36 1404 1826 152444 4976 1.6 4 3 1 3 64% 23881 78501 38460 8%
c i 16.14 119 32193 10 36 1405 1824 152461 4986 1.6 4 3 1 3 64% 23883 78501 38459 8%
c i 16.14 119 32187 10 36 1405 1824 152463 4986 1.6 4 3 1 3 64% 23884 78501 38458 8%
c i 16.14 119 32172 10 36 1406 1823 152471 4987 1.6 4 3 1 3 64% 23886 78501 38457 8%
c i 16.14 119 32166 10 36 1407 1823 152474 4987 1.6 4 3 1 3 64% 23887 78501 38456 8%
c i 16.14 119 32154 10 36 1408 1822 152478 4988 1.6 4 3 1 3 64% 23889 78501 38455 8%
c i 16.14 119 32112 10 36 1409 1820 152492 4992 1.6 4 3 1 3 64% 23898 78501 38454 8%
c i 16.14 119 32094 10 36 1409 1819 152498 4993 1.6 4 3 1 3 64% 23902 78501 38453 8%
c i 16.14 119 32019 10 36 1411 1815 152526 4999 1.6 4 3 1 3 64% 23914 78501 38452 8%
c i 16.14 119 32013 10 36 1412 1814 152530 4999 1.6 4 3 1 3 64% 23915 78501 38451 8%
c i 16.14 119 32008 10 36 1414 1816 152544 4999 1.6 4 3 1 3 64% 23918 78499 38450 8%
c i 16.14 119 31994 10 36 1416 1817 152552 5000 1.6 4 3 1 3 64% 23920 78499 38448 8%
c i 16.14 119 31989 10 36 1417 1818 152557 5001 1.6 4 3 1 3 64% 23921 78499 38447 8%
c i 16.15 119 31973 10 36 1420 1820 152574 5002 1.6 4 3 1 3 64% 23925 78498 38446 8%
c i 16.15 119 31968 10 36 1420 1819 152576 5002 1.6 4 3 1 3 64% 23926 78498 38445 8%
c i 16.15 119 31959 10 36 1420 1819 152581 5002 1.6 4 3 1 3 64% 23927 78498 38443 8%
c
c  seconds       switched      rate          size/glue tier1   binary         remaining
c          MB      reductions     conflicts       size  tier2      irredundant
c             level     restarts        redundant   glue   trail          variables
c
c i 16.15 119 31953 10 36 1420 1818 152583 5002 1.6 4 3 1 3 64% 23928 78498 38442 8%
c i 16.15 119 31936 10 36 1421 1819 152620 5007 1.6 4 3 1 3 64% 23930 78494 38441 8%
c i 16.15 119 31933 10 36 1422 1821 152629 5007 1.6 4 3 1 3 64% 23932 78490 38440 8%
c i 16.15 119 31919 10 36 1425 1822 152644 5007 1.6 4 3 1 3 64% 23936 78488 38439 8%
c i 16.15 119 31911 10 36 1426 1821 152649 5007 1.6 4 3 1 3 64% 23938 78486 38438 8%
c i 16.15 119 31885 10 36 1430 1820 152662 5009 1.6 4 3 1 3 64% 23939 78486 38437 8%
c i 16.15 119 31882 10 36 1431 1820 152664 5009 1.6 4 3 1 3 64% 23939 78486 38436 8%
c i 16.15 119 31867 10 36 1432 1819 152670 5011 1.6 4 3 1 3 64% 23940 78486 38435 8%
c i 16.15 119 31861 10 36 1433 1819 152675 5011 1.6 4 3 1 3 64% 23942 78483 38434 8%
c i 16.15 119 31855 10 36 1434 1818 152677 5011 1.6 4 3 1 3 64% 23943 78483 38433 8%
c i 16.15 119 31849 10 36 1434 1818 152679 5011 1.6 4 3 1 3 64% 23944 78483 38432 8%
c i 16.15 119 31837 10 36 1435 1817 152683 5011 1.6 4 3 1 3 64% 23947 78483 38431 8%
c i 16.15 119 31831 10 36 1436 1817 152685 5011 1.6 4 3 1 3 64% 23948 78483 38430 8%
c i 16.15 119 31819 10 36 1437 1816 152689 5011 1.6 4 3 1 3 64% 23951 78483 38429 8%
c i 16.15 119 31808 10 36 1438 1816 152693 5011 1.6 4 3 1 3 64% 23954 78483 38428 8%
c i 16.15 119 31778 10 36 1440 1814 152703 5012 1.6 4 3 1 3 64% 23962 78483 38427 8%
c i 16.15 119 31766 10 36 1440 1813 152707 5013 1.6 4 3 1 3 64% 23964 78483 38426 8%
c i 16.15 119 31760 10 36 1440 1813 152709 5013 1.6 4 3 1 3 64% 23965 78483 38425 8%
c i 16.15 119 31749 10 36 1440 1812 152713 5014 1.6 4 3 1 3 64% 23967 78483 38424 8%
c i 16.15 119 31743 10 36 1440 1812 152715 5014 1.6 4 3 1 3 64% 23968 78483 38423 8%
c
c  seconds       switched      rate          size/glue tier1   binary         remaining
c          MB      reductions     conflicts       size  tier2      irredundant
c             level     restarts        redundant   glue   trail          variables
c
c i 16.15 119 31737 10 36 1440 1812 152717 5014 1.6 4 3 1 3 64% 23969 78483 38422 8%
c i 16.15 119 31725 10 36 1440 1811 152722 5014 1.6 4 3 1 3 64% 23970 78483 38420 8%
c i 16.15 119 31719 10 36 1440 1811 152724 5014 1.6 4 3 1 3 63% 23971 78483 38419 8%
c i 16.15 119 31711 10 36 1440 1810 152731 5015 1.6 4 3 1 3 63% 23972 78483 38418 8%
c i 16.15 119 31705 10 36 1440 1810 152733 5015 1.6 4 3 1 3 63% 23973 78483 38417 8%
c i 16.15 119 31696 10 36 1440 1809 152737 5015 1.6 4 3 1 3 63% 23975 78482 38415 8%
c i 16.15 119 31690 10 36 1440 1809 152739 5015 1.6 4 3 1 3 63% 23976 78482 38414 8%
c i 16.15 119 31684 10 36 1440 1809 152741 5015 1.6 4 3 1 3 63% 23977 78482 38413 8%
c i 16.15 119 31676 10 36 1440 1808 152744 5015 1.6 4 3 1 3 63% 23978 78482 38411 8%
c i 16.15 119 31667 10 36 1440 1808 152747 5015 1.6 4 3 1 3 63% 23979 78482 38409 8%
c i 16.15 119 31661 10 36 1440 1807 152749 5015 1.6 4 3 1 3 63% 23980 78482 38408 8%
c i 16.15 119 31655 10 36 1440 1807 152751 5015 1.6 4 3 1 3 63% 23981 78482 38407 8%
c i 16.15 119 31646 10 36 1440 1807 152754 5015 1.6 4 3 1 3 63% 23982 78482 38405 8%
c i 16.15 119 31641 10 36 1440 1806 152756 5015 1.6 4 3 1 3 63% 23983 78482 38404 8%
c i 16.15 119 31635 10 36 1440 1806 152758 5015 1.6 4 3 1 3 63% 23984 78482 38403 8%
c i 16.15 119 31629 10 36 1440 1806 152760 5015 1.6 4 3 1 3 63% 23985 78482 38402 8%
c i 16.15 119 31623 10 36 1440 1805 152763 5015 1.6 4 3 1 3 63% 23986 78481 38401 8%
c i 16.15 119 31617 10 36 1440 1805 152765 5015 1.6 4 3 1 3 63% 23987 78481 38400 8%
c i 16.15 119 31611 10 36 1440 1805 152767 5015 1.6 4 3 1 3 63% 23988 78481 38399 8%
c i 16.15 119 31606 10 36 1440 1804 152771 5015 1.6 4 3 1 3 63% 23989 78481 38398 8%
c
c  seconds       switched      rate          size/glue tier1   binary         remaining
c          MB      reductions     conflicts       size  tier2      irredundant
c             level     restarts        redundant   glue   trail          variables
c
c i 16.15 119 31597 10 36 1440 1804 152775 5015 1.6 4 3 1 3 63% 23990 78481 38397 8%
c i 16.15 119 31591 10 36 1440 1803 152777 5015 1.6 4 3 1 3 63% 23991 78481 38396 8%
c i 16.15 119 31585 10 36 1440 1803 152779 5015 1.6 4 3 1 3 63% 23992 78481 38395 8%
c i 16.15 119 31576 10 36 1440 1803 152782 5016 1.6 4 3 1 3 63% 23993 78481 38394 8%
c i 16.15 119 31539 10 36 1440 1800 152797 5023 1.6 4 3 1 3 63% 23995 78481 38392 8%
c i 16.15 119 31533 10 36 1440 1800 152799 5023 1.6 4 3 1 3 63% 23996 78481 38391 8%
c i 16.15 119 31524 10 36 1440 1800 152802 5023 1.6 4 3 1 3 63% 23997 78481 38389 8%
c i 16.15 119 31513 10 36 1440 1799 152806 5023 1.6 4 3 1 3 63% 23999 78481 38387 8%
c i 16.15 119 31478 10 36 1441 1797 152818 5027 1.6 4 3 1 3 63% 24004 78481 38386 8%
c i 16.15 119 31473 10 36 1441 1797 152820 5027 1.6 4 3 1 3 63% 24005 78481 38385 8%
c i 16.15 119 31467 10 36 1442 1797 152822 5027 1.6 4 3 1 3 63% 24006 78481 38384 8%
c i 16.15 119 31461 10 36 1442 1796 152824 5027 1.6 4 3 1 3 63% 24007 78481 38383 8%
c i 16.15 119 31459 10 36 1443 1796 152825 5027 1.6 4 3 1 3 63% 24007 78481 38382 8%
c i 16.15 119 31453 10 36 1443 1796 152827 5027 1.6 4 3 1 3 63% 24008 78481 38381 8%
c i 16.15 119 31447 10 36 1443 1796 152829 5027 1.6 4 3 1 3 63% 24009 78481 38380 8%
c i 16.15 119 31442 10 36 1443 1796 152831 5027 1.6 4 3 1 3 63% 24010 78481 38379 8%
c i 16.15 119 31436 10 36 1443 1795 152833 5027 1.6 4 3 1 3 63% 24011 78481 38378 8%
c i 16.15 119 31431 10 36 1443 1795 152835 5027 1.6 4 3 1 3 63% 24012 78481 38377 8%
c i 16.15 119 31425 10 36 1443 1795 152837 5027 1.6 4 3 1 3 63% 24013 78481 38376 8%
c i 16.16 119 31419 10 36 1443 1795 152839 5027 1.6 4 3 1 3 63% 24014 78481 38375 8%
c
c  seconds       switched      rate          size/glue tier1   binary         remaining
c          MB      reductions     conflicts       size  tier2      irredundant
c             level     restarts        redundant   glue   trail          variables
c
c i 16.16 119 31414 10 36 1443 1794 152841 5027 1.6 4 3 1 3 63% 24015 78481 38374 8%
c i 16.16 119 31408 10 36 1443 1794 152843 5027 1.6 4 3 1 3 63% 24016 78481 38373 8%
c i 16.16 119 31402 10 36 1443 1794 152845 5027 1.6 4 3 1 3 63% 24017 78481 38372 8%
c i 16.16 119 31397 10 36 1443 1794 152847 5027 1.6 4 3 1 3 63% 24018 78481 38371 8%
c i 16.16 119 31391 10 36 1443 1793 152849 5027 1.6 4 3 1 3 63% 24019 78481 38370 8%
c i 16.16 119 31386 10 36 1443 1793 152851 5027 1.6 4 3 1 3 63% 24020 78481 38369 8%
c i 16.16 119 31383 10 36 1443 1793 152852 5027 1.6 4 3 1 3 63% 24020 78481 38368 8%
c i 16.16 119 31377 10 36 1443 1793 152854 5027 1.6 4 3 1 3 63% 24021 78481 38367 8%
c i 16.16 119 31372 10 36 1443 1792 152856 5027 1.6 4 3 1 3 63% 24022 78481 38366 8%
c i 16.16 119 31366 10 36 1443 1792 152858 5027 1.6 4 3 1 3 63% 24023 78481 38365 8%
c i 16.16 119 31360 10 36 1443 1792 152860 5027 1.6 4 3 1 3 63% 24024 78481 38364 8%
c i 16.16 119 31355 10 36 1443 1792 152862 5027 1.6 4 3 1 3 63% 24025 78481 38363 8%
c i 16.16 119 31349 10 36 1443 1792 152864 5027 1.6 4 3 1 3 63% 24026 78481 38362 8%
c i 16.16 119 31344 10 36 1443 1791 152866 5027 1.6 4 3 1 3 63% 24027 78481 38361 8%
c i 16.16 119 31338 10 36 1443 1791 152868 5027 1.6 4 3 1 3 63% 24028 78481 38360 8%
c i 16.16 119 31324 10 36 1443 1790 152873 5027 1.6 4 3 1 3 63% 24031 78481 38359 8%
c i 16.16 119 31318 10 36 1443 1790 152875 5027 1.6 4 3 1 3 63% 24032 78481 38358 8%
c i 16.16 119 31313 10 36 1443 1790 152877 5027 1.6 4 3 1 3 63% 24033 78481 38357 8%
c i 16.16 119 31307 10 36 1443 1789 152879 5027 1.6 4 3 1 3 63% 24034 78481 38356 8%
c i 16.16 119 31304 10 36 1443 1789 152880 5027 1.6 4 3 1 3 63% 24034 78481 38355 8%
c
c  seconds       switched      rate          size/glue tier1   binary         remaining
c          MB      reductions     conflicts       size  tier2      irredundant
c             level     restarts        redundant   glue   trail          variables
c
c i 16.16 119 31298 10 36 1443 1789 152882 5027 1.6 4 3 1 3 63% 24035 78481 38354 8%
c i 16.16 119 31293 10 36 1443 1789 152884 5027 1.6 4 3 1 3 63% 24036 78481 38353 8%
c i 16.16 119 31287 10 36 1443 1788 152886 5027 1.6 4 3 1 3 63% 24037 78481 38352 8%
c i 16.16 119 31281 10 36 1443 1788 152888 5027 1.6 4 3 1 3 63% 24038 78481 38351 8%
c i 16.16 119 31276 10 36 1443 1788 152890 5027 1.6 4 3 1 3 63% 24039 78481 38350 8%
c i 16.16 119 31270 10 36 1443 1788 152892 5027 1.6 4 3 1 3 63% 24040 78481 38349 8%
c i 16.16 119 31265 10 36 1443 1787 152894 5027 1.6 4 3 1 3 63% 24041 78481 38348 8%
c i 16.16 119 31262 10 36 1443 1787 152896 5026 1.6 4 3 1 3 63% 24042 78481 38347 8%
c i 16.16 119 30969 10 36 1443 1770 153005 5088 1.6 4 3 1 3 62% 24044 78481 38346 8%
c i 16.16 119 30957 10 36 1445 1771 153017 5095 1.6 4 3 1 3 62% 24045 78481 38345 8%
c i 16.16 119 30914 10 36 1449 1769 153089 5101 1.6 5 3 1 3 62% 24048 78474 38342 8%
c i 16.16 119 30900 10 36 1450 1769 153095 5101 1.6 5 3 1 3 62% 24048 78474 38337 8%
c i 16.16 119 30892 10 36 1451 1768 153098 5102 1.6 5 3 1 3 62% 24049 78474 38336 8%
c i 16.16 119 30886 10 36 1452 1768 153100 5102 1.6 5 3 1 3 62% 24050 78474 38335 8%
c i 16.16 119 30880 10 36 1452 1768 153102 5102 1.6 5 3 1 3 62% 24051 78474 38334 8%
c i 16.16 119 30875 10 36 1453 1767 153104 5102 1.6 5 3 1 3 62% 24052 78474 38333 8%
c i 16.16 119 30872 10 36 1453 1767 153105 5102 1.6 5 3 1 3 62% 24052 78474 38332 8%
c i 16.16 119 30869 10 36 1454 1767 153107 5102 1.6 5 3 1 3 62% 24052 78474 38331 8%
c i 16.16 119 30866 10 36 1454 1767 153108 5102 1.6 5 3 1 3 62% 24052 78474 38330 8%
c i 16.16 119 30864 10 36 1455 1767 153109 5102 1.6 5 3 1 3 62% 24052 78474 38329 8%
c
c  seconds       switched      rate          size/glue tier1   binary         remaining
c          MB      reductions     conflicts       size  tier2      irredundant
c             level     restarts        redundant   glue   trail          variables
c
c i 16.16 119 30861 10 36 1455 1766 153110 5102 1.6 4 3 1 3 62% 24052 78474 38328 8%
c i 16.16 119 30858 10 36 1455 1766 153111 5102 1.6 4 3 1 3 62% 24052 78474 38327 8%
c i 16.16 119 30855 10 36 1456 1766 153112 5102 1.6 4 3 1 3 62% 24052 78474 38326 8%
c i 16.16 119 30830 10 36 1458 1765 153122 5105 1.6 5 3 1 3 62% 24056 78474 38325 8%
c i 16.16 119 30825 10 36 1459 1765 153125 5106 1.6 5 3 1 3 62% 24056 78473 38324 8%
c i 16.16 119 30819 10 36 1460 1764 153128 5106 1.6 5 3 1 3 62% 24058 78472 38323 8%
c i 16.16 119 30814 10 36 1461 1764 153130 5106 1.6 5 3 1 3 62% 24059 78472 38322 8%
c i 16.16 119 30811 10 36 1461 1764 153131 5106 1.6 5 3 1 3 62% 24059 78472 38321 8%
c i 16.16 119 30808 10 36 1462 1764 153137 5106 1.6 5 3 1 3 62% 24059 78471 38320 8%
c i 16.16 119 30806 10 36 1463 1764 153152 5105 1.6 5 3 1 3 62% 24060 78468 38319 8%
c i 16.16 119 30786 10 36 1465 1762 153160 5108 1.6 5 3 1 3 62% 24062 78468 38318 8%
c i 16.16 119 30778 10 36 1467 1762 153170 5108 1.6 5 3 1 3 62% 24063 78466 38317 8%
c i 16.16 119 30772 10 36 1468 1762 153175 5108 1.6 5 3 1 3 62% 24065 78463 38316 8%
c i 16.17 119 30750 10 36 1471 1760 153197 5111 1.6 5 3 1 3 62% 24069 78461 38315 8%
c i 16.17 119 30742 10 36 1473 1760 153201 5111 1.6 5 3 1 3 62% 24070 78461 38314 8%
c i 16.17 119 30723 10 36 1474 1759 153211 5111 1.6 4 3 1 3 62% 24072 78461 38313 8%
c i 16.17 119 30717 10 36 1474 1759 153213 5111 1.6 4 3 1 3 62% 24073 78461 38312 8%
c i 16.17 119 30712 10 36 1474 1758 153215 5111 1.6 4 3 1 3 62% 24074 78461 38311 8%
c i 16.17 119 30706 10 36 1474 1758 153217 5111 1.6 4 3 1 3 62% 24075 78461 38310 8%
c i 16.17 119 30690 10 36 1474 1757 153223 5112 1.6 4 3 1 3 62% 24079 78461 38309 8%
c
c  seconds       switched      rate          size/glue tier1   binary         remaining
c          MB      reductions     conflicts       size  tier2      irredundant
c             level     restarts        redundant   glue   trail          variables
c
c i 16.17 119 30684 10 36 1474 1757 153225 5112 1.6 4 3 1 3 62% 24080 78461 38308 8%
c i 16.17 119 30679 10 36 1474 1756 153227 5112 1.6 4 3 1 3 62% 24081 78461 38307 8%
c i 16.17 119 30668 10 36 1474 1756 153231 5112 1.6 4 3 1 3 61% 24084 78461 38306 8%
c i 16.17 119 30646 10 36 1474 1755 153239 5112 1.6 4 3 1 3 61% 24091 78461 38305 8%
c i 16.17 119 30640 10 36 1474 1754 153241 5113 1.6 4 3 1 3 61% 24091 78461 38304 8%
c i 16.17 119 30637 10 36 1474 1754 153242 5113 1.6 4 3 1 3 61% 24091 78461 38303 8%
c i 16.17 119 30632 10 36 1474 1754 153244 5113 1.6 4 3 1 3 61% 24092 78461 38302 8%
c i 16.17 119 30626 10 36 1474 1754 153247 5114 1.6 4 3 1 3 61% 24093 78460 38301 8%
c i 16.17 119 30624 10 36 1474 1753 153248 5114 1.6 4 3 1 3 61% 24093 78460 38300 8%
c i 16.17 119 30613 10 36 1474 1753 153253 5114 1.6 4 3 1 3 61% 24096 78460 38299 8%
c i 16.17 119 30577 10 36 1477 1751 153271 5120 1.6 5 3 1 3 61% 24097 78460 38298 8%
c i 16.17 119 30569 10 36 1479 1750 153278 5122 1.6 5 3 1 3 61% 24097 78460 38297 8%
c i 16.17 119 30545 10 36 1482 1749 153295 5122 1.6 5 3 1 3 61% 24101 78458 38296 8%
c i 16.17 119 30534 10 36 1483 1749 153301 5122 1.6 5 3 1 3 61% 24103 78456 38295 8%
c i 16.17 119 30526 10 36 1484 1748 153304 5123 1.6 5 3 1 3 61% 24104 78456 38294 8%
c i 16.17 119 30515 10 36 1486 1748 153309 5124 1.6 5 3 1 3 61% 24107 78455 38293 8%
c i 16.17 119 30512 10 36 1486 1747 153311 5124 1.6 5 3 1 3 61% 24108 78454 38292 8%
c i 16.17 119 30510 10 36 1487 1747 153313 5124 1.6 5 3 1 3 61% 24108 78454 38291 8%
c i 16.17 119 30494 10 36 1487 1746 153319 5126 1.6 5 3 1 3 61% 24110 78454 38289 8%
c i 16.17 119 30475 10 36 1490 1745 153329 5130 1.6 5 3 1 3 61% 24113 78452 38288 8%
c
c  seconds       switched      rate          size/glue tier1   binary         remaining
c          MB      reductions     conflicts       size  tier2      irredundant
c             level     restarts        redundant   glue   trail          variables
c
c i 16.17 119 30472 10 36 1491 1745 153331 5129 1.6 5 3 1 3 61% 24113 78452 38287 8%
c i 16.17 119 30459 10 36 1492 1744 153336 5130 1.6 5 3 1 3 61% 24115 78452 38286 8%
c i 16.17 119 30453 10 36 1493 1744 153340 5130 1.6 5 3 1 3 61% 24116 78451 38285 8%
c i 16.17 119 30435 10 36 1493 1743 153348 5130 1.6 5 3 1 3 61% 24118 78451 38284 8%
c i 16.17 119 30424 10 36 1494 1743 153352 5133 1.6 5 3 1 3 61% 24118 78451 38283 8%
c i 16.17 119 30419 10 36 1495 1742 153354 5133 1.6 5 3 1 3 61% 24119 78451 38282 8%
c i 16.17 119 30410 10 36 1496 1742 153357 5134 1.6 5 3 1 3 61% 24120 78451 38281 8%
c i 16.17 119 30405 10 36 1496 1742 153359 5134 1.6 5 3 1 3 61% 24121 78451 38280 8%
c i 16.17 119 30392 10 36 1497 1741 153368 5133 1.6 5 3 1 3 61% 24124 78450 38278 8%
c i 16.17 119 30379 10 36 1497 1740 153373 5133 1.6 5 3 1 3 61% 24126 78450 38277 8%
c i 16.17 119 30364 10 36 1497 1739 153381 5133 1.6 5 3 1 3 61% 24128 78449 38276 8%
c i 16.17 119 30348 10 36 1497 1739 153388 5133 1.6 5 3 1 3 61% 24130 78449 38275 8%
c i 16.17 119 30322 10 36 1497 1737 153402 5133 1.6 5 3 1 3 61% 24132 78449 38271 8%
c i 16.17 119 30301 10 36 1497 1736 153414 5134 1.6 4 3 1 3 61% 24135 78447 38267 8%
c i 16.17 119 30283 10 36 1497 1735 153422 5136 1.6 5 3 1 3 61% 24139 78446 38266 8%
c i 16.17 119 30278 10 36 1497 1734 153425 5136 1.6 5 3 1 3 61% 24140 78446 38265 8%
c i 16.17 119 30267 10 36 1497 1734 153430 5136 1.6 5 3 1 3 61% 24142 78446 38264 8%
c i 16.17 119 30239 10 36 1497 1732 153442 5136 1.6 4 3 1 3 61% 24146 78445 38260 8%
c i 16.17 119 30191 10 36 1499 1730 153463 5144 1.6 5 3 1 3 61% 24150 78445 38259 8%
c i 16.17 119 30181 10 36 1499 1729 153468 5145 1.6 5 3 1 3 61% 24151 78445 38258 8%
c
c  seconds       switched      rate          size/glue tier1   binary         remaining
c          MB      reductions     conflicts       size  tier2      irredundant
c             level     restarts        redundant   glue   trail          variables
c
c i 16.17 119 30178 10 36 1499 1729 153469 5145 1.6 5 3 1 3 61% 24151 78445 38257 8%
c i 16.17 119 30155 10 36 1499 1727 153483 5145 1.6 4 3 1 3 60% 24154 78443 38255 8%
c i 16.17 119 30147 10 36 1499 1727 153489 5145 1.6 4 3 1 3 60% 24156 78442 38253 8%
c i 16.17 119 30142 10 36 1499 1727 153491 5145 1.6 4 3 1 3 60% 24157 78442 38252 8%
c i 16.17 119 30134 10 36 1499 1726 153495 5145 1.6 4 3 1 3 60% 24158 78442 38251 8%
c i 16.17 119 30129 10 36 1499 1726 153497 5145 1.6 4 3 1 3 60% 24159 78442 38250 8%
c i 16.17 119 30124 10 36 1499 1726 153499 5145 1.6 4 3 1 3 60% 24160 78442 38249 8%
c i 16.17 119 30119 10 36 1499 1725 153501 5145 1.6 4 3 1 3 60% 24161 78442 38248 8%
c i 16.17 119 30114 10 36 1499 1725 153503 5145 1.6 4 3 1 3 60% 24162 78442 38247 8%
c i 16.17 119 30109 10 36 1499 1725 153507 5145 1.6 4 3 1 3 60% 24163 78442 38246 8%
c i 16.17 119 30068 10 36 1499 1722 153526 5149 1.6 4 3 1 3 60% 24165 78442 38244 8%
c i 16.17 119 30040 10 36 1499 1721 153540 5154 1.6 4 3 1 3 60% 24167 78442 38243 8%
c i 16.17 119 30012 10 36 1499 1719 153553 5158 1.6 4 3 1 3 60% 24170 78442 38241 8%
c i 16.17 119 30004 10 36 1500 1719 153556 5159 1.6 4 3 1 3 60% 24171 78442 38240 8%
c i 16.17 119 29983 10 36 1501 1717 153565 5162 1.6 4 3 1 3 60% 24173 78442 38239 8%
c i 16.17 119 29978 10 36 1502 1717 153568 5162 1.6 4 3 1 3 60% 24173 78442 38238 8%
c i 16.17 119 29962 10 36 1503 1716 153574 5164 1.6 4 3 1 3 60% 24175 78442 38237 8%
c i 16.17 119 29959 10 36 1503 1716 153575 5164 1.6 4 3 1 3 60% 24175 78442 38236 8%
c i 16.17 119 29936 10 36 1504 1715 153585 5169 1.6 4 3 1 3 60% 24177 78442 38235 8%
c i 16.17 119 29930 10 36 1504 1714 153587 5170 1.6 4 3 1 3 60% 24177 78442 38234 8%
c
c  seconds       switched      rate          size/glue tier1   binary         remaining
c          MB      reductions     conflicts       size  tier2      irredundant
c             level     restarts        redundant   glue   trail          variables
c
c i 16.17 119 29928 10 36 1504 1714 153588 5170 1.6 4 3 1 3 60% 24177 78442 38233 8%
c i 16.17 119 29909 10 36 1505 1713 153595 5174 1.6 4 3 1 3 60% 24179 78442 38232 8%
c i 16.17 119 29904 10 36 1505 1713 153597 5174 1.6 4 3 1 3 60% 24180 78442 38231 8%
c i 16.17 119 29867 10 36 1505 1715 153627 5184 1.6 4 3 1 3 60% 24186 78442 38230 8%
c i 16.17 119 29862 10 36 1505 1715 153629 5184 1.6 4 3 1 3 60% 24187 78442 38229 8%
c i 16.17 119 29854 10 36 1505 1714 153634 5184 1.6 4 3 1 3 60% 24189 78440 38227 8%
c i 16.17 119 29849 10 36 1505 1714 153637 5184 1.6 4 3 1 3 60% 24190 78440 38226 8%
c i 16.17 119 29844 10 36 1505 1714 153639 5184 1.6 4 3 1 3 60% 24191 78440 38225 8%
c i 16.17 119 29839 10 36 1505 1714 153648 5184 1.6 4 3 1 3 60% 24192 78439 38224 8%
c i 16.17 119 29834 10 36 1505 1713 153650 5184 1.6 4 3 1 3 60% 24193 78439 38223 8%
c i 16.17 119 29827 10 36 1505 1713 153654 5184 1.6 4 3 1 3 60% 24194 78439 38222 8%
c i 16.17 119 29822 10 36 1505 1713 153656 5184 1.6 4 3 1 3 60% 24195 78439 38221 8%
c i 16.17 119 29817 10 36 1505 1712 153662 5184 1.6 4 3 1 3 60% 24197 78435 38220 8%
c i 16.18 119 29815 10 36 1505 1714 153689 5184 1.6 4 3 1 3 60% 24198 78432 38219 8%
c i 16.18 119 29810 10 36 1505 1713 153691 5184 1.6 4 3 1 3 60% 24199 78432 38218 8%
c i 16.18 119 29803 10 36 1505 1713 153695 5184 1.6 4 3 1 3 60% 24201 78431 38216 8%
c i 16.18 119 29795 10 36 1505 1712 153699 5184 1.6 4 3 1 3 60% 24203 78430 38214 8%
c i 16.18 119 29788 10 36 1505 1712 153703 5184 1.6 4 3 1 3 60% 24205 78429 38212 8%
c i 16.18 119 29780 10 36 1505 1711 153707 5184 1.6 4 3 1 3 60% 24207 78428 38210 8%
c i 16.18 119 29773 10 36 1505 1711 153711 5184 1.6 4 3 1 3 60% 24209 78427 38208 8%
c
c  seconds       switched      rate          size/glue tier1   binary         remaining
c          MB      reductions     conflicts       size  tier2      irredundant
c             level     restarts        redundant   glue   trail          variables
c
c i 16.18 119 29765 10 36 1505 1711 153714 5184 1.6 4 3 1 3 60% 24210 78427 38206 8%
c i 16.18 119 29758 10 36 1505 1710 153717 5184 1.6 4 3 1 3 60% 24211 78427 38204 8%
c i 16.18 119 29753 10 36 1505 1710 153723 5184 1.6 4 3 1 3 60% 24212 78427 38203 8%
c i 16.19 119 29705 10 36 1514 1716 153777 5210 1.6 5 3 1 3 60% 24219 78427 38202 8%
c i 16.19 119 29700 10 36 1515 1716 153784 5210 1.6 5 3 1 3 60% 24220 78426 38201 8%
c i 16.19 119 29695 10 36 1516 1716 153786 5210 1.6 5 3 1 3 60% 24221 78426 38200 8%
c i 16.19 119 29692 10 36 1516 1716 153787 5210 1.6 5 3 1 3 60% 24221 78426 38199 8%
c i 16.19 119 29687 10 36 1517 1715 153789 5211 1.6 5 3 1 3 60% 24221 78426 38198 8%
c i 16.19 119 29684 10 36 1517 1715 153791 5211 1.6 5 3 1 3 60% 24221 78426 38197 8%
c i 16.19 119 29656 10 36 1521 1714 153807 5218 1.6 5 3 1 3 60% 24223 78425 38196 8%
c i 16.19 119 29654 10 36 1521 1713 153808 5218 1.6 5 3 1 3 60% 24223 78425 38195 8%
c i 16.19 119 29651 10 36 1522 1713 153809 5218 1.6 5 3 1 3 60% 24223 78425 38194 8%
c i 16.19 119 29648 10 36 1522 1713 153810 5218 1.6 5 3 1 3 60% 24223 78425 38193 8%
c i 16.19 119 29643 10 36 1522 1713 153812 5218 1.6 5 3 1 3 60% 24224 78425 38192 8%
c i 16.19 119 29641 10 36 1523 1713 153813 5218 1.6 5 3 1 3 60% 24224 78425 38191 8%
c i 16.19 119 29638 10 36 1523 1713 153814 5218 1.6 5 3 1 3 60% 24224 78425 38190 8%
c i 16.19 119 29633 10 36 1523 1712 153818 5218 1.6 5 3 1 3 60% 24225 78423 38189 8%
c i 16.19 119 29628 10 36 1524 1712 153825 5218 1.6 5 3 1 3 60% 24226 78419 38188 8%
c i 16.19 119 29605 10 36 1527 1711 153842 5222 1.6 5 3 1 3 60% 24228 78417 38187 8%
c i 16.19 119 29602 10 36 1527 1710 153845 5222 1.6 5 3 1 3 60% 24228 78416 38186 8%
c
c  seconds       switched      rate          size/glue tier1   binary         remaining
c          MB      reductions     conflicts       size  tier2      irredundant
c             level     restarts        redundant   glue   trail          variables
c
c i 16.19 119 29597 10 36 1528 1710 153850 5222 1.6 5 3 1 3 60% 24229 78414 38185 8%
c i 16.19 119 29594 10 36 1529 1710 153851 5222 1.6 5 3 1 3 60% 24229 78414 38184 8%
c i 16.19 119 29589 10 36 1529 1710 153857 5222 1.6 5 3 1 3 60% 24230 78414 38183 8%
c i 16.20 119 29555 10 36 1534 1712 153912 5229 1.6 5 3 1 3 60% 24236 78413 38178 8%
c i 16.20 119 29538 10 36 1536 1711 153919 5234 1.6 5 3 1 3 59% 24237 78413 38177 8%
c i 16.20 119 29525 10 36 1537 1710 153924 5235 1.6 5 3 1 3 59% 24238 78413 38176 8%
c i 16.20 119 29505 10 36 1539 1709 153933 5237 1.6 5 3 1 3 59% 24242 78413 38175 8%
c i 16.20 119 29495 10 36 1540 1709 153937 5238 1.6 5 3 1 3 59% 24244 78413 38174 8%
c i 16.20 119 29480 10 36 1542 1708 153943 5240 1.6 5 3 1 3 59% 24247 78413 38173 8%
c i 16.20 119 29468 10 36 1543 1708 153948 5241 1.6 5 3 1 3 59% 24248 78413 38172 8%
c i 16.20 119 29463 10 36 1545 1707 153960 5241 1.6 5 3 1 3 59% 24248 78412 38171 8%
c i 16.20 119 29448 10 36 1547 1707 153968 5243 1.6 5 3 1 3 59% 24250 78412 38170 8%
c i 16.20 119 29432 10 36 1549 1706 153977 5245 1.6 5 3 1 3 59% 24252 78412 38169 8%
c i 16.20 119 29414 10 36 1552 1705 153987 5248 1.6 5 3 1 3 59% 24254 78412 38168 8%
c i 16.20 119 29409 10 36 1553 1705 153991 5248 1.6 5 3 1 3 59% 24255 78412 38167 8%
c i 16.20 119 29406 10 36 1554 1705 153992 5248 1.6 5 3 1 3 59% 24255 78412 38166 8%
c i 16.20 119 29370 10 36 1554 1703 154013 5248 1.6 5 3 1 3 59% 24262 78406 38152 8%
c i 16.20 119 29365 10 36 1554 1702 154015 5249 1.6 5 3 1 3 59% 24262 78406 38151 8%
c i 16.20 119 29360 10 36 1554 1702 154020 5249 1.6 5 3 1 3 59% 24262 78405 38150 8%
c i 16.20 119 29352 10 36 1554 1702 154023 5249 1.6 5 3 1 3 59% 24263 78405 38148 8%
c
c  seconds       switched      rate          size/glue tier1   binary         remaining
c          MB      reductions     conflicts       size  tier2      irredundant
c             level     restarts        redundant   glue   trail          variables
c
c i 16.20 119 29345 10 36 1554 1701 154026 5249 1.6 5 3 1 3 59% 24264 78405 38146 8%
c i 16.20 119 29338 10 36 1554 1701 154029 5249 1.6 5 3 1 3 59% 24265 78405 38144 8%
c i 16.20 119 29321 10 36 1554 1700 154036 5249 1.6 5 3 1 3 59% 24266 78405 38138 8%
c i 16.20 119 29311 10 36 1554 1699 154041 5249 1.6 5 3 1 3 59% 24267 78405 38135 8%
c i 16.20 119 29306 10 36 1554 1699 154043 5249 1.6 5 3 1 3 59% 24268 78405 38134 8%
c i 16.20 119 29302 10 36 1554 1699 154045 5249 1.6 5 3 1 3 59% 24269 78405 38133 8%
c i 16.20 119 29297 10 36 1554 1698 154047 5249 1.6 5 3 1 3 59% 24270 78405 38132 8%
c i 16.20 119 29292 10 36 1554 1698 154049 5249 1.6 5 3 1 3 59% 24271 78405 38131 8%
c i 16.20 119 29287 10 36 1554 1698 154051 5249 1.6 5 3 1 3 59% 24272 78405 38130 8%
c i 16.20 119 29282 10 36 1554 1697 154053 5249 1.6 5 3 1 3 59% 24273 78405 38129 8%
c i 16.20 119 29278 10 36 1554 1697 154055 5249 1.6 5 3 1 3 59% 24274 78405 38128 8%
c i 16.20 119 29270 10 36 1554 1697 154060 5249 1.6 5 3 1 3 59% 24276 78403 38126 8%
c i 16.20 119 29263 10 36 1554 1696 154063 5249 1.6 5 3 1 3 59% 24277 78403 38124 8%
c i 16.20 119 29256 10 36 1554 1696 154066 5249 1.6 5 3 1 3 59% 24278 78403 38122 8%
c i 16.20 119 29249 10 36 1554 1695 154069 5249 1.6 5 3 1 3 59% 24279 78403 38120 8%
c i 16.20 119 29241 10 36 1554 1695 154072 5249 1.6 5 3 1 3 59% 24280 78403 38118 8%
c i 16.20 119 29234 10 36 1554 1694 154075 5249 1.6 5 3 1 3 59% 24281 78403 38116 8%
c i 16.20 119 29227 10 36 1554 1694 154078 5249 1.6 5 3 1 3 59% 24282 78403 38114 8%
c i 16.20 119 29220 10 36 1554 1694 154081 5249 1.6 5 3 1 3 59% 24283 78403 38112 8%
c i 16.20 119 29212 10 36 1554 1693 154084 5249 1.6 5 3 1 3 59% 24284 78403 38110 8%
c
c  seconds       switched      rate          size/glue tier1   binary         remaining
c          MB      reductions     conflicts       size  tier2      irredundant
c             level     restarts        redundant   glue   trail          variables
c
c i 16.20 119 29203 10 36 1554 1693 154089 5249 1.6 5 3 1 3 59% 24285 78403 38107 8%
c i 16.20 119 29198 10 36 1554 1692 154091 5249 1.6 5 3 1 3 59% 24286 78403 38106 8%
c i 16.20 119 29193 10 36 1554 1692 154093 5249 1.6 5 3 1 3 59% 24287 78403 38105 8%
c i 16.20 119 29186 10 36 1554 1692 154096 5249 1.6 5 3 1 3 59% 24288 78403 38103 8%
c i 16.20 119 29179 10 36 1554 1691 154099 5249 1.6 5 3 1 3 59% 24289 78403 38101 8%
c i 16.20 119 29172 10 36 1554 1691 154102 5249 1.6 5 3 1 3 59% 24290 78403 38099 8%
c i 16.20 119 29162 10 36 1554 1690 154107 5249 1.6 5 3 1 3 59% 24291 78403 38096 8%
c i 16.20 119 29157 10 36 1554 1690 154109 5249 1.6 5 3 1 3 59% 24292 78403 38095 8%
c i 16.20 119 29153 10 36 1554 1690 154111 5249 1.6 5 3 1 3 59% 24293 78403 38094 8%
c i 16.20 119 29148 10 36 1554 1689 154113 5249 1.6 5 3 1 3 59% 24294 78403 38093 8%
c i 16.20 119 29141 10 36 1554 1689 154116 5249 1.6 5 3 1 3 59% 24295 78403 38091 8%
c i 16.20 119 29131 10 36 1554 1688 154121 5249 1.6 5 3 1 3 59% 24296 78403 38088 8%
c i 16.20 119 29126 10 36 1554 1688 154123 5249 1.6 5 3 1 3 59% 24297 78403 38087 8%
c i 16.20 119 29121 10 36 1554 1688 154125 5249 1.6 5 3 1 3 59% 24298 78403 38086 8%
c i 16.20 119 29117 10 36 1554 1687 154127 5249 1.6 5 3 1 3 59% 24299 78403 38085 8%
c i 16.20 119 29112 10 36 1554 1687 154129 5249 1.6 5 3 1 3 59% 24300 78403 38084 8%
c i 16.20 119 29107 10 36 1554 1687 154131 5249 1.6 5 3 1 3 59% 24301 78403 38083 8%
c i 16.20 119 29102 10 36 1554 1687 154133 5249 1.6 5 3 1 3 59% 24302 78403 38082 8%
c i 16.20 119 29098 10 36 1554 1686 154135 5249 1.6 5 3 1 3 59% 24303 78403 38081 8%
c i 16.20 119 29090 10 36 1554 1686 154138 5249 1.6 5 3 1 3 59% 24304 78403 38079 8%
c
c  seconds       switched      rate          size/glue tier1   binary         remaining
c          MB      reductions     conflicts       size  tier2      irredundant
c             level     restarts        redundant   glue   trail          variables
c
c i 16.20 119 29083 10 36 1554 1685 154141 5249 1.6 5 3 1 3 59% 24305 78403 38077 8%
c i 16.20 119 29076 10 36 1554 1685 154144 5249 1.6 5 3 1 3 59% 24306 78403 38075 8%
c i 16.20 119 29069 10 36 1554 1685 154147 5249 1.6 5 3 1 3 59% 24307 78403 38073 8%
c i 16.20 119 29062 10 36 1554 1684 154150 5249 1.6 5 3 1 3 59% 24308 78403 38071 8%
c i 16.20 119 29057 10 36 1554 1684 154152 5249 1.6 5 3 1 3 59% 24309 78403 38070 8%
c i 16.20 119 29053 10 36 1554 1684 154154 5249 1.6 5 3 1 3 59% 24310 78403 38069 8%
c i 16.20 119 29048 10 36 1554 1683 154156 5249 1.6 5 3 1 3 59% 24311 78403 38068 8%
c i 16.20 119 29043 10 36 1554 1683 154158 5249 1.6 5 3 1 3 59% 24312 78403 38067 8%
c i 16.20 119 29036 10 36 1554 1683 154161 5249 1.6 5 3 1 3 59% 24313 78403 38065 8%
c i 16.20 119 29029 10 36 1554 1682 154164 5249 1.6 5 3 1 3 59% 24314 78403 38063 8%
c i 16.20 119 29022 10 36 1554 1682 154167 5249 1.6 5 3 1 3 58% 24315 78403 38061 8%
c i 16.20 119 29015 10 36 1554 1681 154170 5249 1.6 5 3 1 3 58% 24316 78403 38059 8%
c i 16.20 119 28968 10 36 1554 1679 154190 5262 1.6 5 3 1 3 58% 24319 78403 38057 8%
c i 16.20 119 28942 10 36 1555 1677 154220 5267 1.6 5 3 1 3 58% 24322 78400 38056 8%
c i 16.20 119 28935 10 36 1556 1677 154223 5269 1.6 5 3 1 3 58% 24322 78400 38055 8%
c i 16.20 119 28928 10 36 1557 1676 154226 5269 1.6 5 3 1 3 58% 24323 78400 38053 8%
c i 16.20 119 28923 10 36 1557 1676 154228 5269 1.6 5 3 1 3 58% 24324 78400 38052 8%
c i 16.20 119 28916 10 36 1557 1676 154231 5269 1.6 5 3 1 3 58% 24325 78400 38050 8%
c i 16.20 119 28909 10 36 1557 1675 154236 5269 1.6 5 3 1 3 58% 24327 78398 38048 8%
c i 16.20 119 28904 10 36 1557 1675 154238 5269 1.6 5 3 1 3 58% 24328 78398 38047 8%
c
c  seconds       switched      rate          size/glue tier1   binary         remaining
c          MB      reductions     conflicts       size  tier2      irredundant
c             level     restarts        redundant   glue   trail          variables
c
c i 16.20 119 28897 10 36 1557 1675 154243 5269 1.6 5 3 1 3 58% 24330 78396 38045 8%
c i 16.20 119 28893 10 36 1557 1674 154245 5269 1.6 5 3 1 3 58% 24331 78396 38044 8%
c i 16.20 119 28886 10 36 1557 1674 154250 5269 1.6 5 3 1 3 58% 24333 78394 38042 8%
c i 16.20 119 28881 10 36 1557 1674 154252 5269 1.6 5 3 1 3 58% 24334 78394 38041 8%
c i 16.20 119 28872 10 36 1557 1673 154257 5269 1.6 5 3 1 3 58% 24335 78394 38038 8%
c i 16.20 119 28867 10 36 1557 1673 154259 5269 1.6 5 3 1 3 58% 24336 78394 38037 8%
c i 16.20 119 28863 10 36 1557 1673 154261 5269 1.6 5 3 1 3 58% 24337 78394 38036 8%
c i 16.20 119 28858 10 36 1557 1672 154263 5269 1.6 5 3 1 3 58% 24338 78394 38035 8%
c i 16.20 119 28851 10 36 1557 1672 154266 5269 1.6 5 3 1 3 58% 24339 78394 38033 8%
c i 16.20 119 28842 10 36 1557 1671 154271 5269 1.6 5 3 1 3 58% 24340 78394 38030 8%
c i 16.20 119 28837 10 36 1557 1671 154273 5269 1.6 5 3 1 3 58% 24341 78394 38029 8%
c i 16.20 119 28833 10 36 1557 1671 154275 5269 1.6 5 3 1 3 58% 24342 78394 38028 8%
c i 16.20 119 28828 10 36 1557 1671 154277 5269 1.6 5 3 1 3 58% 24343 78394 38027 8%
c i 16.20 119 28823 10 36 1557 1670 154279 5269 1.6 5 3 1 3 58% 24344 78394 38026 8%
c i 16.20 119 28819 10 36 1557 1670 154281 5269 1.6 5 3 1 3 58% 24345 78394 38025 8%
c i 16.20 119 28814 10 36 1557 1670 154283 5269 1.6 5 3 1 3 58% 24346 78394 38024 8%
c i 16.20 119 28807 10 36 1557 1669 154286 5269 1.6 5 3 1 3 58% 24347 78394 38023 8%
c i 16.20 119 28800 10 36 1557 1669 154291 5269 1.6 5 3 1 3 58% 24349 78392 38021 8%
c i 16.20 119 28796 10 36 1557 1669 154293 5269 1.6 5 3 1 3 58% 24350 78392 38020 8%
c i 16.20 119 28791 10 36 1557 1668 154295 5269 1.6 5 3 1 3 58% 24351 78392 38019 8%
c
c  seconds       switched      rate          size/glue tier1   binary         remaining
c          MB      reductions     conflicts       size  tier2      irredundant
c             level     restarts        redundant   glue   trail          variables
c
c i 16.20 119 28787 10 36 1557 1668 154297 5269 1.6 5 3 1 3 58% 24352 78392 38018 8%
c i 16.20 119 28782 10 36 1557 1668 154299 5269 1.6 5 3 1 3 58% 24353 78392 38017 8%
c i 16.20 119 28759 10 36 1557 1667 154312 5271 1.6 5 3 1 3 58% 24356 78390 38012 8%
c i 16.20 119 28750 10 36 1557 1666 154316 5271 1.6 5 3 1 3 58% 24358 78390 38010 8%
c i 16.20 119 28743 10 36 1557 1666 154319 5271 1.6 5 3 1 3 58% 24359 78390 38008 8%
c i 16.20 119 28736 10 36 1557 1665 154324 5271 1.6 5 3 1 3 58% 24361 78388 38006 8%
c i 16.20 119 28732 10 36 1557 1665 154326 5271 1.6 5 3 1 3 58% 24362 78388 38005 8%
c i 16.20 119 28727 10 36 1557 1665 154328 5271 1.6 5 3 1 3 58% 24363 78388 38004 8%
c i 16.20 119 28722 10 36 1557 1664 154330 5271 1.6 5 3 1 3 58% 24364 78388 38003 8%
c i 16.20 119 28718 10 36 1557 1664 154332 5271 1.6 5 3 1 3 58% 24365 78388 38002 8%
c i 16.20 119 28704 10 36 1557 1663 154342 5272 1.6 5 3 1 3 58% 24368 78384 37998 8%
c i 16.20 119 28697 10 36 1557 1663 154346 5271 1.6 5 3 1 3 58% 24369 78384 37997 8%
c i 16.20 119 28693 10 36 1557 1662 154348 5271 1.6 5 3 1 3 58% 24370 78384 37996 8%
c i 16.20 119 28688 10 36 1557 1662 154350 5271 1.6 5 3 1 3 58% 24371 78384 37995 8%
c i 16.20 119 28684 10 36 1557 1662 154352 5271 1.6 5 3 1 3 58% 24372 78384 37994 8%
c i 16.20 119 28679 10 36 1557 1662 154354 5271 1.6 5 3 1 3 58% 24373 78384 37993 8%
c i 16.20 119 28672 10 36 1557 1661 154357 5271 1.6 5 3 1 3 58% 24375 78384 37992 8%
c i 16.20 119 28665 10 36 1557 1661 154360 5271 1.6 5 3 1 3 58% 24376 78384 37990 8%
c i 16.20 119 28661 10 36 1557 1661 154362 5271 1.6 5 3 1 3 58% 24377 78384 37989 8%
c i 16.20 119 28654 10 36 1557 1660 154365 5271 1.6 5 3 1 3 58% 24378 78384 37987 8%
c
c  seconds       switched      rate          size/glue tier1   binary         remaining
c          MB      reductions     conflicts       size  tier2      irredundant
c             level     restarts        redundant   glue   trail          variables
c
c i 16.21 119 28647 10 36 1557 1660 154368 5271 1.6 5 3 1 3 58% 24379 78384 37985 8%
c i 16.21 119 28638 10 36 1557 1659 154373 5271 1.6 5 3 1 3 58% 24380 78384 37982 8%
c i 16.21 119 28634 10 36 1557 1659 154375 5271 1.6 5 3 1 3 58% 24381 78384 37981 8%
c i 16.21 119 28629 10 36 1557 1659 154377 5271 1.6 5 3 1 3 58% 24382 78384 37980 8%
c i 16.21 119 28622 10 36 1557 1658 154380 5271 1.6 5 3 1 3 58% 24383 78384 37978 8%
c i 16.21 119 28618 10 36 1557 1658 154382 5271 1.6 5 3 1 3 58% 24384 78384 37977 8%
c i 16.21 119 28611 10 36 1557 1657 154388 5271 1.6 5 3 1 3 58% 24385 78383 37976 8%
c i 16.21 119 28602 10 36 1557 1657 154392 5271 1.6 5 3 1 3 58% 24386 78383 37973 8%
c i 16.21 119 28577 10 36 1557 1655 154407 5271 1.6 5 3 1 3 58% 24388 78380 37963 8%
c i 16.21 119 28540 10 36 1557 1656 154433 5278 1.6 5 3 1 3 58% 24391 78374 37962 8%
c i 16.21 119 28539 10 36 1557 1657 154437 5278 1.6 5 3 1 3 58% 24393 78370 37961 8%
c i 16.21 119 28538 10 36 1557 1658 154441 5278 1.6 5 3 1 3 58% 24395 78366 37960 8%
c i 16.21 119 28531 10 36 1557 1659 154470 5278 1.6 5 3 1 3 58% 24396 78362 37959 8%
c i 16.21 119 28523 10 36 1557 1659 154478 5278 1.6 5 3 1 3 58% 24399 78359 37958 8%
c i 16.21 119 28516 10 36 1557 1658 154481 5278 1.6 5 3 1 3 58% 24400 78359 37956 8%
c i 16.21 119 28509 10 36 1557 1658 154484 5278 1.6 5 3 1 3 58% 24401 78359 37954 8%
c i 16.21 119 28505 10 36 1557 1658 154486 5278 1.6 5 3 1 3 58% 24402 78359 37953 8%
c i 16.21 119 28501 10 36 1557 1657 154488 5278 1.6 4 3 1 3 58% 24403 78359 37952 8%
c i 16.21 119 28496 10 36 1557 1657 154490 5278 1.6 4 3 1 3 58% 24404 78359 37951 8%
c i 16.21 119 28490 10 36 1557 1657 154495 5278 1.6 4 3 1 3 58% 24406 78357 37950 8%
c
c  seconds       switched      rate          size/glue tier1   binary         remaining
c          MB      reductions     conflicts       size  tier2      irredundant
c             level     restarts        redundant   glue   trail          variables
c
c i 16.21 119 28485 10 36 1557 1656 154497 5278 1.6 4 3 1 3 58% 24407 78357 37949 8%
c i 16.21 119 28479 10 36 1557 1656 154503 5278 1.6 4 3 1 3 58% 24409 78355 37948 8%
c i 16.21 119 28474 10 36 1557 1656 154505 5278 1.6 4 3 1 3 58% 24410 78355 37947 8%
c i 16.21 119 28468 10 36 1557 1655 154510 5278 1.6 4 3 1 3 57% 24412 78353 37946 8%
c i 16.21 119 28464 10 36 1557 1655 154512 5278 1.6 4 3 1 3 57% 24413 78353 37945 8%
c i 16.21 119 28457 10 36 1557 1655 154518 5278 1.6 4 3 1 3 57% 24415 78351 37944 8%
c i 16.21 119 28453 10 36 1557 1654 154520 5278 1.6 4 3 1 3 57% 24416 78351 37943 8%
c i 16.22 119 28451 10 36 1557 1655 154535 5278 1.6 4 3 1 3 57% 24418 78347 37942 8%
c i 16.22 119 28444 10 36 1557 1655 154538 5278 1.6 4 3 1 3 57% 24419 78347 37940 8%
c i 16.22 119 28438 10 36 1557 1655 154541 5278 1.6 4 3 1 3 57% 24420 78347 37938 8%
c i 16.22 119 28431 10 36 1557 1654 154544 5278 1.6 4 3 1 3 57% 24421 78347 37936 8%
c i 16.22 119 28427 10 36 1557 1654 154546 5278 1.6 4 3 1 3 57% 24422 78347 37935 8%
c i 16.22 119 28420 10 36 1557 1653 154569 5278 1.6 4 3 1 3 57% 24423 78347 37934 8%
c i 16.22 119 28414 10 36 1557 1653 154574 5278 1.6 4 3 1 3 57% 24425 78345 37933 8%
c i 16.22 119 28409 10 36 1557 1653 154576 5278 1.6 4 3 1 3 57% 24426 78345 37932 8%
c i 16.22 119 28403 10 36 1557 1652 154582 5278 1.6 4 3 1 3 57% 24428 78343 37931 8%
c i 16.22 119 28398 10 36 1557 1652 154584 5278 1.6 4 3 1 3 57% 24429 78343 37930 8%
c i 16.22 119 28392 10 36 1557 1652 154589 5278 1.6 4 3 1 3 57% 24431 78341 37929 8%
c i 16.22 119 28388 10 36 1557 1651 154591 5278 1.6 4 3 1 3 57% 24432 78341 37928 8%
c i 16.22 119 28381 10 36 1557 1651 154597 5278 1.6 4 3 1 3 57% 24434 78339 37927 8%
c
c  seconds       switched      rate          size/glue tier1   binary         remaining
c          MB      reductions     conflicts       size  tier2      irredundant
c             level     restarts        redundant   glue   trail          variables
c
c i 16.22 119 28377 10 36 1557 1651 154599 5278 1.6 4 3 1 3 57% 24435 78339 37926 8%
c i 16.22 119 28370 10 36 1557 1650 154604 5278 1.6 4 3 1 3 57% 24437 78337 37925 8%
c i 16.22 119 28366 10 36 1557 1650 154606 5278 1.6 4 3 1 3 57% 24438 78337 37924 8%
c i 16.22 119 28359 10 36 1557 1650 154612 5278 1.6 4 3 1 3 57% 24440 78335 37923 8%
c i 16.22 119 28355 10 36 1557 1649 154614 5278 1.6 4 3 1 3 57% 24441 78335 37922 8%
c i 16.22 119 28348 10 36 1557 1649 154619 5278 1.6 4 3 1 3 57% 24443 78333 37921 8%
c i 16.22 119 28344 10 36 1557 1649 154621 5278 1.6 4 3 1 3 57% 24444 78333 37920 8%
c i 16.22 119 28338 10 36 1557 1648 154627 5278 1.6 4 3 1 3 57% 24446 78331 37919 8%
c i 16.22 119 28333 10 36 1557 1648 154629 5278 1.6 4 3 1 3 57% 24447 78331 37918 8%
c i 16.22 119 28327 10 36 1557 1648 154634 5278 1.6 4 3 1 3 57% 24449 78329 37917 8%
c i 16.22 119 28322 10 36 1557 1647 154636 5278 1.6 4 3 1 3 57% 24450 78329 37916 7%
c i 16.22 119 28318 10 36 1557 1647 154638 5278 1.6 4 3 1 3 57% 24451 78329 37915 7%
c i 16.22 119 28312 10 36 1557 1647 154644 5278 1.6 4 3 1 3 57% 24453 78327 37914 7%
c i 16.22 119 28307 10 36 1557 1646 154646 5278 1.6 4 3 1 3 57% 24454 78327 37913 7%
c i 16.22 119 28294 10 36 1557 1645 154661 5280 1.6 4 3 1 3 57% 24457 78325 37912 7%
c i 16.22 119 28290 10 36 1557 1645 154663 5280 1.6 4 3 1 3 57% 24458 78325 37911 7%
c i 16.22 119 28284 10 36 1557 1645 154669 5280 1.6 4 3 1 3 57% 24460 78323 37910 7%
c i 16.22 119 28279 10 36 1557 1644 154671 5280 1.6 4 3 1 3 57% 24461 78323 37909 7%
c i 16.22 119 28273 10 36 1557 1644 154676 5280 1.6 4 3 1 3 57% 24463 78321 37908 7%
c i 16.22 119 28269 10 36 1557 1644 154678 5280 1.6 4 3 1 3 57% 24464 78321 37907 7%
c
c  seconds       switched      rate          size/glue tier1   binary         remaining
c          MB      reductions     conflicts       size  tier2      irredundant
c             level     restarts        redundant   glue   trail          variables
c
c i 16.22 119 28264 10 36 1557 1644 154680 5280 1.6 4 3 1 3 57% 24465 78321 37906 7%
c i 16.22 119 28258 10 36 1557 1643 154688 5280 1.6 4 3 1 3 57% 24466 78321 37905 7%
c i 16.22 119 28254 10 36 1557 1643 154695 5280 1.6 4 3 1 3 57% 24467 78321 37904 7%
c i 16.22 119 28247 10 36 1557 1642 154701 5280 1.6 4 3 1 3 57% 24469 78319 37903 7%
c i 16.22 119 28243 10 36 1557 1642 154703 5280 1.6 4 3 1 3 57% 24470 78319 37902 7%
c i 16.22 119 28238 10 36 1557 1642 154707 5280 1.6 4 3 1 3 57% 24472 78317 37901 7%
c i 16.22 119 28234 10 36 1557 1642 154717 5280 1.6 4 3 1 3 57% 24473 78317 37900 7%
c i 16.22 119 28228 10 36 1557 1641 154722 5280 1.6 4 3 1 3 57% 24475 78315 37899 7%
c i 16.22 119 28223 10 36 1557 1641 154724 5280 1.6 4 3 1 3 57% 24476 78315 37898 7%
c i 16.22 119 28217 10 36 1557 1641 154727 5280 1.6 4 3 1 3 57% 24477 78315 37896 7%
c i 16.22 119 28213 10 36 1557 1640 154729 5280 1.6 4 3 1 3 57% 24478 78315 37895 7%
c i 16.22 119 28208 10 36 1557 1640 154740 5280 1.6 4 3 1 3 57% 24479 78315 37894 7%
c i 16.22 119 28202 10 36 1557 1640 154745 5280 1.6 4 3 1 3 57% 24481 78313 37893 7%
c i 16.22 119 28198 10 36 1557 1639 154747 5280 1.6 4 3 1 3 57% 24482 78313 37892 7%
c i 16.22 119 28191 10 36 1557 1639 154753 5280 1.6 4 3 1 3 57% 24484 78311 37891 7%
c i 16.22 119 28187 10 36 1557 1639 154755 5280 1.6 4 3 1 3 57% 24485 78311 37890 7%
c i 16.22 119 28181 10 36 1557 1638 154761 5280 1.6 4 3 1 3 57% 24487 78309 37889 7%
c i 16.22 119 28176 10 36 1557 1638 154763 5280 1.6 4 3 1 3 57% 24488 78309 37888 7%
c i 16.22 119 28172 10 36 1557 1638 154765 5280 1.6 4 3 1 3 57% 24489 78309 37887 7%
c i 16.22 119 28171 10 36 1557 1639 154777 5280 1.6 4 3 1 3 57% 24490 78309 37886 7%
c
c  seconds       switched      rate          size/glue tier1   binary         remaining
c          MB      reductions     conflicts       size  tier2      irredundant
c             level     restarts        redundant   glue   trail          variables
c
c i 16.22 119 28164 10 36 1557 1639 154782 5280 1.6 4 3 1 3 57% 24492 78307 37885 7%
c i 16.22 119 28160 10 36 1557 1638 154784 5280 1.6 4 3 1 3 57% 24493 78307 37884 7%
c i 16.22 119 28154 10 36 1557 1638 154790 5280 1.6 4 3 1 3 57% 24495 78305 37883 7%
c i 16.22 119 28149 10 36 1557 1638 154792 5280 1.6 4 3 1 3 57% 24496 78305 37882 7%
c i 16.22 119 28143 10 36 1557 1637 154797 5280 1.6 4 3 1 3 57% 24498 78303 37881 7%
c i 16.22 119 28139 10 36 1557 1637 154799 5280 1.6 4 3 1 3 57% 24499 78303 37880 7%
c i 16.22 119 28132 10 36 1557 1636 154805 5280 1.6 4 3 1 3 57% 24501 78301 37879 7%
c i 16.22 119 28128 10 36 1557 1636 154807 5280 1.6 4 3 1 3 57% 24502 78301 37878 7%
c i 16.22 119 28124 10 36 1557 1636 154809 5280 1.6 4 3 1 3 57% 24503 78301 37877 7%
c i 16.22 119 28115 10 36 1557 1635 154814 5281 1.6 4 3 1 3 57% 24504 78301 37876 7%
c i 16.22 119 28043 10 36 1561 1633 154871 5311 1.6 4 3 1 3 57% 24510 78300 37875 7%
c i 16.22 119 28034 10 36 1562 1632 154878 5311 1.6 4 3 1 3 57% 24513 78298 37874 7%
c i 16.22 119 28023 10 36 1564 1632 154887 5313 1.6 4 3 1 3 57% 24514 78297 37873 7%
c i 16.22 119 28007 10 36 1567 1631 154911 5317 1.6 4 3 1 3 57% 24515 78295 37872 7%
c i 16.22 119 27998 10 36 1568 1630 154920 5318 1.6 4 3 1 3 57% 24516 78295 37871 7%
c i 16.22 119 27987 10 36 1570 1630 154926 5320 1.6 4 3 1 3 57% 24518 78295 37870 7%
c i 16.23 119 27973 10 36 1572 1629 154938 5322 1.6 5 3 1 3 57% 24519 78295 37867 7%
c i 16.23 119 27952 10 36 1575 1628 154950 5328 1.6 5 3 1 3 57% 24519 78295 37866 7%
c i 16.23 119 27947 10 36 1575 1628 154952 5328 1.6 5 3 1 3 57% 24520 78295 37865 7%
c i 16.23 119 27945 10 36 1576 1628 154953 5328 1.6 5 3 1 3 57% 24520 78295 37864 7%
c
c  seconds       switched      rate          size/glue tier1   binary         remaining
c          MB      reductions     conflicts       size  tier2      irredundant
c             level     restarts        redundant   glue   trail          variables
c
c i 16.23 119 27943 10 36 1576 1628 154954 5328 1.6 5 3 1 3 57% 24520 78295 37863 7%
c i 16.23 119 27925 10 36 1579 1627 154962 5331 1.6 5 3 1 3 57% 24523 78295 37862 7%
c i 16.23 119 27922 10 36 1579 1627 154963 5331 1.6 5 3 1 3 57% 24523 78295 37861 7%
c i 16.23 119 27911 10 36 1579 1626 154969 5331 1.6 5 3 1 3 57% 24524 78294 37860 7%
c i 16.23 119 27898 10 36 1580 1625 154975 5331 1.6 5 3 1 3 56% 24526 78294 37859 7%
c i 16.23 119 27886 10 36 1583 1625 154984 5332 1.6 5 3 1 3 56% 24528 78292 37858 7%
c i 16.23 119 27882 10 36 1583 1624 154986 5332 1.6 5 3 1 3 56% 24529 78292 37857 7%
c i 16.23 119 27877 10 36 1584 1624 154988 5332 1.6 5 3 1 3 56% 24530 78292 37856 7%
c i 16.23 119 27873 10 36 1584 1624 154990 5332 1.6 5 3 1 3 56% 24531 78292 37855 7%
c i 16.23 119 27868 10 36 1585 1624 154992 5332 1.6 5 3 1 3 56% 24532 78292 37854 7%
c i 16.23 119 27864 10 36 1585 1624 154994 5333 1.6 5 3 1 3 56% 24532 78292 37853 7%
c i 16.23 119 27852 10 36 1587 1623 154999 5333 1.6 5 3 1 3 56% 24536 78292 37852 7%
c i 16.23 119 27850 10 36 1587 1623 155000 5333 1.6 5 3 1 3 56% 24536 78292 37851 7%
c i 16.23 119 27848 10 36 1588 1623 155001 5333 1.6 5 3 1 3 56% 24536 78292 37850 7%
c i 16.23 119 27841 10 36 1588 1622 155004 5333 1.6 5 3 1 3 56% 24537 78292 37849 7%
c i 16.23 119 27834 10 36 1590 1622 155010 5332 1.6 5 3 1 3 56% 24539 78290 37848 7%
c i 16.23 119 27828 10 36 1590 1621 155013 5332 1.6 5 3 1 3 56% 24540 78290 37847 7%
c i 16.23 119 27814 10 36 1590 1621 155021 5333 1.6 5 3 1 3 56% 24542 78290 37846 7%
c i 16.23 119 27809 10 36 1590 1620 155024 5333 1.6 5 3 1 3 56% 24542 78290 37844 7%
c i 16.23 119 27789 10 36 1590 1619 155035 5336 1.6 5 3 1 3 56% 24543 78290 37843 7%
c
c  seconds       switched      rate          size/glue tier1   binary         remaining
c          MB      reductions     conflicts       size  tier2      irredundant
c             level     restarts        redundant   glue   trail          variables
c
c i 16.23 119 27780 10 36 1590 1619 155042 5336 1.6 5 3 1 3 56% 24544 78289 37841 7%
c i 16.23 119 27771 10 36 1590 1618 155048 5336 1.6 5 3 1 3 56% 24546 78287 37839 7%
c i 16.23 119 27750 10 36 1590 1617 155061 5336 1.6 5 3 1 3 56% 24549 78285 37832 7%
c i 16.23 119 27741 10 36 1590 1617 155066 5336 1.6 5 3 1 3 56% 24550 78285 37830 7%
c i 16.23 119 27704 10 36 1590 1614 155090 5337 1.6 5 3 1 3 56% 24556 78279 37816 7%
c i 16.23 119 27695 10 36 1590 1614 155095 5337 1.6 4 3 1 3 56% 24558 78278 37813 7%
c i 16.23 119 27691 10 36 1590 1614 155098 5337 1.6 4 3 1 3 56% 24558 78278 37812 7%
c i 16.23 119 27684 10 36 1590 1613 155102 5337 1.6 4 3 1 3 56% 24559 78278 37811 7%
c i 16.23 119 27676 10 36 1590 1613 155107 5338 1.6 5 3 1 3 56% 24560 78278 37810 7%
c i 16.23 119 27667 10 36 1590 1612 155112 5339 1.6 5 3 1 3 56% 24561 78278 37809 7%
c i 16.23 119 27633 10 36 1593 1610 155130 5347 1.6 5 3 1 3 56% 24562 78278 37808 7%
c i 16.23 119 27620 10 36 1594 1610 155136 5349 1.6 5 3 1 3 56% 24565 78278 37807 7%
c i 16.23 119 27618 10 36 1595 1609 155137 5349 1.6 5 3 1 3 56% 24565 78278 37806 7%
c i 16.23 119 27615 10 36 1595 1609 155138 5349 1.6 5 3 1 3 56% 24565 78278 37805 7%
c i 16.23 119 27613 10 36 1595 1609 155140 5349 1.6 5 3 1 3 56% 24566 78277 37804 7%
c i 16.23 119 27611 10 36 1596 1609 155141 5349 1.6 5 3 1 3 56% 24566 78277 37803 7%
c i 16.23 119 27609 10 36 1596 1609 155142 5349 1.6 5 3 1 3 56% 24566 78277 37802 7%
c i 16.23 119 27606 10 36 1596 1609 155143 5349 1.6 5 3 1 3 56% 24566 78277 37801 7%
c i 16.23 119 27572 10 36 1599 1607 155163 5354 1.6 5 3 1 3 56% 24568 78277 37800 7%
c i 16.23 119 27566 10 36 1600 1607 155166 5355 1.6 5 3 1 3 56% 24569 78277 37799 7%
c
c  seconds       switched      rate          size/glue tier1   binary         remaining
c          MB      reductions     conflicts       size  tier2      irredundant
c             level     restarts        redundant   glue   trail          variables
c
c i 16.23 119 27561 10 36 1601 1606 155169 5355 1.6 5 3 1 3 56% 24570 78276 37798 7%
c i 16.23 119 27555 10 36 1602 1606 155172 5355 1.6 5 3 1 3 56% 24571 78276 37796 7%
c i 16.23 119 27534 10 36 1604 1605 155183 5358 1.6 5 3 1 3 56% 24573 78276 37795 7%
c i 16.23 119 27529 10 36 1605 1605 155185 5359 1.6 5 3 1 3 56% 24573 78276 37794 7%
c i 16.23 119 27517 10 36 1607 1604 155192 5358 1.6 5 3 1 3 56% 24577 78276 37793 7%
c i 16.23 119 27503 10 36 1609 1604 155199 5359 1.6 5 3 1 3 56% 24579 78276 37792 7%
c i 16.23 119 27490 10 36 1610 1603 155206 5360 1.6 5 3 1 3 56% 24581 78276 37791 7%
c i 16.23 119 27456 10 36 1613 1601 155228 5365 1.6 5 3 1 3 56% 24586 78276 37790 7%
c i 16.23 119 27447 10 36 1614 1601 155232 5367 1.6 5 3 1 3 56% 24587 78276 37789 7%
c i 16.23 119 27445 10 36 1615 1601 155233 5367 1.6 5 3 1 3 56% 24587 78276 37788 7%
c i 16.23 119 27414 10 36 1618 1599 155250 5372 1.6 5 3 1 3 56% 24588 78276 37787 7%
c i 16.23 119 27394 10 36 1620 1598 155260 5375 1.6 5 3 1 3 55% 24589 78276 37786 7%
c i 16.23 119 27392 10 36 1621 1598 155262 5375 1.6 5 3 1 3 55% 24589 78276 37785 7%
c i 16.23 119 27390 10 36 1621 1597 155263 5375 1.6 5 3 1 3 55% 24589 78276 37784 7%
c i 16.23 119 27382 10 36 1622 1597 155267 5377 1.6 5 3 1 3 55% 24590 78276 37783 7%
c i 16.23 119 27371 10 36 1623 1597 155272 5378 1.6 5 3 1 3 55% 24591 78276 37782 7%
c i 16.23 119 27361 10 36 1624 1596 155278 5379 1.6 5 3 1 3 55% 24592 78276 37781 7%
c i 16.23 119 27359 10 36 1625 1596 155298 5379 1.6 5 3 1 3 55% 24592 78274 37780 7%
c i 16.23 119 27335 10 36 1628 1595 155314 5383 1.6 5 3 1 3 55% 24595 78274 37779 7%
c i 16.23 119 27331 10 36 1628 1595 155316 5383 1.6 5 3 1 3 55% 24596 78274 37778 7%
c
c  seconds       switched      rate          size/glue tier1   binary         remaining
c          MB      reductions     conflicts       size  tier2      irredundant
c             level     restarts        redundant   glue   trail          variables
c
c i 16.23 119 27323 10 36 1629 1594 155320 5384 1.6 5 3 1 3 55% 24598 78274 37777 7%
c i 16.23 119 27318 10 36 1629 1594 155324 5384 1.6 5 3 1 3 55% 24599 78274 37776 7%
c i 16.23 119 27310 10 36 1629 1594 155329 5384 1.6 5 3 1 3 55% 24600 78274 37773 7%
c i 16.23 119 27306 10 36 1629 1593 155331 5384 1.6 5 3 1 3 55% 24601 78274 37772 7%
c i 16.23 119 27298 10 36 1629 1594 155338 5384 1.6 5 3 1 3 55% 24603 78274 37770 7%
c i 16.23 119 27294 10 36 1629 1594 155340 5384 1.6 5 3 1 3 55% 24604 78274 37769 7%
c i 16.24 119 27285 10 36 1629 1595 155348 5385 1.6 5 3 1 3 55% 24606 78274 37767 7%
c i 16.24 119 27281 10 36 1629 1594 155350 5385 1.6 5 3 1 3 55% 24607 78274 37766 7%
c i 16.24 119 27276 10 36 1629 1594 155354 5385 1.6 5 3 1 3 55% 24608 78274 37765 7%
c i 16.24 119 27272 10 36 1629 1594 155356 5385 1.6 5 3 1 3 55% 24609 78274 37764 7%
c i 16.24 119 27266 10 36 1629 1594 155361 5385 1.6 5 3 1 3 55% 24610 78274 37762 7%
c i 16.24 119 27262 10 36 1629 1593 155363 5385 1.6 5 3 1 3 55% 24611 78274 37761 7%
c i 16.24 119 27254 10 36 1629 1593 155369 5385 1.6 5 3 1 3 55% 24612 78274 37759 7%
c i 16.24 119 27249 10 36 1629 1593 155371 5385 1.6 5 3 1 3 55% 24613 78274 37758 7%
c i 16.24 119 27243 10 36 1629 1592 155376 5385 1.6 5 3 1 3 55% 24614 78274 37756 7%
c i 16.24 119 27239 10 36 1629 1592 155378 5385 1.6 5 3 1 3 55% 24615 78274 37755 7%
c i 16.24 119 27232 10 36 1629 1593 155385 5385 1.6 5 3 1 3 55% 24617 78274 37753 7%
c i 16.24 119 27227 10 36 1629 1593 155387 5385 1.6 5 3 1 3 55% 24618 78274 37752 7%
c i 16.24 119 27220 10 36 1629 1593 155394 5385 1.6 5 3 1 3 55% 24620 78274 37750 7%
c i 16.24 119 27216 10 36 1629 1593 155396 5385 1.6 5 3 1 3 55% 24621 78274 37749 7%
c
c  seconds       switched      rate          size/glue tier1   binary         remaining
c          MB      reductions     conflicts       size  tier2      irredundant
c             level     restarts        redundant   glue   trail          variables
c
c i 16.24 119 27209 10 36 1629 1594 155403 5385 1.6 5 3 1 3 55% 24623 78274 37747 7%
c i 16.24 119 27204 10 36 1629 1594 155405 5385 1.6 5 3 1 3 55% 24624 78274 37746 7%
c i 16.24 119 27200 10 36 1629 1594 155409 5385 1.6 5 3 1 3 55% 24625 78274 37745 7%
c i 16.24 119 27196 10 36 1629 1593 155411 5385 1.6 5 3 1 3 55% 24626 78274 37744 7%
c i 16.24 119 27190 10 36 1629 1593 155416 5385 1.6 5 3 1 3 55% 24627 78274 37742 7%
c i 16.24 119 27186 10 36 1629 1593 155418 5385 1.6 4 3 1 3 55% 24628 78274 37741 7%
c i 16.24 119 27178 10 36 1629 1593 155425 5385 1.6 4 3 1 3 55% 24630 78274 37739 7%
c i 16.24 119 27174 10 36 1629 1593 155427 5385 1.6 4 3 1 3 55% 24631 78274 37738 7%
c i 16.24 119 27167 10 36 1629 1594 155434 5385 1.6 4 3 1 3 55% 24633 78274 37736 7%
c i 16.24 119 27163 10 36 1629 1594 155436 5385 1.6 4 3 1 3 55% 24634 78274 37735 7%
c i 16.25 119 27141 10 36 1629 1594 155451 5392 1.6 4 3 1 3 55% 24637 78273 37733 7%
c i 16.25 119 27137 10 36 1629 1594 155453 5392 1.6 4 3 1 3 55% 24638 78273 37732 7%
c i 16.25 119 27122 10 36 1629 1594 155464 5392 1.6 4 3 1 3 55% 24641 78273 37730 7%
c i 16.25 119 27117 10 36 1629 1594 155468 5392 1.6 4 3 1 3 55% 24642 78273 37729 7%
c i 16.25 119 27113 10 36 1629 1593 155470 5392 1.6 4 3 1 3 55% 24643 78273 37728 7%
c i 16.25 119 27109 10 36 1629 1593 155472 5392 1.6 4 3 1 3 55% 24644 78273 37727 7%
c i 16.25 119 27105 10 36 1629 1593 155485 5392 1.6 4 3 1 3 55% 24645 78271 37726 7%
c i 16.25 119 27099 10 36 1629 1593 155489 5392 1.6 4 3 1 3 55% 24647 78270 37724 7%
c i 16.25 119 27093 10 36 1629 1592 155493 5392 1.6 4 3 1 3 55% 24649 78269 37722 7%
c i 16.25 119 27087 10 36 1629 1592 155497 5392 1.6 4 3 1 3 55% 24651 78268 37720 7%
c
c  seconds       switched      rate          size/glue tier1   binary         remaining
c          MB      reductions     conflicts       size  tier2      irredundant
c             level     restarts        redundant   glue   trail          variables
c
c i 16.25 119 27081 10 36 1629 1591 155500 5392 1.6 4 3 1 3 55% 24652 78268 37718 7%
c i 16.25 119 27077 10 36 1629 1593 155503 5392 1.6 4 3 1 3 55% 24653 78268 37716 7%
c i 16.25 119 27074 10 36 1629 1594 155508 5392 1.6 4 3 1 3 55% 24654 78268 37714 7%
c i 16.25 119 27070 10 36 1629 1593 155510 5392 1.6 4 3 1 3 55% 24655 78268 37713 7%
c i 16.25 119 27062 10 36 1629 1593 155516 5392 1.6 4 3 1 3 55% 24657 78268 37712 7%
c i 16.25 119 27058 10 36 1629 1593 155518 5392 1.6 4 3 1 3 55% 24658 78268 37711 7%
c i 16.25 119 27052 10 36 1629 1592 155523 5392 1.6 4 3 1 3 55% 24659 78268 37709 7%
c i 16.25 119 27048 10 36 1629 1592 155525 5392 1.6 4 3 1 3 55% 24660 78268 37708 7%
c i 16.25 119 27042 10 36 1629 1592 155530 5392 1.6 4 3 1 3 55% 24661 78268 37706 7%
c i 16.25 119 27038 10 36 1629 1591 155532 5392 1.6 4 3 1 3 55% 24662 78268 37705 7%
c i 16.25 119 27030 10 36 1629 1592 155539 5392 1.6 4 3 1 3 55% 24664 78268 37703 7%
c i 16.25 119 27026 10 36 1629 1592 155541 5392 1.6 4 3 1 3 55% 24665 78268 37702 7%
c i 16.26 119 27019 10 36 1629 1593 155548 5392 1.6 4 3 1 3 55% 24667 78268 37700 7%
c i 16.26 119 27015 10 36 1629 1593 155550 5392 1.6 4 3 1 3 55% 24668 78268 37699 7%
c i 16.26 119 27008 10 36 1629 1593 155557 5392 1.6 4 3 1 3 55% 24670 78268 37697 7%
c i 16.26 119 27004 10 36 1629 1593 155559 5392 1.6 4 3 1 3 55% 24671 78268 37696 7%
c i 16.26 119 26997 10 36 1629 1594 155566 5392 1.6 4 3 1 3 55% 24673 78268 37694 7%
c i 16.26 119 26993 10 36 1629 1594 155568 5392 1.6 4 3 1 3 55% 24674 78268 37693 7%
c i 16.26 119 26984 10 36 1629 1593 155572 5392 1.6 4 3 1 3 55% 24675 78268 37691 7%
c i 16.26 119 26980 10 36 1629 1593 155574 5392 1.6 4 3 1 3 55% 24676 78268 37690 7%
c
c  seconds       switched      rate          size/glue tier1   binary         remaining
c          MB      reductions     conflicts       size  tier2      irredundant
c             level     restarts        redundant   glue   trail          variables
c
c i 16.27 119 26944 10 36 1632 1594 155609 5410 1.6 4 3 1 3 55% 24686 78268 37689 7%
c i 16.27 119 26938 10 36 1633 1594 155613 5410 1.6 4 3 1 3 55% 24687 78268 37688 7%
c i 16.27 119 26933 10 36 1634 1594 155615 5411 1.6 4 3 1 3 55% 24687 78268 37687 7%
c i 16.27 119 26925 10 36 1635 1593 155620 5411 1.6 4 3 1 3 55% 24689 78268 37686 7%
c i 16.27 119 26916 10 36 1636 1593 155625 5411 1.6 4 3 1 3 55% 24691 78268 37685 7%
c i 16.27 119 26908 10 36 1637 1593 155629 5413 1.6 4 3 1 3 55% 24692 78268 37684 7%
c i 16.27 119 26900 10 36 1637 1592 155634 5414 1.6 4 3 1 3 55% 24693 78268 37683 7%
c i 16.27 119 26892 10 36 1638 1592 155638 5416 1.6 4 3 1 3 55% 24694 78268 37682 7%
c i 16.27 119 26885 10 36 1639 1591 155667 5415 1.6 4 3 1 3 55% 24695 78268 37681 7%
c i 16.27 119 26873 10 36 1641 1591 155673 5417 1.6 4 3 1 3 55% 24698 78268 37680 7%
c i 16.27 119 26863 10 36 1642 1590 155678 5421 1.6 5 3 1 3 55% 24698 78268 37679 7%
c i 16.27 119 26861 10 36 1643 1590 155679 5421 1.6 5 3 1 3 55% 24698 78268 37678 7%
c i 16.27 119 26859 10 36 1643 1590 155680 5421 1.6 5 3 1 3 55% 24698 78268 37677 7%
c i 16.27 119 26855 10 36 1643 1590 155682 5421 1.6 5 3 1 3 55% 24699 78268 37676 7%
c i 16.27 119 26842 10 36 1645 1589 155688 5422 1.6 4 3 1 3 55% 24703 78268 37675 7%
c i 16.27 119 26838 10 36 1646 1589 155690 5422 1.6 4 3 1 3 55% 24704 78268 37674 7%
c i 16.27 119 26826 10 36 1648 1589 155696 5423 1.6 4 3 1 3 55% 24708 78268 37673 7%
c i 16.27 119 26822 10 36 1648 1588 155698 5423 1.6 4 3 1 3 55% 24709 78268 37672 7%
c i 16.27 119 26812 10 36 1649 1588 155703 5424 1.6 4 3 1 3 55% 24711 78268 37671 7%
c i 16.27 119 26808 10 36 1650 1588 155705 5424 1.6 4 3 1 3 55% 24712 78268 37670 7%
c
c  seconds       switched      rate          size/glue tier1   binary         remaining
c          MB      reductions     conflicts       size  tier2      irredundant
c             level     restarts        redundant   glue   trail          variables
c
c i 16.27 119 26784 10 36 1650 1587 155717 5427 1.6 4 3 1 3 54% 24715 78268 37669 7%
c i 16.27 119 26778 10 36 1650 1586 155722 5428 1.6 4 3 1 3 54% 24715 78268 37668 7%
c i 16.27 119 26769 10 36 1650 1586 155726 5429 1.6 4 3 1 3 54% 24717 78268 37667 7%
c i 16.27 119 26765 10 36 1650 1585 155728 5429 1.6 4 3 1 3 54% 24718 78268 37666 7%
c i 16.27 119 26752 10 36 1650 1585 155734 5430 1.6 4 3 1 3 54% 24721 78268 37665 7%
c i 16.27 119 26744 10 36 1650 1584 155739 5429 1.6 4 3 1 3 54% 24722 78268 37664 7%
c i 16.27 119 26738 10 36 1650 1584 155745 5430 1.6 4 3 1 3 54% 24723 78268 37663 7%
c i 16.27 119 26734 10 36 1650 1584 155747 5430 1.6 4 3 1 3 54% 24724 78268 37662 7%
c i 16.27 119 26730 10 36 1650 1583 155749 5430 1.6 4 3 1 3 54% 24725 78268 37661 7%
c i 16.27 119 26724 10 36 1650 1583 155753 5430 1.6 4 3 1 3 54% 24726 78268 37660 7%
c i 16.27 119 26717 10 36 1650 1583 155757 5430 1.6 4 3 1 3 54% 24728 78267 37658 7%
c i 16.27 119 26709 10 36 1650 1582 155763 5429 1.6 4 3 1 3 54% 24731 78266 37656 7%
c i 16.27 119 26703 10 36 1650 1582 155770 5428 1.6 4 3 1 3 54% 24733 78264 37655 7%
c i 16.27 119 26699 10 36 1650 1581 155772 5428 1.6 4 3 1 3 54% 24734 78264 37654 7%
c i 16.27 119 26689 10 36 1650 1581 155781 5428 1.6 4 3 1 3 54% 24735 78264 37651 7%
c i 16.27 119 26684 10 36 1650 1581 155783 5428 1.6 4 3 1 3 54% 24736 78264 37650 7%
c i 16.27 119 26676 10 36 1650 1580 155788 5427 1.6 4 3 1 3 54% 24737 78264 37647 7%
c i 16.27 119 26670 10 36 1650 1580 155791 5428 1.6 4 3 1 3 54% 24738 78264 37646 7%
c i 16.27 119 26664 10 36 1650 1579 155794 5429 1.6 4 3 1 3 54% 24739 78264 37645 7%
c i 16.27 119 26656 10 36 1650 1579 155800 5431 1.6 4 3 1 3 54% 24739 78264 37644 7%
c
c  seconds       switched      rate          size/glue tier1   binary         remaining
c          MB      reductions     conflicts       size  tier2      irredundant
c             level     restarts        redundant   glue   trail          variables
c
c i 16.27 119 26648 10 36 1650 1578 155813 5431 1.6 4 3 1 3 54% 24740 78264 37641 7%
c i 16.27 119 26642 10 36 1650 1578 155816 5431 1.6 4 3 1 3 54% 24741 78264 37639 7%
c i 16.27 119 26636 10 36 1650 1578 155819 5431 1.6 4 3 1 3 54% 24742 78264 37637 7%
c i 16.27 119 26630 10 36 1650 1577 155822 5431 1.6 4 3 1 3 54% 24743 78264 37635 7%
c i 16.27 119 26624 10 36 1650 1577 155825 5431 1.6 4 3 1 3 54% 24744 78264 37633 7%
c i 16.27 119 26617 10 36 1650 1577 155828 5431 1.6 4 3 1 3 54% 24745 78264 37631 7%
c i 16.27 119 26611 10 36 1650 1576 155831 5431 1.6 4 3 1 3 54% 24746 78264 37629 7%
c i 16.27 119 26605 10 36 1650 1576 155834 5431 1.6 4 3 1 3 54% 24747 78264 37627 7%
c i 16.27 119 26599 10 36 1650 1575 155837 5431 1.6 4 3 1 3 54% 24748 78264 37625 7%
c i 16.27 119 26575 10 36 1650 1574 155856 5431 1.6 4 3 1 3 54% 24751 78258 37614 7%
c i 16.27 119 26563 10 36 1650 1573 155863 5431 1.6 4 3 1 3 54% 24753 78258 37612 7%
c i 16.27 119 26537 10 36 1650 1572 155885 5436 1.6 4 3 1 3 54% 24755 78256 37611 7%
c i 16.27 119 26527 10 36 1650 1571 155894 5436 1.6 4 3 1 3 54% 24756 78255 37610 7%
c i 16.27 119 26519 10 36 1650 1571 155898 5438 1.6 4 3 1 3 54% 24756 78255 37608 7%
c i 16.27 119 26515 10 36 1650 1570 155900 5438 1.6 4 3 1 3 54% 24757 78255 37607 7%
c i 16.27 119 26509 10 36 1650 1570 155904 5438 1.6 4 3 1 3 54% 24758 78255 37606 7%
c i 16.27 119 26501 10 36 1650 1570 155908 5438 1.6 4 3 1 3 54% 24759 78255 37604 7%
c i 16.27 119 26495 10 36 1650 1569 155911 5438 1.6 4 3 1 3 54% 24761 78255 37603 7%
c i 16.27 119 26485 10 36 1650 1569 155916 5439 1.6 4 3 1 3 54% 24763 78255 37602 7%
c i 16.27 119 26479 10 36 1650 1568 155921 5439 1.6 4 3 1 3 54% 24765 78253 37601 7%
c
c  seconds       switched      rate          size/glue tier1   binary         remaining
c          MB      reductions     conflicts       size  tier2      irredundant
c             level     restarts        redundant   glue   trail          variables
c
c i 16.27 119 26473 10 36 1650 1568 155924 5439 1.6 4 3 1 3 54% 24766 78253 37599 7%
c i 16.27 119 26467 10 36 1650 1567 155927 5439 1.6 4 3 1 3 54% 24767 78253 37597 7%
c i 16.27 119 26461 10 36 1650 1567 155930 5439 1.6 4 3 1 3 54% 24768 78253 37595 7%
c i 16.27 119 26457 10 36 1650 1567 155932 5439 1.6 4 3 1 3 54% 24769 78253 37594 7%
c i 16.27 119 26445 10 36 1650 1566 155938 5444 1.6 4 3 1 3 54% 24769 78253 37593 7%
c i 16.27 119 26439 10 36 1650 1566 155941 5444 1.6 4 3 1 3 54% 24770 78253 37591 7%
c i 16.27 119 26436 10 36 1650 1566 155943 5444 1.6 4 3 1 3 54% 24771 78253 37590 7%
c i 16.27 119 26428 10 36 1650 1565 155950 5444 1.6 4 3 1 3 54% 24774 78251 37589 7%
c i 16.27 119 26424 10 36 1650 1565 155952 5444 1.6 4 3 1 3 54% 24775 78251 37588 7%
c i 16.27 119 26420 10 36 1650 1565 155956 5444 1.6 4 3 1 3 54% 24777 78249 37587 7%
c i 16.27 119 26414 10 36 1650 1564 155961 5444 1.6 4 3 1 3 54% 24779 78247 37586 7%
c i 16.27 119 26410 10 36 1650 1564 155963 5444 1.6 4 3 1 3 54% 24780 78247 37585 7%
c i 16.27 119 26404 10 36 1650 1564 155968 5444 1.6 4 3 1 3 54% 24782 78245 37584 7%
c i 16.27 119 26400 10 36 1650 1563 155970 5444 1.6 4 3 1 3 54% 24783 78245 37583 7%
c i 16.27 119 26394 10 36 1650 1563 155973 5444 1.6 4 3 1 3 54% 24784 78245 37581 7%
c i 16.27 119 26390 10 36 1650 1563 155976 5444 1.6 4 3 1 3 54% 24785 78245 37580 7%
c i 16.27 119 26384 10 36 1650 1562 155981 5444 1.6 4 3 1 3 54% 24787 78243 37579 7%
c i 16.27 119 26380 10 36 1650 1562 155983 5444 1.6 4 3 1 3 54% 24788 78243 37578 7%
c i 16.27 119 26374 10 36 1650 1562 155989 5444 1.6 4 3 1 3 54% 24790 78241 37577 7%
c i 16.27 119 26370 10 36 1650 1561 155991 5444 1.6 4 3 1 3 54% 24791 78241 37576 7%
c
c  seconds       switched      rate          size/glue tier1   binary         remaining
c          MB      reductions     conflicts       size  tier2      irredundant
c             level     restarts        redundant   glue   trail          variables
c
c i 16.28 119 26355 10 36 1650 1562 156002 5450 1.6 4 3 1 3 54% 24792 78241 37575 7%
c i 16.28 119 26351 10 36 1650 1564 156029 5451 1.6 4 3 1 3 54% 24793 78236 37573 7%
c i 16.28 119 26347 10 36 1650 1564 156034 5451 1.6 4 3 1 3 54% 24794 78235 37572 7%
c i 16.28 119 26341 10 36 1650 1563 156040 5451 1.6 4 3 1 3 54% 24796 78233 37571 7%
c i 16.28 119 26336 10 36 1650 1563 156045 5451 1.6 4 3 1 3 54% 24798 78231 37570 7%
c i 16.28 119 26332 10 36 1650 1563 156047 5451 1.6 4 3 1 3 54% 24799 78231 37569 7%
c i 16.28 119 26326 10 36 1650 1562 156053 5451 1.6 4 3 1 3 54% 24801 78229 37568 7%
c i 16.28 119 26323 10 36 1650 1562 156055 5451 1.6 4 3 1 3 54% 24802 78229 37567 7%
c i 16.28 119 26317 10 36 1650 1562 156060 5451 1.6 4 3 1 3 54% 24804 78227 37566 7%
c i 16.28 119 26313 10 36 1650 1561 156062 5451 1.6 4 3 1 3 54% 24805 78227 37565 7%
c i 16.28 119 26308 10 36 1650 1561 156067 5451 1.6 4 3 1 3 54% 24807 78225 37564 7%
c i 16.28 119 26304 10 36 1650 1561 156069 5451 1.6 4 3 1 3 54% 24808 78225 37563 7%
c i 16.28 119 26303 10 36 1650 1562 156077 5451 1.6 4 3 1 3 54% 24809 78225 37562 7%
c i 16.28 119 26298 10 36 1650 1562 156083 5451 1.6 4 3 1 3 54% 24811 78223 37561 7%
c i 16.28 119 26294 10 36 1650 1561 156085 5451 1.6 4 3 1 3 54% 24812 78223 37560 7%
c i 16.28 119 26288 10 36 1650 1561 156090 5451 1.6 4 3 1 3 54% 24814 78221 37559 7%
c i 16.28 119 26285 10 36 1650 1561 156092 5451 1.6 4 3 1 3 54% 24815 78221 37558 7%
c i 16.28 119 26279 10 36 1650 1560 156098 5451 1.6 4 3 1 3 54% 24817 78219 37557 7%
c i 16.28 119 26274 10 36 1650 1560 156101 5451 1.6 4 3 1 3 54% 24818 78219 37555 7%
c i 16.28 119 26270 10 36 1650 1560 156105 5451 1.6 4 3 1 3 54% 24819 78219 37554 7%
c
c  seconds       switched      rate          size/glue tier1   binary         remaining
c          MB      reductions     conflicts       size  tier2      irredundant
c             level     restarts        redundant   glue   trail          variables
c
c i 16.28 119 26262 10 36 1650 1559 156115 5451 1.6 4 3 1 3 54% 24822 78217 37553 7%
c i 16.28 119 26259 10 36 1650 1559 156117 5451 1.6 4 3 1 3 54% 24823 78217 37552 7%
c i 16.28 119 26253 10 36 1650 1559 156128 5451 1.6 4 3 1 3 53% 24825 78215 37551 7%
c i 16.28 119 26248 10 36 1650 1558 156131 5451 1.6 4 3 1 3 53% 24826 78215 37549 7%
c i 16.28 119 26242 10 36 1650 1558 156134 5451 1.6 4 3 1 3 53% 24827 78215 37547 7%
c i 16.28 119 26237 10 36 1650 1558 156137 5451 1.6 4 3 1 3 53% 24828 78215 37545 7%
c i 16.28 119 26233 10 36 1650 1557 156139 5451 1.6 4 3 1 3 53% 24829 78215 37544 7%
c i 16.28 119 26223 10 36 1650 1558 156147 5454 1.6 4 3 1 3 53% 24831 78215 37543 7%
c i 16.28 119 26212 10 36 1650 1557 156155 5458 1.6 4 3 1 3 53% 24832 78215 37542 7%
c i 16.28 119 26206 10 36 1650 1557 156162 5458 1.6 4 3 1 3 53% 24833 78215 37540 7%
c i 16.28 119 26201 10 36 1650 1556 156165 5458 1.6 4 3 1 3 53% 24834 78215 37538 7%
c i 16.28 119 26195 10 36 1650 1556 156169 5458 1.6 4 3 1 3 53% 24835 78215 37536 7%
c i 16.28 119 26191 10 36 1650 1556 156171 5458 1.6 4 3 1 3 53% 24836 78215 37535 7%
c i 16.28 119 26188 10 36 1650 1556 156173 5458 1.6 4 3 1 3 53% 24837 78215 37534 7%
c i 16.28 119 26177 10 36 1650 1555 156189 5460 1.6 4 3 1 3 53% 24839 78212 37533 7%
c i 16.28 119 26171 10 36 1650 1555 156192 5460 1.6 4 3 1 3 53% 24840 78212 37532 7%
c i 16.28 119 26160 10 36 1651 1554 156210 5462 1.6 4 3 1 3 53% 24842 78207 37529 7%
c i 16.28 119 26155 10 36 1651 1554 156214 5462 1.6 4 3 1 3 53% 24844 78206 37527 7%
c i 16.28 119 26149 10 36 1651 1553 156218 5462 1.6 4 3 1 3 53% 24846 78205 37525 7%
c i 16.28 119 26144 10 36 1651 1553 156222 5462 1.6 4 3 1 3 53% 24848 78204 37523 7%
c
c  seconds       switched      rate          size/glue tier1   binary         remaining
c          MB      reductions     conflicts       size  tier2      irredundant
c             level     restarts        redundant   glue   trail          variables
c
c i 16.28 119 26138 10 36 1651 1553 156226 5462 1.6 4 3 1 3 53% 24850 78203 37521 7%
c i 16.28 119 26133 10 36 1651 1552 156230 5462 1.6 4 3 1 3 53% 24852 78202 37519 7%
c i 16.28 119 26127 10 36 1651 1552 156234 5462 1.6 4 3 1 3 53% 24854 78201 37517 7%
c i 16.28 119 26122 10 36 1651 1551 156238 5462 1.6 4 3 1 3 53% 24856 78200 37515 7%
c i 16.28 119 26116 10 36 1651 1551 156246 5461 1.6 4 3 1 3 53% 24858 78198 37513 7%
c i 16.28 119 26111 10 36 1651 1551 156249 5461 1.6 4 3 1 3 53% 24859 78198 37511 7%
c i 16.28 119 26104 10 36 1651 1550 156254 5461 1.6 4 3 1 3 53% 24860 78198 37508 7%
c i 16.28 119 26098 10 36 1651 1550 156259 5461 1.6 4 3 1 3 53% 24862 78197 37506 7%
c i 16.28 119 26093 10 36 1651 1550 156263 5461 1.6 4 3 1 3 53% 24864 78196 37504 7%
c i 16.28 119 26087 10 36 1651 1549 156266 5462 1.6 4 3 1 3 53% 24865 78196 37503 7%
c i 16.28 119 26016 10 36 1652 1545 156309 5484 1.6 4 3 1 3 53% 24870 78196 37502 7%
c i 16.28 119 26014 10 36 1652 1545 156313 5484 1.6 4 3 1 3 53% 24870 78196 37501 7%
c i 16.28 119 26009 10 36 1652 1544 156316 5484 1.6 4 3 1 3 53% 24871 78196 37499 7%
c i 16.28 119 26005 10 36 1652 1544 156318 5484 1.6 4 3 1 3 53% 24872 78196 37498 7%
c i 16.28 119 26000 10 36 1652 1544 156321 5484 1.6 4 3 1 3 53% 24873 78196 37496 7%
c i 16.28 119 25996 10 36 1652 1543 156323 5484 1.6 4 3 1 3 53% 24874 78196 37495 7%
c i 16.28 119 25991 10 36 1652 1543 156344 5484 1.6 4 3 1 3 53% 24875 78196 37494 7%
c i 16.28 119 25986 10 36 1652 1543 156350 5484 1.6 4 3 1 3 53% 24877 78194 37493 7%
c i 16.28 119 25982 10 36 1652 1543 156352 5484 1.6 4 3 1 3 53% 24878 78194 37492 7%
c i 16.28 119 25977 10 36 1652 1542 156357 5484 1.6 4 3 1 3 53% 24880 78192 37491 7%
c
c  seconds       switched      rate          size/glue tier1   binary         remaining
c          MB      reductions     conflicts       size  tier2      irredundant
c             level     restarts        redundant   glue   trail          variables
c
c i 16.28 119 25973 10 36 1652 1542 156359 5484 1.6 4 3 1 3 53% 24881 78192 37490 7%
c i 16.28 119 25968 10 36 1652 1542 156365 5484 1.6 4 3 1 3 53% 24883 78190 37489 7%
c i 16.28 119 25964 10 36 1652 1541 156367 5484 1.6 4 3 1 3 53% 24884 78190 37488 7%
c i 16.28 119 25959 10 36 1652 1541 156372 5484 1.6 4 3 1 3 53% 24886 78188 37487 7%
c i 16.28 119 25955 10 36 1652 1541 156374 5484 1.6 4 3 1 3 53% 24887 78188 37486 7%
c i 16.28 119 25950 10 36 1652 1540 156380 5484 1.6 4 3 1 3 53% 24889 78186 37485 7%
c i 16.28 119 25946 10 36 1652 1540 156382 5484 1.6 4 3 1 3 53% 24890 78186 37484 7%
c i 16.28 119 25941 10 36 1652 1540 156387 5484 1.6 4 3 1 3 53% 24892 78184 37483 7%
c i 16.28 119 25937 10 36 1652 1540 156389 5484 1.6 4 3 1 3 53% 24893 78184 37482 7%
c i 16.28 119 25932 10 36 1652 1539 156395 5484 1.6 4 3 1 3 53% 24895 78182 37481 7%
c i 16.28 119 25928 10 36 1652 1539 156397 5484 1.6 4 3 1 3 53% 24896 78182 37480 7%
c i 16.28 119 25923 10 36 1652 1539 156403 5484 1.6 4 3 1 3 53% 24898 78180 37479 7%
c i 16.28 119 25920 10 36 1652 1538 156405 5484 1.6 4 3 1 3 53% 24899 78180 37478 7%
c i 16.28 119 25914 10 36 1652 1538 156413 5484 1.6 4 3 1 3 53% 24901 78178 37477 7%
c i 16.28 119 25911 10 36 1652 1538 156415 5484 1.6 4 3 1 3 53% 24902 78178 37476 7%
c i 16.28 119 25905 10 36 1652 1537 156420 5484 1.6 4 3 1 3 53% 24904 78176 37475 7%
c i 16.28 119 25900 10 36 1652 1537 156423 5484 1.6 4 3 1 3 53% 24905 78176 37473 7%
c i 16.28 119 25896 10 36 1652 1537 156428 5484 1.6 4 3 1 3 53% 24906 78176 37472 7%
c i 16.28 119 25891 10 36 1652 1537 156431 5484 1.6 4 3 1 3 53% 24907 78176 37470 7%
c i 16.28 119 25887 10 36 1652 1536 156433 5484 1.6 4 3 1 3 53% 24908 78176 37469 7%
c
c  seconds       switched      rate          size/glue tier1   binary         remaining
c          MB      reductions     conflicts       size  tier2      irredundant
c             level     restarts        redundant   glue   trail          variables
c
c i 16.28 119 25882 10 36 1652 1536 156458 5484 1.6 4 3 1 3 53% 24909 78176 37468 7%
c i 16.28 119 25877 10 36 1652 1536 156463 5484 1.6 4 3 1 3 53% 24911 78174 37467 7%
c i 16.28 119 25873 10 36 1652 1535 156465 5484 1.6 4 3 1 3 53% 24912 78174 37466 7%
c i 16.28 119 25868 10 36 1652 1535 156471 5484 1.6 4 3 1 3 53% 24914 78172 37465 7%
c i 16.28 119 25864 10 36 1652 1535 156473 5484 1.6 4 3 1 3 53% 24915 78172 37464 7%
c i 16.28 119 25859 10 36 1652 1534 156479 5484 1.6 4 3 1 3 53% 24917 78170 37463 7%
c i 16.28 119 25855 10 36 1652 1534 156481 5484 1.6 4 3 1 3 53% 24918 78170 37462 7%
c i 16.28 119 25850 10 36 1652 1534 156486 5484 1.6 4 3 1 3 53% 24920 78168 37461 7%
c i 16.28 119 25847 10 36 1652 1534 156488 5484 1.6 4 3 1 3 53% 24921 78168 37460 7%
c i 16.28 119 25841 10 36 1652 1533 156495 5484 1.6 4 3 1 3 53% 24923 78166 37459 7%
c i 16.28 119 25838 10 36 1652 1533 156497 5484 1.6 4 3 1 3 53% 24924 78166 37458 7%
c i 16.28 119 25832 10 36 1652 1533 156503 5484 1.6 4 3 1 3 53% 24926 78164 37457 7%
c i 16.28 119 25829 10 36 1652 1532 156505 5484 1.6 4 3 1 3 53% 24927 78164 37456 7%
c i 16.28 119 25824 10 36 1652 1532 156511 5484 1.6 4 3 1 3 53% 24929 78162 37455 7%
c i 16.28 119 25820 10 36 1652 1532 156513 5484 1.6 4 3 1 3 53% 24930 78162 37454 7%
c i 16.28 119 25815 10 36 1652 1532 156522 5484 1.6 4 3 1 3 53% 24932 78160 37453 7%
c i 16.28 119 25811 10 36 1652 1531 156524 5484 1.6 4 3 1 3 53% 24933 78160 37452 7%
c i 16.28 119 25806 10 36 1652 1531 156530 5484 1.6 4 3 1 3 53% 24935 78158 37451 7%
c i 16.28 119 25802 10 36 1652 1531 156532 5484 1.6 4 3 1 3 53% 24936 78158 37450 7%
c i 16.28 119 25797 10 36 1652 1530 156537 5484 1.6 4 3 1 3 53% 24938 78156 37449 7%
c
c  seconds       switched      rate          size/glue tier1   binary         remaining
c          MB      reductions     conflicts       size  tier2      irredundant
c             level     restarts        redundant   glue   trail          variables
c
c i 16.28 119 25793 10 36 1652 1530 156539 5484 1.6 4 3 1 3 53% 24939 78156 37448 7%
c i 16.28 119 25788 10 36 1652 1530 156552 5483 1.6 4 3 1 3 53% 24941 78154 37447 7%
c i 16.28 119 25785 10 36 1652 1530 156554 5483 1.6 4 3 1 3 53% 24942 78154 37446 7%
c i 16.28 119 25779 10 36 1652 1529 156560 5483 1.6 4 3 1 3 53% 24944 78152 37445 7%
c i 16.28 119 25776 10 36 1652 1529 156562 5483 1.6 4 3 1 3 53% 24945 78152 37444 7%
c i 16.28 119 25771 10 36 1652 1529 156568 5483 1.6 4 3 1 3 53% 24947 78150 37443 7%
c i 16.28 119 25767 10 36 1652 1528 156570 5483 1.6 4 3 1 3 53% 24948 78150 37442 7%
c i 16.28 119 25762 10 36 1652 1528 156575 5483 1.6 4 3 1 3 53% 24950 78148 37441 7%
c i 16.28 119 25756 10 36 1652 1528 156585 5483 1.6 4 3 1 3 53% 24951 78146 37439 7%
c i 16.28 119 25751 10 36 1652 1527 156588 5483 1.6 4 3 1 3 53% 24952 78146 37437 7%
c i 16.28 119 25746 10 36 1652 1527 156591 5483 1.6 4 3 1 3 53% 24953 78146 37435 7%
c i 16.28 119 25742 10 36 1652 1527 156593 5483 1.6 4 3 1 3 53% 24954 78146 37434 7%
c i 16.28 119 25739 10 36 1652 1527 156599 5483 1.6 4 3 1 3 53% 24955 78145 37433 7%
c i 16.28 119 25734 10 36 1652 1526 156602 5483 1.6 4 3 1 3 53% 24956 78145 37431 7%
c i 16.28 119 25730 10 36 1652 1526 156604 5483 1.6 4 3 1 3 53% 24957 78145 37430 7%
c i 16.28 119 25726 10 36 1652 1526 156606 5483 1.6 4 3 1 3 53% 24958 78145 37429 7%
c i 16.28 119 25723 10 36 1652 1525 156611 5483 1.6 4 3 1 3 53% 24959 78145 37428 7%
c i 16.28 119 25718 10 36 1652 1525 156616 5483 1.6 4 3 1 3 53% 24961 78143 37427 7%
c i 16.28 119 25714 10 36 1652 1525 156618 5483 1.6 4 3 1 3 53% 24962 78143 37426 7%
c i 16.28 119 25695 10 36 1652 1524 156634 5489 1.6 4 3 1 3 52% 24965 78143 37425 7%
c
c  seconds       switched      rate          size/glue tier1   binary         remaining
c          MB      reductions     conflicts       size  tier2      irredundant
c             level     restarts        redundant   glue   trail          variables
c
c i 16.29 119 25667 10 36 1653 1523 156657 5495 1.6 4 3 1 3 52% 24969 78142 37424 7%
c i 16.29 119 25664 10 36 1654 1524 156668 5500 1.6 4 3 1 3 52% 24970 78142 37423 7%
c i 16.29 119 25658 10 36 1656 1524 156676 5500 1.6 4 3 1 3 52% 24971 78142 37422 7%
c i 16.29 119 25652 10 36 1657 1524 156690 5502 1.6 4 3 1 3 52% 24971 78142 37421 7%
c i 16.29 119 25639 10 36 1660 1523 156700 5504 1.6 4 3 1 3 52% 24976 78141 37420 7%
c i 16.29 119 25636 10 36 1661 1523 156709 5504 1.6 4 3 1 3 52% 24977 78141 37419 7%
c i 16.29 119 25633 10 36 1662 1523 156713 5504 1.6 4 3 1 3 52% 24978 78140 37418 7%
c i 16.29 119 25629 10 36 1663 1523 156728 5504 1.6 4 3 1 3 52% 24980 78138 37417 7%
c i 16.29 119 25622 10 36 1665 1523 156738 5505 1.6 4 3 1 3 52% 24981 78136 37416 7%
c i 16.29 119 25607 10 36 1668 1522 156788 5509 1.6 4 3 1 3 52% 24983 78132 37414 7%
c i 16.29 119 25590 10 36 1671 1521 156800 5514 1.6 4 3 1 3 52% 24985 78131 37413 7%
c i 16.29 119 25575 10 36 1674 1520 156814 5516 1.6 4 3 1 3 52% 24988 78131 37412 7%
c i 16.29 119 25560 10 36 1677 1520 156831 5520 1.6 4 3 1 3 52% 24989 78130 37411 7%
c i 16.29 119 25554 10 36 1678 1519 156834 5520 1.6 4 3 1 3 52% 24990 78130 37410 7%
c i 16.29 119 25548 10 36 1679 1519 156839 5520 1.6 4 3 1 3 52% 24991 78130 37409 7%
c i 16.29 119 25540 10 36 1680 1518 156843 5520 1.6 4 3 1 3 52% 24993 78130 37408 7%
c i 16.30 119 25531 10 36 1682 1518 156859 5521 1.6 4 3 1 3 52% 24996 78126 37407 7%
c i 16.30 119 25489 10 36 1684 1516 156888 5529 1.6 4 3 1 3 52% 25005 78122 37406 7%
c i 16.30 119 25469 10 36 1684 1514 156908 5531 1.6 4 3 1 3 52% 25013 78118 37405 7%
c i 16.30 119 25462 10 36 1685 1514 156912 5533 1.6 4 3 1 3 52% 25014 78118 37404 7%
c
c  seconds       switched      rate          size/glue tier1   binary         remaining
c          MB      reductions     conflicts       size  tier2      irredundant
c             level     restarts        redundant   glue   trail          variables
c
c i 16.30 119 25459 10 36 1685 1514 156914 5533 1.6 4 3 1 3 52% 25015 78118 37403 7%
c i 16.30 119 25449 10 36 1687 1514 156920 5535 1.6 4 3 1 3 52% 25016 78118 37402 7%
c i 16.30 119 25434 10 36 1689 1513 156928 5537 1.6 4 3 1 3 52% 25018 78118 37401 7%
c i 16.30 119 25430 10 36 1689 1513 156932 5538 1.6 4 3 1 3 52% 25018 78117 37400 7%
c i 16.30 119 25429 10 36 1689 1512 156934 5538 1.6 4 3 1 3 52% 25019 78116 37399 7%
c i 16.30 119 25417 10 36 1689 1512 156941 5539 1.6 4 3 1 3 52% 25022 78116 37398 7%
c i 16.30 119 25416 10 36 1689 1512 156943 5539 1.6 4 3 1 3 52% 25023 78115 37397 7%
c i 16.30 119 25398 10 36 1691 1511 156952 5545 1.6 4 3 1 3 52% 25025 78115 37396 7%
c i 16.30 119 25389 10 36 1692 1510 156958 5546 1.6 4 3 1 3 52% 25027 78115 37395 7%
c i 16.30 119 25387 10 36 1692 1510 156959 5546 1.6 4 3 1 3 52% 25027 78115 37394 7%
c i 16.30 119 25385 10 36 1692 1510 156960 5546 1.6 4 3 1 3 52% 25027 78115 37393 7%
c i 16.30 119 25360 10 36 1695 1508 156978 5554 1.6 4 3 1 3 52% 25029 78114 37392 7%
c i 16.30 119 25358 10 36 1695 1508 156979 5554 1.6 4 3 1 3 52% 25029 78114 37391 7%
c i 16.30 119 25347 10 36 1695 1508 156987 5555 1.6 4 3 1 3 52% 25030 78114 37390 7%
c i 16.30 119 25336 10 36 1697 1507 156994 5558 1.6 4 3 1 3 52% 25031 78114 37389 7%
c i 16.30 119 25334 10 36 1698 1507 156995 5558 1.6 4 3 1 3 52% 25031 78114 37388 7%
c i 16.30 119 25325 10 36 1698 1507 157003 5559 1.6 4 3 1 3 52% 25034 78113 37387 7%
c i 16.30 119 25310 10 36 1698 1506 157013 5561 1.6 4 3 1 3 52% 25035 78113 37386 7%
c i 16.30 119 25278 10 36 1699 1504 157033 5567 1.6 4 3 1 3 52% 25043 78113 37385 7%
c - 16.30 119 25278 10 37 1699 1504 157033 4589 1.6 4 3 1 3 52% 22221 78113 37385 7%
c
c  seconds       switched      rate          size/glue tier1   binary         remaining
c          MB      reductions     conflicts       size  tier2      irredundant
c             level     restarts        redundant   glue   trail          variables
c
c i 16.30 119 25274 10 37 1700 1504 157035 4589 1.6 4 3 1 3 52% 22222 78113 37384 7%
c i 16.30 119 25267 10 37 1701 1503 157039 4591 1.6 4 3 1 3 52% 22223 78113 37383 7%
c i 16.30 119 25255 10 37 1703 1502 157047 4593 1.6 4 3 1 3 52% 22226 78113 37382 7%
c i 16.30 119 25246 10 37 1705 1502 157052 4595 1.6 4 3 1 3 52% 22228 78113 37381 7%
c i 16.30 119 25231 10 37 1707 1501 157060 4600 1.6 4 3 1 3 52% 22230 78113 37380 7%
c i 16.30 119 25218 10 37 1709 1500 157067 4604 1.6 4 3 1 3 52% 22232 78113 37379 7%
c i 16.30 119 25214 10 37 1710 1500 157069 4604 1.6 4 3 1 3 52% 22233 78113 37378 7%
c i 16.30 119 25207 10 37 1711 1500 157073 4605 1.6 4 3 1 3 52% 22234 78113 37377 7%
c i 16.30 119 25187 10 37 1713 1499 157086 4608 1.6 4 3 1 3 52% 22237 78113 37376 7%
c i 16.30 119 25183 10 37 1714 1498 157088 4608 1.6 4 3 1 3 52% 22238 78113 37375 7%
c i 16.30 119 25177 10 37 1715 1498 157093 4608 1.6 4 3 1 3 51% 22240 78112 37374 7%
c i 16.30 119 25170 10 37 1717 1498 157097 4610 1.6 4 3 1 3 51% 22241 78112 37373 7%
c i 16.30 119 25168 10 37 1717 1498 157098 4610 1.6 4 3 1 3 51% 22241 78112 37372 7%
c i 16.30 119 25164 10 37 1717 1497 157100 4610 1.6 4 3 1 3 51% 22242 78112 37371 7%
c i 16.30 119 25161 10 37 1718 1497 157102 4610 1.6 4 3 1 3 51% 22243 78112 37370 7%
c i 16.30 119 25159 10 37 1718 1497 157103 4610 1.6 4 3 1 3 51% 22243 78112 37369 7%
c i 16.30 119 25149 10 37 1720 1497 157108 4612 1.6 4 3 1 3 51% 22245 78112 37368 7%
c i 16.30 119 25146 10 37 1720 1496 157110 4612 1.6 4 3 1 3 51% 22246 78112 37367 7%
c i 16.30 119 25142 10 37 1721 1496 157112 4612 1.6 4 3 1 3 51% 22247 78112 37366 7%
c i 16.30 119 25127 10 37 1723 1495 157120 4617 1.6 4 3 1 3 51% 22249 78112 37365 7%
c
c  seconds       switched      rate          size/glue tier1   binary         remaining
c          MB      reductions     conflicts       size  tier2      irredundant
c             level     restarts        redundant   glue   trail          variables
c
c i 16.30 119 25118 10 37 1725 1495 157126 4618 1.6 4 3 1 3 51% 22251 78112 37364 7%
c i 16.30 119 25116 10 37 1725 1495 157127 4618 1.6 4 3 1 3 51% 22251 78112 37363 7%
c i 16.30 119 25114 10 37 1726 1495 157129 4617 1.6 4 3 1 3 51% 22252 78112 37362 7%
c i 16.30 119 25099 10 37 1729 1494 157141 4618 1.6 4 3 1 3 51% 22255 78112 37361 7%
c i 16.30 119 25087 10 37 1731 1493 157148 4622 1.6 4 3 1 3 51% 22257 78112 37360 7%
c i 16.30 119 25083 10 37 1731 1493 157150 4622 1.6 4 3 1 3 51% 22258 78112 37359 7%
c i 16.30 119 25076 10 37 1732 1493 157154 4623 1.6 4 3 1 3 51% 22260 78112 37358 7%
c i 16.30 119 25073 10 37 1733 1493 157156 4623 1.6 4 3 1 3 51% 22261 78112 37357 7%
c i 16.30 119 25067 10 37 1734 1492 157159 4624 1.6 4 3 1 3 51% 22262 78112 37356 7%
c i 16.30 119 25060 10 37 1734 1492 157166 4624 1.6 4 3 1 3 51% 22263 78112 37355 7%
c i 16.30 119 25049 10 37 1736 1492 157172 4624 1.6 4 3 1 3 51% 22268 78112 37354 7%
c i 16.30 119 25039 10 37 1736 1491 157179 4624 1.6 4 3 1 3 51% 22271 78112 37353 7%
c i 16.30 119 25026 10 37 1736 1490 157188 4627 1.6 4 3 1 3 51% 22272 78112 37351 7%
c i 16.31 119 25005 10 37 1736 1490 157205 4636 1.6 4 3 1 3 51% 22273 78111 37349 7%
c i 16.31 119 25002 10 37 1736 1490 157207 4636 1.6 4 3 1 3 51% 22274 78111 37348 7%
c i 16.31 119 24997 10 37 1736 1490 157216 4635 1.6 4 3 1 3 51% 22275 78111 37347 7%
c i 16.31 119 24992 10 37 1736 1489 157220 4635 1.6 4 3 1 3 51% 22276 78111 37346 7%
c i 16.31 119 24988 10 37 1736 1489 157222 4635 1.6 4 3 1 3 51% 22277 78111 37345 7%
c i 16.31 119 24983 10 37 1736 1489 157228 4635 1.6 4 3 1 3 51% 22278 78111 37343 7%
c i 16.31 119 24980 10 37 1736 1489 157230 4635 1.6 4 3 1 3 51% 22279 78111 37342 7%
c
c  seconds       switched      rate          size/glue tier1   binary         remaining
c          MB      reductions     conflicts       size  tier2      irredundant
c             level     restarts        redundant   glue   trail          variables
c
c i 16.31 119 24975 10 37 1736 1488 157234 4635 1.6 4 3 1 3 51% 22280 78111 37340 7%
c i 16.31 119 24971 10 37 1736 1488 157236 4635 1.6 4 3 1 3 51% 22281 78111 37339 7%
c i 16.31 119 24968 10 37 1736 1488 157245 4635 1.6 4 3 1 3 51% 22282 78110 37338 7%
c i 16.31 119 24965 10 37 1736 1488 157247 4635 1.6 4 3 1 3 51% 22283 78110 37337 7%
c i 16.31 119 24959 10 37 1736 1487 157253 4635 1.6 4 3 1 3 51% 22285 78108 37336 7%
c i 16.31 119 24954 10 37 1736 1487 157256 4635 1.6 4 3 1 3 51% 22286 78108 37334 7%
c i 16.31 119 24951 10 37 1736 1487 157258 4635 1.6 4 3 1 3 51% 22287 78108 37333 7%
c i 16.31 119 24948 10 37 1736 1486 157264 4635 1.6 4 3 1 3 51% 22288 78108 37332 7%
c i 16.31 119 24944 10 37 1736 1486 157266 4635 1.6 4 3 1 3 51% 22289 78108 37331 7%
c i 16.31 119 24941 10 37 1736 1486 157268 4635 1.6 4 3 1 3 51% 22290 78108 37330 7%
c i 16.31 119 24920 10 37 1737 1485 157284 4640 1.6 4 3 1 3 51% 22293 78107 37329 7%
c i 16.31 119 24906 10 37 1741 1484 157308 4644 1.6 4 3 1 3 51% 22294 78106 37328 7%
c i 16.31 119 24904 10 37 1741 1484 157309 4644 1.6 4 3 1 3 51% 22294 78106 37327 7%
c i 16.31 119 24901 10 37 1741 1484 157311 4644 1.6 4 3 1 3 51% 22295 78106 37326 7%
c i 16.31 119 24896 10 37 1741 1483 157314 4644 1.6 4 3 1 3 51% 22297 78106 37325 7%
c i 16.31 119 24893 10 37 1741 1484 157317 4645 1.6 4 3 1 3 51% 22297 78106 37324 7%
c i 16.31 119 24885 10 37 1741 1484 157326 4645 1.6 4 3 1 3 51% 22300 78103 37322 7%
c i 16.31 119 24880 10 37 1741 1484 157329 4645 1.6 4 3 1 3 51% 22301 78103 37321 7%
c i 16.31 119 24872 10 37 1741 1483 157386 4646 1.6 4 3 1 3 51% 22302 78102 37318 7%
c i 16.31 119 24870 10 37 1741 1483 157523 4646 1.6 4 3 1 3 51% 22302 78101 37314 7%
c
c  seconds       switched      rate          size/glue tier1   binary         remaining
c          MB      reductions     conflicts       size  tier2      irredundant
c             level     restarts        redundant   glue   trail          variables
c
c i 16.31 119 24869 10 37 1741 1483 157609 4646 1.6 4 3 1 3 51% 22302 78098 37310 7%
c i 16.31 119 24867 10 37 1741 1483 157701 4646 1.6 4 3 1 3 51% 22302 78097 37309 7%
c i 16.31 119 24843 10 37 1744 1482 157774 4663 1.6 4 3 1 3 51% 22307 78096 37305 7%
c i 16.31 119 24830 10 37 1746 1481 157805 4663 1.6 4 3 1 3 51% 22308 78095 37300 7%
c i 16.31 119 24827 10 37 1747 1481 157807 4663 1.6 4 3 1 3 51% 22309 78095 37299 7%
c i 16.31 119 24813 10 37 1749 1481 157818 4668 1.6 4 3 1 3 51% 22310 78094 37298 7%
c i 16.31 119 24799 10 37 1750 1480 157828 4669 1.6 4 3 1 3 51% 22311 78094 37294 7%
c i 16.31 119 24795 10 37 1751 1480 157831 4669 1.6 4 3 1 3 51% 22312 78094 37293 7%
c i 16.31 119 24792 10 37 1752 1480 157835 4670 1.6 4 3 1 3 51% 22312 78093 37292 7%
c i 16.31 119 24783 10 37 1753 1479 157840 4670 1.6 4 3 1 3 51% 22312 78093 37287 7%
c i 16.31 119 24780 10 37 1754 1479 157842 4670 1.6 4 3 1 3 51% 22313 78093 37286 7%
c i 16.31 119 24769 10 37 1755 1478 157851 4671 1.6 4 3 1 3 51% 22315 78092 37284 7%
c i 16.31 119 24759 10 37 1757 1478 157872 4672 1.6 4 3 1 3 51% 22317 78089 37283 7%
c i 16.31 119 24739 10 37 1761 1477 157886 4681 1.6 4 3 1 3 51% 22317 78089 37282 7%
c i 16.31 119 24730 10 37 1763 1476 157891 4684 1.6 4 3 1 3 51% 22318 78089 37281 7%
c i 16.32 119 24720 10 37 1763 1476 157897 4684 1.6 4 3 1 3 51% 22319 78089 37278 7%
c i 16.32 119 24708 10 37 1764 1475 157907 4686 1.6 4 3 1 3 51% 22320 78089 37277 7%
c i 16.32 119 24705 10 37 1764 1475 157909 4686 1.6 4 3 1 3 51% 22321 78089 37276 7%
c i 16.32 119 24701 10 37 1765 1475 157911 4686 1.6 4 3 1 3 51% 22322 78089 37275 7%
c i 16.32 119 24694 10 37 1766 1475 157915 4687 1.6 4 3 1 3 51% 22324 78089 37274 7%
c
c  seconds       switched      rate          size/glue tier1   binary         remaining
c          MB      reductions     conflicts       size  tier2      irredundant
c             level     restarts        redundant   glue   trail          variables
c
c i 16.32 119 24688 10 37 1767 1475 157919 4688 1.6 4 3 1 3 51% 22326 78089 37273 7%
c i 16.32 119 24674 10 37 1770 1474 157927 4691 1.6 4 3 1 3 51% 22330 78089 37272 7%
c i 16.32 119 24667 10 37 1770 1474 157931 4692 1.6 4 3 1 3 51% 22332 78089 37271 7%
c i 16.32 119 24663 10 37 1770 1474 157933 4692 1.6 4 3 1 3 51% 22333 78089 37270 7%
c i 16.32 119 24657 10 37 1770 1473 157948 4693 1.6 4 3 1 3 51% 22336 78085 37269 7%
c i 16.32 119 24631 10 37 1770 1472 157965 4700 1.6 4 3 1 3 51% 22340 78085 37268 7%
c i 16.32 119 24629 10 37 1770 1472 157966 4700 1.6 4 3 1 3 51% 22340 78085 37267 7%
c i 16.32 119 24627 10 37 1770 1472 157967 4700 1.6 4 3 1 3 51% 22340 78085 37266 7%
c i 16.32 119 24625 10 37 1770 1472 157968 4700 1.6 4 3 1 3 51% 22340 78085 37265 7%
c i 16.32 119 24624 10 37 1770 1472 157969 4700 1.6 4 3 1 3 50% 22340 78085 37264 7%
c i 16.32 119 24622 10 37 1770 1471 157970 4700 1.6 4 3 1 3 50% 22340 78085 37263 7%
c i 16.32 119 24618 10 37 1770 1471 157972 4700 1.6 4 3 1 3 50% 22341 78085 37262 7%
c i 16.32 119 24613 10 37 1770 1471 157975 4701 1.6 4 3 1 3 50% 22342 78085 37261 7%
c i 16.32 119 24608 10 37 1770 1471 157979 4701 1.6 4 3 1 3 50% 22344 78085 37260 7%
c i 16.32 119 24597 10 37 1770 1470 157986 4702 1.6 4 3 1 3 50% 22346 78085 37259 7%
c i 16.32 119 24596 10 37 1771 1470 157987 4702 1.6 4 3 1 3 50% 22346 78085 37258 7%
c i 16.32 119 24592 10 37 1771 1470 157991 4702 1.6 4 3 1 3 50% 22347 78085 37257 7%
c i 16.32 119 24589 10 37 1772 1470 157994 4702 1.6 4 3 1 3 50% 22348 78085 37256 7%
c i 16.32 119 24587 10 37 1772 1470 157996 4701 1.6 4 3 1 3 50% 22348 78085 37255 7%
c i 16.32 119 24585 10 37 1772 1470 157997 4701 1.6 4 3 1 3 50% 22348 78085 37254 7%
c
c  seconds       switched      rate          size/glue tier1   binary         remaining
c          MB      reductions     conflicts       size  tier2      irredundant
c             level     restarts        redundant   glue   trail          variables
c
c i 16.32 119 24583 10 37 1772 1469 157998 4701 1.6 4 3 1 3 50% 22348 78085 37253 7%
c i 16.32 119 24582 10 37 1772 1469 157999 4701 1.6 4 3 1 3 50% 22348 78085 37252 7%
c i 16.32 119 24580 10 37 1772 1469 158000 4701 1.6 4 3 1 3 50% 22348 78085 37251 7%
c i 16.32 119 24578 10 37 1772 1469 158002 4701 1.6 4 3 1 3 50% 22348 78085 37250 7%
c i 16.32 119 24574 10 37 1772 1469 158005 4702 1.6 4 3 1 3 50% 22348 78085 37249 7%
c i 16.32 119 24567 10 37 1772 1469 158010 4703 1.6 4 3 1 3 50% 22351 78084 37248 7%
c i 16.32 119 24564 10 37 1772 1468 158012 4703 1.6 4 3 1 3 50% 22352 78084 37247 7%
c i 16.32 119 24558 10 37 1772 1468 158016 4703 1.6 4 3 1 3 50% 22353 78084 37246 7%
c i 16.32 119 24557 10 37 1772 1468 158017 4703 1.6 4 3 1 3 50% 22353 78084 37245 7%
c i 16.32 119 24555 10 37 1772 1468 158018 4703 1.6 4 3 1 3 50% 22353 78084 37244 7%
c i 16.32 119 24551 10 37 1772 1468 158021 4703 1.6 4 3 1 3 50% 22353 78084 37243 7%
c i 16.32 119 24541 10 37 1772 1467 158030 4703 1.6 4 3 1 3 50% 22355 78082 37242 7%
c i 16.32 119 24539 10 37 1772 1467 158031 4703 1.6 4 3 1 3 50% 22355 78082 37241 7%
c i 16.32 119 24537 10 37 1772 1467 158033 4703 1.6 4 3 1 3 50% 22356 78081 37240 7%
c i 16.32 119 24530 10 37 1772 1466 158037 4703 1.6 4 3 1 3 50% 22358 78081 37239 7%
c i 16.32 119 24485 10 37 1775 1464 158064 4722 1.6 4 3 1 3 50% 22360 78080 37238 7%
c i 16.32 119 24478 10 37 1777 1464 158070 4723 1.6 4 3 1 3 50% 22361 78078 37237 7%
c i 16.32 119 24476 10 37 1777 1463 158071 4723 1.6 4 3 1 3 50% 22361 78078 37236 7%
c i 16.32 119 24475 10 37 1777 1463 158072 4723 1.6 4 3 1 3 50% 22361 78078 37235 7%
c i 16.32 119 24473 10 37 1778 1463 158073 4723 1.6 4 3 1 3 50% 22361 78078 37234 7%
c
c  seconds       switched      rate          size/glue tier1   binary         remaining
c          MB      reductions     conflicts       size  tier2      irredundant
c             level     restarts        redundant   glue   trail          variables
c
c i 16.32 119 24471 10 37 1778 1463 158075 4723 1.6 4 3 1 3 50% 22361 78078 37233 7%
c i 16.32 119 24469 10 37 1779 1463 158076 4723 1.6 4 3 1 3 50% 22361 78078 37232 7%
c i 16.32 119 24467 10 37 1779 1463 158077 4723 1.6 4 3 1 3 50% 22361 78078 37231 7%
c i 16.32 119 24451 10 37 1781 1462 158089 4725 1.6 4 3 1 3 50% 22364 78077 37226 7%
c i 16.32 119 24440 10 37 1782 1462 158097 4727 1.6 4 3 1 3 50% 22367 78076 37224 7%
c i 16.32 119 24432 10 37 1784 1461 158102 4729 1.6 4 3 1 3 50% 22368 78076 37223 7%
c i 16.32 119 24430 10 37 1784 1461 158104 4729 1.6 4 3 1 3 50% 22369 78075 37222 7%
c i 16.32 119 24420 10 37 1784 1461 158112 4731 1.6 4 3 1 3 50% 22370 78074 37219 7%
c i 16.32 119 24407 10 37 1786 1460 158123 4732 1.6 4 3 1 3 50% 22373 78073 37218 7%
c i 16.32 119 24404 10 37 1788 1460 158127 4732 1.6 4 3 1 3 50% 22373 78073 37217 7%
c i 16.32 119 24402 10 37 1788 1460 158128 4732 1.6 4 3 1 3 50% 22373 78073 37216 7%
c i 16.32 119 24397 10 37 1788 1460 158132 4733 1.6 4 3 1 3 50% 22374 78072 37214 7%
c i 16.32 119 24385 10 37 1790 1459 158141 4738 1.6 4 3 1 3 50% 22375 78071 37213 7%
c i 16.32 119 24375 10 37 1792 1459 158149 4741 1.6 4 3 1 3 50% 22377 78070 37212 7%
c i 16.32 119 24368 10 37 1792 1458 158153 4742 1.6 4 3 1 3 50% 22379 78070 37211 7%
c i 16.32 119 24341 10 37 1795 1457 158170 4748 1.6 4 3 1 3 50% 22382 78070 37210 7%
c i 16.32 119 24315 10 37 1795 1456 158189 4755 1.6 4 3 1 3 50% 22386 78069 37208 7%
c i 16.32 119 24308 10 37 1795 1455 158196 4755 1.6 4 3 1 3 50% 22388 78069 37207 7%
c i 16.32 119 24293 10 37 1796 1454 158205 4760 1.6 4 3 1 3 50% 22390 78069 37206 7%
c i 16.32 119 24291 10 37 1796 1454 158206 4760 1.6 4 3 1 3 50% 22390 78069 37205 7%
c
c  seconds       switched      rate          size/glue tier1   binary         remaining
c          MB      reductions     conflicts       size  tier2      irredundant
c             level     restarts        redundant   glue   trail          variables
c
c i 16.32 119 24283 10 37 1796 1454 158213 4759 1.6 4 3 1 3 50% 22392 78069 37204 7%
c i 16.32 119 24281 10 37 1796 1454 158214 4759 1.6 4 3 1 3 50% 22392 78069 37203 7%
c i 16.32 119 24260 10 37 1799 1453 158228 4767 1.6 4 3 1 3 50% 22396 78069 37202 7%
c i 16.32 119 24258 10 37 1799 1453 158249 4766 1.6 4 3 1 3 50% 22397 78069 37201 7%
c i 16.32 119 24253 10 37 1799 1452 158259 4766 1.6 4 3 1 3 50% 22399 78066 37200 7%
c i 16.33 119 24250 10 37 1799 1452 158261 4766 1.6 4 3 1 3 50% 22400 78066 37199 7%
c i 16.33 119 24246 10 37 1799 1452 158267 4766 1.6 4 3 1 3 50% 22402 78064 37198 7%
c i 16.33 119 24243 10 37 1799 1452 158269 4766 1.6 4 3 1 3 50% 22403 78064 37197 7%
c i 16.33 119 24239 10 37 1799 1451 158275 4766 1.6 4 3 1 3 50% 22405 78062 37196 7%
c i 16.33 119 24236 10 37 1799 1451 158277 4766 1.6 4 3 1 3 50% 22406 78062 37195 7%
c i 16.33 119 24232 10 37 1799 1451 158282 4766 1.6 4 3 1 3 50% 22408 78060 37194 7%
c i 16.33 119 24229 10 37 1799 1451 158284 4766 1.6 4 3 1 3 50% 22409 78060 37193 7%
c i 16.33 119 24225 10 37 1799 1450 158291 4766 1.6 4 3 1 3 50% 22411 78058 37192 7%
c i 16.33 119 24222 10 37 1799 1450 158293 4766 1.6 4 3 1 3 50% 22412 78058 37191 7%
c i 16.33 119 24218 10 37 1799 1450 158298 4766 1.6 4 3 1 3 50% 22414 78056 37190 7%
c i 16.33 119 24213 10 37 1799 1449 158301 4766 1.6 4 3 1 3 50% 22415 78056 37188 7%
c i 16.33 119 24210 10 37 1799 1449 158303 4766 1.6 4 3 1 3 50% 22416 78056 37187 7%
c i 16.33 119 24206 10 37 1799 1449 158316 4766 1.6 4 3 1 3 50% 22418 78054 37186 7%
c i 16.33 119 24203 10 37 1799 1449 158318 4766 1.6 4 3 1 3 50% 22419 78054 37185 7%
c i 16.33 119 24198 10 37 1799 1448 158325 4766 1.6 4 3 1 3 50% 22421 78052 37183 7%
c
c  seconds       switched      rate          size/glue tier1   binary         remaining
c          MB      reductions     conflicts       size  tier2      irredundant
c             level     restarts        redundant   glue   trail          variables
c
c i 16.33 119 24193 10 37 1799 1448 158330 4766 1.6 4 3 1 3 50% 22423 78050 37182 7%
c i 16.33 119 24190 10 37 1799 1448 158332 4766 1.6 4 3 1 3 50% 22424 78050 37181 7%
c i 16.33 119 24186 10 37 1799 1447 158338 4766 1.6 4 3 1 3 50% 22426 78048 37180 7%
c i 16.33 119 24183 10 37 1799 1447 158340 4766 1.6 4 3 1 3 50% 22427 78048 37179 7%
c i 16.33 119 24179 10 37 1799 1447 158345 4766 1.6 4 3 1 3 50% 22429 78046 37178 7%
c i 16.33 119 24176 10 37 1799 1447 158347 4766 1.6 4 3 1 3 50% 22430 78046 37177 7%
c i 16.33 119 24172 10 37 1799 1446 158350 4766 1.6 4 3 1 3 50% 22431 78046 37175 7%
c i 16.33 119 24169 10 37 1799 1446 158352 4766 1.6 4 3 1 3 50% 22432 78046 37174 7%
c i 16.33 119 24165 10 37 1799 1446 158355 4766 1.6 4 3 1 3 50% 22433 78046 37172 7%
c i 16.33 119 24162 10 37 1799 1446 158358 4766 1.6 4 3 1 3 50% 22434 78046 37171 7%
c i 16.33 119 24159 10 37 1799 1445 158360 4766 1.6 4 3 1 3 50% 22435 78046 37170 7%
c i 16.33 119 24155 10 37 1799 1445 158365 4766 1.6 4 3 1 3 50% 22436 78046 37169 7%
c i 16.33 119 24151 10 37 1799 1445 158368 4766 1.6 4 3 1 3 50% 22437 78046 37167 7%
c i 16.33 119 24146 10 37 1799 1445 158371 4766 1.6 4 3 1 3 50% 22438 78046 37165 7%
c i 16.33 119 24141 10 37 1799 1444 158379 4766 1.6 4 3 1 3 50% 22441 78044 37164 7%
c i 16.33 119 24136 10 37 1799 1444 158382 4766 1.6 4 3 1 3 50% 22442 78044 37162 7%
c i 16.33 119 24134 10 37 1799 1444 158384 4766 1.6 4 3 1 3 50% 22443 78044 37161 7%
c i 16.33 119 24128 10 37 1799 1443 158409 4766 1.6 4 3 1 3 50% 22447 78040 37160 7%
c i 16.33 119 24125 10 37 1799 1443 158413 4766 1.6 4 3 1 3 50% 22449 78038 37159 7%
c i 16.33 119 24122 10 37 1799 1443 158415 4766 1.6 4 3 1 3 50% 22450 78038 37158 7%
c
c  seconds       switched      rate          size/glue tier1   binary         remaining
c          MB      reductions     conflicts       size  tier2      irredundant
c             level     restarts        redundant   glue   trail          variables
c
c i 16.33 119 24118 10 37 1799 1442 158421 4766 1.6 4 3 1 3 50% 22452 78036 37157 7%
c i 16.33 119 24115 10 37 1799 1442 158423 4766 1.6 4 3 1 3 50% 22453 78036 37156 7%
c i 16.33 119 24111 10 37 1799 1442 158428 4766 1.6 4 3 1 3 50% 22455 78034 37155 7%
c i 16.33 119 24108 10 37 1799 1442 158430 4766 1.6 4 3 1 3 50% 22456 78034 37154 7%
c i 16.33 119 24104 10 37 1799 1441 158433 4766 1.6 4 3 1 3 50% 22457 78034 37152 7%
c i 16.33 119 24101 10 37 1799 1441 158435 4766 1.6 4 3 1 3 50% 22458 78034 37151 7%
c i 16.33 119 24097 10 37 1799 1441 158438 4766 1.6 4 3 1 3 50% 22459 78034 37149 7%
c i 16.33 119 24093 10 37 1799 1441 158441 4766 1.6 4 3 1 3 50% 22460 78034 37147 7%
c i 16.33 119 24090 10 37 1799 1440 158444 4766 1.6 4 3 1 3 50% 22461 78034 37146 7%
c i 16.33 119 24087 10 37 1799 1440 158446 4766 1.6 4 3 1 3 50% 22462 78034 37145 7%
c i 16.33 119 24023 10 37 1802 1439 158519 4813 1.6 4 3 1 3 50% 22471 78030 37143 7%
c i 16.34 119 24011 10 37 1805 1439 158536 4817 1.6 4 3 1 3 49% 22474 78028 37142 7%
c i 16.34 119 23990 10 37 1811 1438 158560 4823 1.6 4 3 1 3 49% 22479 78027 37141 7%
c i 16.34 119 23981 10 37 1813 1437 158591 4825 1.6 4 3 1 3 49% 22481 78025 37140 7%
c i 16.34 119 23961 10 37 1819 1436 158614 4831 1.6 4 3 1 3 49% 22483 78023 37139 7%
c i 16.34 119 23955 10 37 1820 1436 158626 4832 1.6 4 3 1 3 49% 22485 78023 37138 7%
c i 16.34 119 23899 10 37 1828 1434 158669 4848 1.6 4 3 1 3 49% 22498 78019 37137 7%
c i 16.34 119 23886 10 37 1829 1433 158682 4848 1.6 4 3 1 3 49% 22499 78018 37136 7%
c i 16.34 119 23881 10 37 1830 1433 158685 4849 1.6 4 3 1 3 49% 22500 78018 37135 7%
c i 16.34 119 23876 10 37 1831 1432 158689 4850 1.6 4 3 1 3 49% 22502 78017 37134 7%
c
c  seconds       switched      rate          size/glue tier1   binary         remaining
c          MB      reductions     conflicts       size  tier2      irredundant
c             level     restarts        redundant   glue   trail          variables
c
c i 16.34 119 23874 10 37 1832 1432 158691 4850 1.6 4 3 1 3 49% 22503 78016 37133 7%
c i 16.34 119 23873 10 37 1832 1432 158693 4850 1.6 4 3 1 3 49% 22504 78015 37132 7%
c i 16.34 119 23868 10 37 1832 1432 158696 4850 1.6 4 3 1 3 49% 22506 78015 37131 7%
c i 16.34 119 23865 10 37 1832 1432 158698 4850 1.6 4 3 1 3 49% 22507 78015 37130 7%
c i 16.34 119 23860 10 37 1832 1432 158701 4851 1.6 4 3 1 3 49% 22508 78015 37129 7%
c i 16.34 119 23858 10 37 1832 1432 158702 4851 1.6 4 3 1 3 49% 22508 78015 37128 7%
c i 16.34 119 23855 10 37 1832 1432 158704 4851 1.6 4 3 1 3 49% 22509 78015 37127 7%
c i 16.34 119 23851 10 37 1832 1432 158707 4852 1.6 4 3 1 3 49% 22510 78015 37126 7%
c i 16.34 119 23848 10 37 1832 1432 158709 4852 1.6 4 3 1 3 49% 22511 78015 37125 7%
c i 16.34 119 23846 10 37 1832 1431 158710 4852 1.6 4 3 1 3 49% 22511 78015 37124 7%
c i 16.34 119 23844 10 37 1832 1431 158713 4852 1.6 4 3 1 3 49% 22512 78013 37123 7%
c i 16.34 119 23838 10 37 1832 1431 158717 4853 1.6 4 3 1 3 49% 22514 78013 37122 7%
c i 16.34 119 23833 10 37 1833 1431 158720 4855 1.6 4 3 1 3 49% 22514 78013 37121 7%
c i 16.34 119 23812 10 37 1833 1429 158732 4857 1.6 4 3 1 3 49% 22519 78013 37120 7%
c i 16.34 119 23809 10 37 1833 1429 158735 4857 1.6 4 3 1 3 49% 22520 78013 37119 7%
c i 16.34 119 23806 10 37 1833 1429 158737 4857 1.6 4 3 1 3 49% 22521 78013 37118 7%
c i 16.34 119 23802 10 37 1833 1429 158739 4857 1.6 4 3 1 3 49% 22522 78013 37117 7%
c i 16.34 119 23799 10 37 1833 1429 158741 4857 1.6 4 3 1 3 49% 22523 78013 37116 7%
c i 16.34 119 23796 10 37 1833 1429 158743 4857 1.6 4 3 1 3 49% 22524 78013 37115 7%
c i 16.34 119 23792 10 37 1833 1428 158745 4857 1.6 4 3 1 3 49% 22525 78013 37114 7%
c
c  seconds       switched      rate          size/glue tier1   binary         remaining
c          MB      reductions     conflicts       size  tier2      irredundant
c             level     restarts        redundant   glue   trail          variables
c
c i 16.34 119 23791 10 37 1833 1428 158746 4857 1.6 4 3 1 3 49% 22525 78013 37113 7%
c i 16.34 119 23784 10 37 1833 1428 158751 4858 1.6 4 3 1 3 49% 22526 78013 37112 7%
c i 16.34 119 23781 10 37 1833 1428 158753 4858 1.6 4 3 1 3 49% 22527 78013 37111 7%
c i 16.34 119 23779 10 37 1833 1428 158754 4858 1.6 4 3 1 3 49% 22527 78013 37110 7%
c i 16.34 119 23778 10 37 1833 1428 158756 4858 1.6 4 3 1 3 49% 22527 78013 37109 7%
c i 16.34 119 23774 10 37 1833 1427 158758 4858 1.6 4 3 1 3 49% 22528 78013 37108 7%
c i 16.34 119 23769 10 37 1833 1427 158763 4858 1.6 4 3 1 3 49% 22530 78011 37107 7%
c i 16.34 119 23765 10 37 1833 1427 158766 4859 1.6 4 3 1 3 49% 22531 78011 37106 7%
c i 16.34 119 23762 10 37 1833 1427 158768 4859 1.6 4 3 1 3 49% 22532 78011 37105 7%
c i 16.34 119 23754 10 37 1834 1427 158774 4862 1.6 4 3 1 3 49% 22533 78011 37104 7%
c i 16.34 119 23741 10 37 1837 1426 158788 4865 1.6 4 3 1 3 49% 22536 78011 37103 7%
c i 16.34 119 23722 10 37 1841 1425 158806 4871 1.6 4 3 1 3 49% 22540 78011 37102 7%
c i 16.34 119 23717 10 37 1842 1425 158811 4871 1.6 4 3 1 3 49% 22542 78009 37101 7%
c i 16.35 119 23706 10 37 1842 1425 158837 4874 1.6 4 3 1 3 49% 22545 78008 37100 7%
c i 16.35 119 23700 10 37 1842 1425 158842 4876 1.6 4 3 1 3 49% 22546 78007 37099 7%
c i 16.35 119 23682 10 37 1844 1424 158855 4884 1.6 4 3 1 3 49% 22547 78007 37098 7%
c i 16.35 119 23680 10 37 1844 1424 158856 4884 1.6 4 3 1 3 49% 22547 78007 37097 7%
c i 16.35 119 23677 10 37 1845 1424 158858 4884 1.6 4 3 1 3 49% 22548 78007 37096 7%
c i 16.35 119 23671 10 37 1845 1423 158862 4885 1.6 4 3 1 3 49% 22550 78007 37095 7%
c i 16.35 119 23668 10 37 1845 1423 158864 4885 1.6 4 3 1 3 49% 22551 78007 37094 7%
c
c  seconds       switched      rate          size/glue tier1   binary         remaining
c          MB      reductions     conflicts       size  tier2      irredundant
c             level     restarts        redundant   glue   trail          variables
c
c i 16.35 119 23666 10 37 1845 1423 158867 4885 1.6 4 3 1 3 49% 22552 78005 37093 7%
c i 16.35 119 23663 10 37 1845 1423 158869 4885 1.6 4 3 1 3 49% 22553 78005 37092 7%
c i 16.35 119 23658 10 37 1845 1423 158874 4884 1.6 4 3 1 3 49% 22555 78003 37090 7%
c i 16.35 119 23642 10 37 1846 1423 158886 4889 1.6 4 3 1 3 49% 22559 78003 37089 7%
c i 16.35 119 23635 10 37 1846 1422 158893 4889 1.6 4 3 1 3 49% 22562 78000 37088 7%
c i 16.35 119 23634 10 37 1846 1422 158894 4889 1.6 4 3 1 3 49% 22562 78000 37087 7%
c i 16.35 119 23627 10 37 1847 1422 158902 4890 1.6 4 3 1 3 49% 22562 78000 37086 7%
c i 16.35 119 23611 10 37 1850 1421 158916 4895 1.6 4 3 1 3 49% 22565 78000 37085 7%
c i 16.35 119 23605 10 37 1852 1421 158923 4895 1.6 4 3 1 3 49% 22568 77998 37084 7%
c i 16.35 119 23600 10 37 1853 1421 158926 4895 1.6 4 3 1 3 49% 22570 77998 37083 7%
c i 16.35 119 23593 10 37 1855 1420 158931 4897 1.6 4 3 1 3 49% 22571 77997 37082 7%
c i 16.35 119 23580 10 37 1857 1420 158942 4899 1.6 4 3 1 3 49% 22574 77997 37081 7%
c i 16.35 119 23574 10 37 1857 1419 158948 4899 1.6 4 3 1 3 49% 22575 77997 37080 7%
c i 16.35 119 23572 10 37 1857 1419 158949 4899 1.6 4 3 1 3 49% 22575 77997 37079 7%
c i 16.35 119 23568 10 37 1857 1419 158952 4899 1.6 4 3 1 3 49% 22576 77997 37077 7%
c i 16.35 119 23562 10 37 1857 1419 158956 4899 1.6 4 3 1 3 49% 22577 77997 37075 7%
c i 16.35 119 23556 10 37 1857 1418 158960 4899 1.6 4 3 1 3 49% 22578 77997 37073 7%
c i 16.35 119 23550 10 37 1857 1418 158964 4900 1.6 4 3 1 3 49% 22579 77997 37072 7%
c i 16.35 119 23528 10 37 1857 1416 158981 4906 1.6 4 3 1 3 49% 22581 77997 37070 7%
c i 16.35 119 23520 10 37 1857 1416 158988 4905 1.6 4 3 1 3 49% 22583 77997 37068 7%
c
c  seconds       switched      rate          size/glue tier1   binary         remaining
c          MB      reductions     conflicts       size  tier2      irredundant
c             level     restarts        redundant   glue   trail          variables
c
c i 16.35 119 23513 10 37 1857 1415 158993 4906 1.6 4 3 1 3 49% 22584 77997 37066 7%
c i 16.35 119 23507 10 37 1857 1415 158997 4906 1.6 4 3 1 3 49% 22585 77997 37064 7%
c i 16.35 119 23501 10 37 1857 1415 159001 4906 1.6 4 3 1 3 49% 22586 77997 37062 7%
c i 16.35 119 23495 10 37 1857 1414 159005 4907 1.6 4 3 1 3 49% 22587 77997 37061 7%
c i 16.35 119 23474 10 37 1858 1413 159020 4909 1.6 4 3 1 3 48% 22587 77997 37060 7%
c i 16.35 119 23460 10 37 1859 1412 159031 4909 1.6 4 3 1 3 48% 22594 77995 37057 7%
c i 16.35 119 23443 10 37 1861 1411 159043 4917 1.6 4 3 1 3 48% 22596 77995 37056 7%
c i 16.35 119 23424 10 37 1865 1411 159065 4925 1.6 4 3 1 3 48% 22599 77994 37055 7%
c i 16.35 119 23413 10 37 1867 1410 159074 4927 1.6 4 3 1 3 48% 22601 77994 37054 7%
c i 16.35 119 23408 10 37 1867 1410 159077 4927 1.6 4 3 1 3 48% 22602 77994 37052 7%
c i 16.35 119 23405 10 37 1868 1410 159079 4927 1.6 4 3 1 3 48% 22603 77994 37051 7%
c i 16.35 119 23398 10 37 1869 1409 159084 4930 1.6 4 3 1 3 48% 22604 77994 37050 7%
c i 16.35 119 23395 10 37 1870 1409 159086 4930 1.6 4 3 1 3 48% 22605 77994 37049 7%
c i 16.35 119 23390 10 37 1870 1409 159089 4930 1.6 4 3 1 3 48% 22606 77994 37047 7%
c i 16.35 119 23388 10 37 1871 1409 159091 4930 1.6 4 3 1 3 48% 22607 77994 37046 7%
c i 16.35 119 23383 10 37 1871 1409 159094 4930 1.6 4 3 1 3 48% 22608 77994 37044 7%
c i 16.35 119 23380 10 37 1872 1409 159096 4930 1.6 4 3 1 3 48% 22609 77994 37043 7%
c i 16.35 119 23376 10 37 1872 1408 159099 4930 1.6 4 3 1 3 48% 22610 77994 37041 7%
c i 16.35 119 23373 10 37 1873 1408 159101 4930 1.6 4 3 1 3 48% 22611 77994 37040 7%
c i 16.35 119 23368 10 37 1873 1408 159104 4930 1.6 4 3 1 3 48% 22612 77994 37038 7%
c
c  seconds       switched      rate          size/glue tier1   binary         remaining
c          MB      reductions     conflicts       size  tier2      irredundant
c             level     restarts        redundant   glue   trail          variables
c
c i 16.36 119 23365 10 37 1874 1408 159106 4930 1.6 4 3 1 3 48% 22613 77994 37037 7%
c i 16.36 119 23360 10 37 1874 1408 159110 4932 1.6 4 3 1 3 48% 22613 77994 37036 7%
c i 16.36 119 23355 10 37 1875 1408 159113 4932 1.6 4 3 1 3 48% 22614 77994 37034 7%
c i 16.36 119 23352 10 37 1876 1408 159115 4932 1.6 4 3 1 3 48% 22615 77994 37033 7%
c i 16.36 119 23348 10 37 1876 1407 159118 4932 1.6 4 3 1 3 48% 22616 77994 37031 7%
c i 16.36 119 23345 10 37 1877 1407 159120 4932 1.6 4 3 1 3 48% 22617 77994 37030 7%
c i 16.36 119 23341 10 37 1877 1407 159123 4932 1.6 4 3 1 3 48% 22618 77994 37028 7%
c i 16.36 119 23338 10 37 1878 1407 159125 4932 1.6 4 3 1 3 48% 22619 77994 37027 7%
c i 16.36 119 23332 10 37 1878 1406 159129 4933 1.6 4 3 1 3 48% 22619 77994 37026 7%
c i 16.36 119 23329 10 37 1879 1406 159131 4933 1.6 4 3 1 3 48% 22620 77994 37025 7%
c i 16.36 119 23326 10 37 1879 1406 159133 4934 1.6 5 3 1 3 48% 22620 77994 37024 7%
c i 16.36 119 23323 10 37 1880 1406 159135 4935 1.6 5 3 1 3 48% 22620 77994 37023 7%
c i 16.36 119 23319 10 37 1880 1406 159139 4936 1.6 5 3 1 3 48% 22620 77994 37022 7%
c i 16.36 119 23316 10 37 1881 1406 159141 4936 1.6 5 3 1 3 48% 22621 77994 37021 7%
c i 16.36 119 23311 10 37 1881 1406 159144 4936 1.6 5 3 1 3 48% 22622 77994 37019 7%
c i 16.36 119 23308 10 37 1882 1406 159146 4936 1.6 5 3 1 3 48% 22623 77994 37018 7%
c i 16.36 119 23304 10 37 1882 1405 159149 4936 1.6 5 3 1 3 48% 22624 77994 37016 7%
c i 16.36 119 23301 10 37 1883 1405 159151 4936 1.6 5 3 1 3 48% 22625 77994 37015 7%
c i 16.36 119 23297 10 37 1883 1405 159154 4936 1.6 5 3 1 3 48% 22626 77994 37013 7%
c i 16.36 119 23294 10 37 1884 1405 159156 4936 1.6 5 3 1 3 48% 22627 77994 37012 7%
c
c  seconds       switched      rate          size/glue tier1   binary         remaining
c          MB      reductions     conflicts       size  tier2      irredundant
c             level     restarts        redundant   glue   trail          variables
c
c i 16.36 119 23289 10 37 1884 1405 159159 4936 1.6 5 3 1 3 48% 22628 77994 37010 7%
c i 16.36 119 23286 10 37 1885 1405 159161 4936 1.6 5 3 1 3 48% 22629 77994 37009 7%
c i 16.36 119 23282 10 37 1885 1404 159164 4936 1.6 5 3 1 3 48% 22630 77994 37007 7%
c i 16.36 119 23279 10 37 1886 1404 159166 4936 1.6 5 3 1 3 48% 22631 77994 37006 7%
c i 16.36 119 23275 10 37 1886 1404 159169 4936 1.6 5 3 1 3 48% 22632 77994 37004 7%
c i 16.36 119 23272 10 37 1887 1404 159171 4936 1.6 5 3 1 3 48% 22633 77994 37003 7%
c i 16.36 119 23266 10 37 1887 1404 159177 4937 1.6 5 3 1 3 48% 22633 77994 37002 7%
c i 16.36 119 23263 10 37 1888 1404 159179 4937 1.6 5 3 1 3 48% 22634 77994 37001 7%
c i 16.36 119 23262 10 37 1888 1403 159180 4937 1.6 5 3 1 3 48% 22634 77994 37000 7%
c i 16.36 119 23259 10 37 1889 1403 159182 4937 1.6 5 3 1 3 48% 22635 77994 36999 7%
c i 16.36 119 23256 10 37 1889 1403 159184 4937 1.6 5 3 1 3 48% 22636 77994 36998 7%
c i 16.36 119 23253 10 37 1890 1403 159186 4937 1.6 5 3 1 3 48% 22637 77994 36997 7%
c i 16.36 119 23250 10 37 1890 1403 159188 4937 1.6 5 3 1 3 48% 22638 77994 36996 7%
c i 16.36 119 23247 10 37 1891 1403 159190 4937 1.6 5 3 1 3 48% 22639 77994 36995 7%
c i 16.36 119 23244 10 37 1891 1403 159192 4937 1.6 5 3 1 3 48% 22640 77994 36994 7%
c i 16.36 119 23241 10 37 1892 1403 159194 4937 1.6 5 3 1 3 48% 22641 77994 36993 7%
c i 16.36 119 23238 10 37 1892 1403 159196 4937 1.6 5 3 1 3 48% 22642 77994 36992 7%
c i 16.36 119 23235 10 37 1893 1403 159198 4937 1.6 5 3 1 3 48% 22643 77994 36991 7%
c i 16.36 119 23232 10 37 1893 1403 159200 4937 1.6 5 3 1 3 48% 22644 77994 36990 7%
c i 16.36 119 23230 10 37 1893 1403 159202 4937 1.6 5 3 1 3 48% 22645 77994 36989 7%
c
c  seconds       switched      rate          size/glue tier1   binary         remaining
c          MB      reductions     conflicts       size  tier2      irredundant
c             level     restarts        redundant   glue   trail          variables
c
c i 16.36 119 23227 10 37 1893 1403 159204 4937 1.6 5 3 1 3 48% 22646 77994 36988 7%
c i 16.36 119 23224 10 37 1893 1403 159206 4937 1.6 5 3 1 3 48% 22647 77994 36987 7%
c i 16.36 119 23221 10 37 1893 1403 159208 4937 1.6 5 3 1 3 48% 22648 77994 36986 7%
c i 16.36 119 23218 10 37 1893 1403 159210 4937 1.6 5 3 1 3 48% 22649 77994 36985 7%
c i 16.36 119 23215 10 37 1893 1403 159212 4937 1.6 5 3 1 3 48% 22650 77994 36984 7%
c i 16.36 119 23212 10 37 1893 1403 159214 4937 1.6 5 3 1 3 48% 22651 77994 36983 7%
c i 16.36 119 23209 10 37 1893 1403 159216 4937 1.6 5 3 1 3 48% 22652 77994 36982 7%
c i 16.36 119 23206 10 37 1893 1403 159218 4937 1.6 5 3 1 3 48% 22653 77994 36981 7%
c i 16.36 119 23203 10 37 1893 1403 159220 4937 1.6 5 3 1 3 48% 22654 77994 36980 7%
c i 16.36 119 23201 10 37 1893 1403 159222 4937 1.6 5 3 1 3 48% 22655 77994 36979 7%
c i 16.36 119 23198 10 37 1893 1402 159224 4937 1.6 5 3 1 3 48% 22656 77994 36978 7%
c i 16.36 119 23195 10 37 1893 1402 159226 4937 1.6 5 3 1 3 48% 22657 77994 36977 7%
c i 16.36 119 23192 10 37 1893 1402 159228 4937 1.6 5 3 1 3 48% 22658 77994 36976 7%
c i 16.36 119 23189 10 37 1893 1402 159230 4937 1.6 5 3 1 3 48% 22659 77994 36975 7%
c i 16.36 119 23186 10 37 1893 1402 159232 4937 1.6 5 3 1 3 48% 22660 77994 36974 7%
c i 16.37 119 23183 10 37 1893 1402 159234 4937 1.6 5 3 1 3 48% 22661 77994 36973 7%
c i 16.37 119 23180 10 37 1893 1402 159236 4937 1.6 5 3 1 3 48% 22662 77994 36972 7%
c i 16.37 119 23179 10 37 1893 1402 159237 4937 1.6 5 3 1 3 48% 22662 77994 36971 7%
c i 16.37 119 23176 10 37 1893 1402 159239 4937 1.6 5 3 1 3 48% 22663 77994 36970 7%
c i 16.37 119 23173 10 37 1893 1402 159258 4937 1.6 5 3 1 3 48% 22678 77994 36968 7%
c
c  seconds       switched      rate          size/glue tier1   binary         remaining
c          MB      reductions     conflicts       size  tier2      irredundant
c             level     restarts        redundant   glue   trail          variables
c
c i 16.37 119 23170 10 37 1893 1401 159265 4937 1.6 5 3 1 3 48% 22679 77994 36962 7%
c i 16.37 119 23167 10 37 1893 1401 159272 4938 1.6 5 3 1 3 48% 22681 77994 36960 7%
c i 16.37 119 23164 10 37 1893 1400 159279 4938 1.6 5 3 1 3 48% 22685 77994 36959 7%
c i 16.37 119 23162 10 37 1893 1400 159283 4938 1.6 5 3 1 3 48% 22687 77994 36958 7%
c i 16.37 119 23154 10 37 1893 1399 159296 4939 1.6 4 3 1 3 48% 22694 77994 36955 7%
c i 16.37 119 23152 10 37 1893 1398 159300 4939 1.6 4 3 1 3 48% 22697 77994 36954 7%
c i 16.37 119 23150 10 37 1893 1398 159302 4939 1.6 4 3 1 3 48% 22698 77994 36953 7%
c i 16.37 119 23148 10 37 1893 1398 159306 4939 1.6 4 3 1 3 48% 22701 77994 36952 7%
c i 16.37 119 23142 10 37 1893 1397 159318 4939 1.6 4 3 1 3 48% 22706 77994 36951 7%
c i 16.37 119 23140 10 37 1893 1397 159320 4939 1.6 4 3 1 3 48% 22707 77994 36950 7%
c i 16.37 119 23138 10 37 1893 1397 159323 4940 1.6 5 3 1 3 48% 22707 77994 36949 7%
c i 16.37 119 23135 10 37 1894 1397 159325 4940 1.6 5 3 1 3 48% 22708 77994 36948 7%
c i 16.37 119 23133 10 37 1894 1397 159326 4940 1.6 5 3 1 3 48% 22708 77994 36947 7%
c i 16.37 119 23127 10 37 1896 1396 159331 4940 1.6 5 3 1 3 48% 22710 77994 36946 7%
c i 16.37 119 23124 10 37 1896 1396 159333 4940 1.6 5 3 1 3 48% 22711 77994 36945 7%
c i 16.37 119 23121 10 37 1897 1396 159335 4940 1.6 5 3 1 3 48% 22712 77994 36944 7%
c i 16.37 119 23120 10 37 1897 1396 159336 4940 1.6 5 3 1 3 48% 22712 77994 36943 7%
c i 16.37 119 23118 10 37 1897 1396 159337 4940 1.6 5 3 1 3 48% 22712 77994 36942 7%
c i 16.37 119 23115 10 37 1897 1396 159339 4940 1.6 5 3 1 3 48% 22713 77994 36941 7%
c i 16.37 119 23112 10 37 1897 1396 159341 4940 1.6 5 3 1 3 48% 22714 77994 36940 7%
c
c  seconds       switched      rate          size/glue tier1   binary         remaining
c          MB      reductions     conflicts       size  tier2      irredundant
c             level     restarts        redundant   glue   trail          variables
c
c i 16.37 119 23111 10 37 1897 1396 159342 4940 1.6 5 3 1 3 48% 22714 77994 36939 7%
c i 16.37 119 23108 10 37 1897 1396 159344 4940 1.6 4 3 1 3 48% 22715 77994 36938 7%
c i 16.37 119 23105 10 37 1897 1396 159346 4940 1.6 4 3 1 3 48% 22716 77994 36937 7%
c i 16.37 119 23101 10 37 1897 1395 159348 4940 1.6 4 3 1 3 48% 22717 77994 36936 7%
c i 16.37 119 23098 10 37 1897 1395 159350 4940 1.6 4 3 1 3 48% 22718 77994 36935 7%
c i 16.37 119 23097 10 37 1897 1395 159351 4940 1.6 4 3 1 3 48% 22718 77994 36934 7%
c i 16.37 119 23095 10 37 1897 1395 159352 4940 1.6 4 3 1 3 48% 22718 77994 36933 7%
c i 16.37 119 23092 10 37 1897 1395 159354 4940 1.6 4 3 1 3 48% 22719 77994 36932 7%
c i 16.37 119 23091 10 37 1897 1395 159355 4940 1.6 4 3 1 3 48% 22719 77994 36931 7%
c i 16.37 119 23086 10 37 1897 1395 159358 4940 1.6 4 3 1 3 48% 22720 77994 36930 7%
c i 16.37 119 23085 10 37 1897 1395 159359 4940 1.6 4 3 1 3 48% 22720 77994 36929 7%
c i 16.37 119 23082 10 37 1897 1395 159361 4940 1.6 4 3 1 3 48% 22721 77994 36928 7%
c i 16.37 119 23080 10 37 1897 1394 159362 4940 1.6 4 3 1 3 48% 22721 77994 36927 7%
c i 16.37 119 23073 10 37 1898 1394 159367 4941 1.6 5 3 1 3 48% 22722 77994 36925 7%
c i 16.37 119 23068 10 37 1899 1394 159370 4941 1.6 5 3 1 3 48% 22723 77994 36923 7%
c i 16.37 119 23064 10 37 1900 1394 159373 4941 1.6 4 3 1 3 48% 22724 77994 36921 7%
c i 16.37 119 23059 10 37 1900 1394 159376 4941 1.6 4 3 1 3 48% 22725 77994 36919 7%
c i 16.37 119 23055 10 37 1900 1393 159379 4941 1.6 4 3 1 3 48% 22726 77994 36917 7%
c i 16.37 119 23050 10 37 1900 1393 159382 4941 1.6 4 3 1 3 48% 22727 77994 36915 7%
c i 16.37 119 23045 10 37 1900 1393 159385 4941 1.6 4 3 1 3 48% 22728 77994 36913 7%
c
c  seconds       switched      rate          size/glue tier1   binary         remaining
c          MB      reductions     conflicts       size  tier2      irredundant
c             level     restarts        redundant   glue   trail          variables
c
c i 16.37 119 23041 10 37 1900 1392 159388 4941 1.6 4 3 1 3 48% 22729 77994 36911 7%
c i 16.37 119 23036 10 37 1900 1392 159391 4941 1.6 4 3 1 3 48% 22730 77994 36909 7%
c i 16.37 119 23031 10 37 1900 1392 159394 4941 1.6 4 3 1 3 48% 22731 77994 36907 7%
c i 16.37 119 23027 10 37 1900 1392 159397 4941 1.6 4 3 1 3 48% 22732 77994 36905 7%
c i 16.37 119 23022 10 37 1900 1391 159400 4941 1.6 4 3 1 3 48% 22733 77994 36903 7%
c i 16.37 119 23017 10 37 1900 1391 159403 4941 1.6 4 3 1 3 48% 22734 77994 36901 7%
c i 16.37 119 23013 10 37 1900 1391 159406 4941 1.6 4 3 1 3 48% 22735 77994 36899 7%
c i 16.37 119 23008 10 37 1900 1390 159409 4941 1.6 4 3 1 3 48% 22736 77994 36897 7%
c i 16.37 119 23003 10 37 1900 1390 159412 4941 1.6 4 3 1 3 48% 22737 77994 36895 7%
c i 16.37 119 22999 10 37 1900 1390 159415 4941 1.6 4 3 1 3 48% 22738 77994 36893 7%
c i 16.37 119 22994 10 37 1900 1390 159418 4941 1.6 4 3 1 3 48% 22739 77994 36891 7%
c i 16.37 119 22990 10 37 1900 1389 159421 4941 1.6 4 3 1 3 48% 22740 77994 36889 7%
c i 16.37 119 22985 10 37 1900 1389 159424 4941 1.6 4 3 1 3 48% 22741 77994 36887 7%
c i 16.37 119 22980 10 37 1900 1389 159427 4941 1.6 4 3 1 3 48% 22742 77994 36885 7%
c i 16.37 119 22976 10 37 1900 1388 159430 4941 1.6 4 3 1 3 48% 22743 77994 36883 7%
c i 16.37 119 22971 10 37 1900 1388 159433 4941 1.6 4 3 1 3 48% 22744 77994 36881 7%
c i 16.37 119 22966 10 37 1900 1388 159436 4941 1.6 4 3 1 3 48% 22745 77994 36879 7%
c i 16.37 119 22962 10 37 1900 1388 159439 4941 1.6 4 3 1 3 48% 22746 77994 36877 7%
c i 16.37 119 22957 10 37 1900 1387 159442 4941 1.6 4 3 1 3 48% 22747 77994 36875 7%
c i 16.37 119 22953 10 37 1900 1387 159445 4941 1.6 4 3 1 3 48% 22748 77994 36873 7%
c
c  seconds       switched      rate          size/glue tier1   binary         remaining
c          MB      reductions     conflicts       size  tier2      irredundant
c             level     restarts        redundant   glue   trail          variables
c
c i 16.37 119 22948 10 37 1900 1387 159448 4941 1.6 4 3 1 3 48% 22749 77994 36871 7%
c i 16.37 119 22943 10 37 1900 1387 159451 4941 1.6 4 3 1 3 48% 22750 77994 36869 7%
c i 16.37 119 22939 10 37 1900 1386 159454 4941 1.6 4 3 1 3 48% 22751 77994 36867 7%
c i 16.37 119 22934 10 37 1900 1386 159457 4941 1.6 4 3 1 3 48% 22752 77994 36865 7%
c i 16.37 119 22929 10 37 1900 1386 159460 4941 1.6 4 3 1 3 48% 22753 77994 36863 7%
c i 16.37 119 22925 10 37 1900 1385 159463 4941 1.6 4 3 1 3 48% 22754 77994 36861 7%
c i 16.37 119 22917 10 37 1900 1385 159470 4941 1.6 4 3 1 3 48% 22755 77994 36857 7%
c i 16.37 119 22913 10 37 1900 1385 159473 4941 1.6 4 3 1 3 48% 22756 77994 36855 7%
c i 16.37 119 22908 10 37 1900 1384 159476 4941 1.6 4 3 1 3 48% 22757 77994 36853 7%
c i 16.37 119 22903 10 37 1900 1384 159479 4941 1.6 4 3 1 3 48% 22758 77994 36851 7%
c i 16.37 119 22899 10 37 1900 1384 159482 4941 1.6 4 3 1 3 48% 22759 77994 36849 7%
c i 16.37 119 22894 10 37 1900 1383 159485 4941 1.6 4 3 1 3 48% 22760 77994 36847 7%
c i 16.37 119 22890 10 37 1900 1383 159488 4941 1.6 4 3 1 3 48% 22761 77994 36845 7%
c i 16.37 119 22886 10 37 1900 1383 159490 4941 1.6 4 3 1 3 48% 22762 77994 36844 7%
c i 16.37 119 22882 10 37 1900 1383 159493 4942 1.6 4 3 1 3 47% 22763 77994 36843 7%
c i 16.37 119 22872 10 37 1900 1382 159501 4943 1.6 4 3 1 3 47% 22766 77994 36841 7%
c i 16.37 119 22867 10 37 1900 1382 159504 4943 1.6 4 3 1 3 47% 22767 77994 36839 7%
c i 16.37 119 22863 10 37 1900 1382 159507 4943 1.6 4 3 1 3 47% 22768 77994 36837 7%
c i 16.37 119 22858 10 37 1900 1382 159510 4943 1.6 4 3 1 3 47% 22769 77994 36835 7%
c i 16.37 119 22850 10 37 1900 1381 159517 4943 1.6 4 3 1 3 47% 22770 77994 36831 7%
c
c  seconds       switched      rate          size/glue tier1   binary         remaining
c          MB      reductions     conflicts       size  tier2      irredundant
c             level     restarts        redundant   glue   trail          variables
c
c i 16.37 119 22846 10 37 1900 1381 159520 4943 1.6 4 3 1 3 47% 22771 77994 36829 7%
c i 16.37 119 22841 10 37 1900 1380 159523 4943 1.6 4 3 1 3 47% 22772 77994 36827 7%
c i 16.37 119 22837 10 37 1900 1380 159526 4943 1.6 4 3 1 3 47% 22773 77994 36825 7%
c i 16.37 119 22832 10 37 1900 1380 159529 4943 1.6 4 3 1 3 47% 22774 77994 36823 7%
c i 16.37 119 22828 10 37 1900 1380 159532 4943 1.6 4 3 1 3 47% 22775 77994 36821 7%
c i 16.37 119 22823 10 37 1900 1379 159535 4943 1.6 4 3 1 3 47% 22776 77994 36819 7%
c i 16.37 119 22819 10 37 1900 1379 159538 4943 1.6 4 3 1 3 47% 22777 77994 36817 7%
c i 16.37 119 22814 10 37 1900 1379 159541 4943 1.6 4 3 1 3 47% 22778 77994 36815 7%
c i 16.37 119 22809 10 37 1900 1379 159544 4943 1.6 4 3 1 3 47% 22779 77994 36813 7%
c i 16.37 119 22805 10 37 1900 1378 159547 4943 1.6 4 3 1 3 47% 22780 77994 36811 7%
c i 16.37 119 22800 10 37 1900 1378 159550 4943 1.6 4 3 1 3 47% 22781 77994 36809 7%
c i 16.37 119 22796 10 37 1900 1378 159553 4943 1.6 4 3 1 3 47% 22782 77994 36807 7%
c i 16.37 119 22791 10 37 1900 1377 159556 4943 1.6 4 3 1 3 47% 22783 77994 36805 7%
c i 16.37 119 22787 10 37 1900 1377 159559 4943 1.6 4 3 1 3 47% 22784 77994 36803 7%
c i 16.37 119 22782 10 37 1900 1377 159562 4943 1.6 4 3 1 3 47% 22785 77994 36801 7%
c i 16.37 119 22778 10 37 1900 1377 159565 4943 1.6 4 3 1 3 47% 22786 77994 36799 7%
c i 16.37 119 22773 10 37 1900 1376 159568 4943 1.6 4 3 1 3 47% 22787 77994 36797 7%
c i 16.37 119 22769 10 37 1900 1376 159571 4943 1.6 4 3 1 3 47% 22788 77994 36795 7%
c i 16.37 119 22764 10 37 1900 1376 159574 4943 1.6 4 3 1 3 47% 22789 77994 36793 7%
c i 16.37 119 22760 10 37 1900 1375 159577 4943 1.6 4 3 1 3 47% 22790 77994 36791 7%
c
c  seconds       switched      rate          size/glue tier1   binary         remaining
c          MB      reductions     conflicts       size  tier2      irredundant
c             level     restarts        redundant   glue   trail          variables
c
c i 16.37 119 22755 10 37 1900 1375 159580 4943 1.6 4 3 1 3 47% 22791 77994 36789 7%
c i 16.37 119 22750 10 37 1900 1375 159583 4943 1.6 4 3 1 3 47% 22792 77994 36787 7%
c i 16.37 119 22746 10 37 1900 1375 159586 4943 1.6 4 3 1 3 47% 22793 77994 36785 7%
c i 16.37 119 22741 10 37 1900 1374 159589 4943 1.6 4 3 1 3 47% 22794 77994 36783 7%
c i 16.37 119 22737 10 37 1900 1374 159592 4943 1.6 4 3 1 3 47% 22795 77994 36781 7%
c i 16.37 119 22732 10 37 1900 1374 159595 4943 1.6 4 3 1 3 47% 22796 77994 36779 7%
c i 16.37 119 22728 10 37 1900 1374 159598 4943 1.6 4 3 1 3 47% 22797 77994 36777 7%
c i 16.37 119 22723 10 37 1900 1373 159601 4943 1.6 4 3 1 3 47% 22798 77994 36775 7%
c i 16.37 119 22719 10 37 1900 1373 159604 4943 1.6 4 3 1 3 47% 22799 77994 36773 7%
c i 16.37 119 22714 10 37 1900 1373 159607 4943 1.6 4 3 1 3 47% 22800 77994 36771 7%
c i 16.37 119 22710 10 37 1900 1372 159610 4943 1.6 4 3 1 3 47% 22801 77994 36769 7%
c i 16.38 119 22701 10 37 1900 1372 159616 4943 1.6 4 3 1 3 47% 22802 77994 36765 7%
c i 16.38 119 22693 10 37 1900 1372 159622 4944 1.6 4 3 1 3 47% 22804 77994 36764 7%
c i 16.38 119 22692 10 37 1900 1371 159623 4944 1.6 4 3 1 3 47% 22804 77994 36763 7%
c i 16.38 119 22687 10 37 1900 1371 159626 4944 1.6 4 3 1 3 47% 22805 77994 36761 7%
c i 16.38 119 22683 10 37 1900 1371 159629 4944 1.6 4 3 1 3 47% 22806 77994 36759 7%
c i 16.38 119 22679 10 37 1900 1371 159632 4944 1.6 4 3 1 3 47% 22807 77994 36757 7%
c i 16.38 119 22673 10 37 1900 1370 159636 4944 1.6 4 3 1 3 47% 22808 77994 36754 7%
c i 16.38 119 22668 10 37 1900 1370 159639 4944 1.6 4 3 1 3 47% 22809 77994 36752 7%
c i 16.38 119 22664 10 37 1900 1370 159642 4944 1.6 4 3 1 3 47% 22810 77994 36750 7%
c
c  seconds       switched      rate          size/glue tier1   binary         remaining
c          MB      reductions     conflicts       size  tier2      irredundant
c             level     restarts        redundant   glue   trail          variables
c
c i 16.38 119 22659 10 37 1900 1369 159645 4944 1.6 4 3 1 3 47% 22811 77994 36748 7%
c i 16.38 119 22655 10 37 1900 1369 159648 4944 1.6 4 3 1 3 47% 22812 77994 36746 7%
c i 16.38 119 22650 10 37 1900 1369 159651 4944 1.6 4 3 1 3 47% 22813 77994 36744 7%
c i 16.38 119 22646 10 37 1900 1369 159654 4944 1.6 4 3 1 3 47% 22814 77994 36742 7%
c i 16.38 119 22641 10 37 1900 1368 159657 4944 1.6 4 3 1 3 47% 22815 77994 36740 7%
c i 16.38 119 22635 10 37 1900 1368 159661 4944 1.6 4 3 1 3 47% 22816 77994 36737 7%
c i 16.38 119 22631 10 37 1900 1368 159664 4944 1.6 4 3 1 3 47% 22817 77994 36735 7%
c i 16.38 119 22626 10 37 1900 1367 159667 4944 1.6 4 3 1 3 47% 22818 77994 36733 7%
c i 16.38 119 22622 10 37 1900 1367 159670 4944 1.6 4 3 1 3 47% 22819 77994 36731 7%
c i 16.38 119 22618 10 37 1900 1367 159673 4944 1.6 4 3 1 3 47% 22820 77994 36729 7%
c i 16.38 119 22613 10 37 1900 1367 159676 4944 1.6 4 3 1 3 47% 22821 77994 36727 7%
c i 16.38 119 22609 10 37 1900 1366 159679 4944 1.6 4 3 1 3 47% 22822 77994 36725 7%
c i 16.38 119 22604 10 37 1900 1366 159682 4944 1.6 4 3 1 3 47% 22823 77994 36723 7%
c i 16.38 119 22600 10 37 1900 1366 159685 4944 1.6 4 3 1 3 47% 22824 77994 36721 7%
c i 16.38 119 22595 10 37 1900 1365 159688 4944 1.6 4 3 1 3 47% 22825 77994 36719 7%
c i 16.38 119 22591 10 37 1900 1365 159691 4944 1.6 4 3 1 3 47% 22826 77994 36717 7%
c i 16.38 119 22583 10 37 1900 1365 159696 4944 1.6 4 3 1 3 47% 22827 77994 36713 7%
c i 16.38 119 22579 10 37 1900 1364 159699 4944 1.6 4 3 1 3 47% 22828 77994 36711 7%
c i 16.38 119 22575 10 37 1900 1364 159702 4944 1.6 4 3 1 3 47% 22829 77994 36709 7%
c i 16.38 119 22570 10 37 1900 1364 159705 4944 1.6 4 3 1 3 47% 22830 77994 36707 7%
c
c  seconds       switched      rate          size/glue tier1   binary         remaining
c          MB      reductions     conflicts       size  tier2      irredundant
c             level     restarts        redundant   glue   trail          variables
c
c i 16.38 119 22566 10 37 1900 1364 159708 4944 1.6 4 3 1 3 47% 22831 77994 36705 7%
c i 16.38 119 22561 10 37 1900 1363 159711 4944 1.6 4 3 1 3 47% 22832 77994 36703 7%
c i 16.38 119 22557 10 37 1900 1363 159714 4944 1.6 4 3 1 3 47% 22833 77994 36701 7%
c i 16.38 119 22551 10 37 1900 1363 159718 4944 1.6 4 3 1 3 47% 22834 77994 36698 7%
c i 16.38 119 22536 10 37 1900 1362 159729 4945 1.6 4 3 1 3 47% 22835 77994 36691 7%
c i 16.38 119 22523 10 37 1900 1361 159739 4946 1.6 4 3 1 3 47% 22838 77994 36690 7%
c i 16.38 119 22518 10 37 1900 1361 159742 4947 1.6 4 3 1 3 47% 22838 77994 36689 7%
c i 16.38 119 22514 10 37 1900 1361 159745 4947 1.6 4 3 1 3 47% 22839 77994 36687 7%
c i 16.38 119 22510 10 37 1900 1360 159748 4947 1.6 4 3 1 3 47% 22840 77994 36685 7%
c i 16.38 119 22505 10 37 1900 1360 159751 4947 1.6 4 3 1 3 47% 22841 77994 36683 7%
c i 16.38 119 22501 10 37 1900 1360 159754 4947 1.6 4 3 1 3 47% 22842 77994 36681 7%
c i 16.38 119 22497 10 37 1900 1359 159757 4947 1.6 4 3 1 3 47% 22843 77994 36679 7%
c i 16.38 119 22492 10 37 1900 1359 159760 4947 1.6 4 3 1 3 47% 22844 77994 36677 7%
c i 16.38 119 22488 10 37 1900 1359 159763 4947 1.6 4 3 1 3 47% 22845 77994 36675 7%
c i 16.38 119 22483 10 37 1900 1359 159766 4947 1.6 4 3 1 3 47% 22846 77994 36673 7%
c i 16.38 119 22479 10 37 1900 1358 159769 4947 1.6 4 3 1 3 47% 22847 77994 36671 7%
c i 16.38 119 22472 10 37 1900 1358 159776 4947 1.6 4 3 1 3 47% 22848 77994 36667 7%
c i 16.38 119 22467 10 37 1900 1358 159779 4947 1.6 4 3 1 3 47% 22849 77994 36665 7%
c i 16.38 119 22463 10 37 1900 1357 159782 4947 1.6 4 3 1 3 47% 22850 77994 36663 7%
c i 16.38 119 22456 10 37 1900 1357 159789 4947 1.6 4 3 1 3 47% 22851 77994 36659 7%
c
c  seconds       switched      rate          size/glue tier1   binary         remaining
c          MB      reductions     conflicts       size  tier2      irredundant
c             level     restarts        redundant   glue   trail          variables
c
c i 16.38 119 22451 10 37 1900 1357 159792 4947 1.6 4 3 1 3 47% 22852 77994 36657 7%
c i 16.38 119 22447 10 37 1900 1356 159795 4947 1.6 4 3 1 3 47% 22853 77994 36655 7%
c i 16.38 119 22443 10 37 1900 1356 159798 4947 1.6 4 3 1 3 47% 22854 77994 36653 7%
c i 16.38 119 22438 10 37 1900 1356 159801 4947 1.6 4 3 1 3 47% 22855 77994 36651 7%
c i 16.38 119 22434 10 37 1900 1356 159804 4947 1.6 4 3 1 3 47% 22856 77994 36649 7%
c i 16.38 119 22430 10 37 1900 1355 159807 4947 1.6 4 3 1 3 47% 22857 77994 36647 7%
c i 16.38 119 22425 10 37 1900 1355 159810 4947 1.6 4 3 1 3 47% 22858 77994 36645 7%
c i 16.38 119 22421 10 37 1900 1355 159813 4947 1.6 4 3 1 3 47% 22859 77994 36643 7%
c i 16.38 119 22416 10 37 1900 1355 159816 4947 1.6 4 3 1 3 47% 22860 77994 36641 7%
c i 16.38 119 22409 10 37 1900 1354 159823 4947 1.6 4 3 1 3 47% 22861 77994 36637 7%
c i 16.38 119 22405 10 37 1900 1354 159826 4947 1.6 4 3 1 3 47% 22862 77994 36635 7%
c i 16.38 119 22400 10 37 1900 1354 159829 4947 1.6 4 3 1 3 47% 22863 77994 36633 7%
c i 16.38 119 22396 10 37 1900 1353 159832 4947 1.6 4 3 1 3 47% 22864 77994 36631 7%
c i 16.38 119 22392 10 37 1900 1353 159835 4947 1.6 4 3 1 3 47% 22865 77994 36629 7%
c i 16.38 119 22387 10 37 1900 1353 159838 4947 1.6 4 3 1 3 46% 22866 77994 36627 7%
c i 16.38 119 22383 10 37 1900 1352 159841 4947 1.6 4 3 1 3 46% 22867 77994 36625 7%
c i 16.38 119 22379 10 37 1900 1352 159844 4947 1.6 4 3 1 3 46% 22868 77994 36623 7%
c i 16.38 119 22374 10 37 1900 1352 159847 4947 1.6 4 3 1 3 46% 22869 77994 36621 7%
c i 16.38 119 22370 10 37 1900 1352 159855 4947 1.6 4 3 1 3 46% 22870 77994 36619 7%
c i 16.38 119 22366 10 37 1900 1351 159858 4947 1.6 4 3 1 3 46% 22871 77994 36617 7%
c
c  seconds       switched      rate          size/glue tier1   binary         remaining
c          MB      reductions     conflicts       size  tier2      irredundant
c             level     restarts        redundant   glue   trail          variables
c
c i 16.38 119 22361 10 37 1900 1351 159861 4947 1.6 4 3 1 3 46% 22872 77994 36615 7%
c i 16.38 119 22357 10 37 1900 1351 159864 4947 1.6 4 3 1 3 46% 22873 77994 36613 7%
c i 16.38 119 22353 10 37 1900 1351 159867 4947 1.6 4 3 1 3 46% 22874 77994 36611 7%
c i 16.38 119 22348 10 37 1900 1350 159870 4947 1.6 4 3 1 3 46% 22875 77994 36609 7%
c i 16.38 119 22342 10 37 1900 1350 159874 4947 1.6 4 3 1 3 46% 22876 77994 36606 7%
c i 16.38 119 22338 10 37 1900 1350 159877 4947 1.6 4 3 1 3 46% 22877 77994 36604 7%
c i 16.38 119 22334 10 37 1900 1349 159880 4947 1.6 4 3 1 3 46% 22878 77994 36602 7%
c i 16.38 119 22330 10 37 1900 1349 159883 4947 1.6 4 3 1 3 46% 22879 77994 36600 7%
c i 16.38 119 22325 10 37 1900 1349 159886 4947 1.6 4 3 1 3 46% 22880 77994 36598 7%
c i 16.38 119 22321 10 37 1900 1349 159889 4947 1.6 4 3 1 3 46% 22881 77994 36596 7%
c i 16.38 119 22317 10 37 1900 1348 159892 4947 1.6 4 3 1 3 46% 22882 77994 36594 7%
c i 16.38 119 22313 10 37 1900 1348 159895 4947 1.6 4 3 1 3 46% 22883 77994 36592 7%
c i 16.38 119 22308 10 37 1900 1348 159898 4947 1.6 4 3 1 3 46% 22884 77994 36590 7%
c i 16.38 119 22304 10 37 1900 1348 159901 4947 1.6 4 3 1 3 46% 22885 77994 36588 7%
c i 16.38 119 22300 10 37 1900 1347 159904 4947 1.6 4 3 1 3 46% 22886 77994 36586 7%
c i 16.38 119 22295 10 37 1900 1347 159907 4947 1.6 4 3 1 3 46% 22887 77994 36584 7%
c i 16.38 119 22291 10 37 1900 1347 159910 4947 1.6 4 3 1 3 46% 22888 77994 36582 7%
c i 16.38 119 22287 10 37 1900 1347 159913 4947 1.6 4 3 1 3 46% 22889 77994 36580 7%
c i 16.38 119 22283 10 37 1900 1346 159916 4947 1.6 4 3 1 3 46% 22890 77994 36578 7%
c i 16.38 119 22277 10 37 1900 1346 159920 4947 1.6 4 3 1 3 46% 22891 77994 36575 7%
c
c  seconds       switched      rate          size/glue tier1   binary         remaining
c          MB      reductions     conflicts       size  tier2      irredundant
c             level     restarts        redundant   glue   trail          variables
c
c i 16.38 119 22273 10 37 1900 1346 159923 4947 1.6 4 3 1 3 46% 22892 77994 36573 7%
c i 16.38 119 22268 10 37 1900 1345 159926 4947 1.6 4 3 1 3 46% 22893 77994 36571 7%
c i 16.38 119 22264 10 37 1900 1345 159929 4947 1.6 4 3 1 3 46% 22894 77994 36569 7%
c i 16.38 119 22260 10 37 1900 1345 159932 4947 1.6 4 3 1 3 46% 22895 77994 36567 7%
c i 16.38 119 22255 10 37 1900 1345 159935 4947 1.6 4 3 1 3 46% 22896 77994 36565 7%
c i 16.38 119 22251 10 37 1900 1344 159938 4947 1.6 4 3 1 3 46% 22897 77994 36563 7%
c i 16.38 119 22247 10 37 1900 1344 159941 4947 1.6 4 3 1 3 46% 22898 77994 36561 7%
c i 16.38 119 22243 10 37 1900 1344 159944 4947 1.6 4 3 1 3 46% 22899 77994 36559 7%
c i 16.38 119 22238 10 37 1900 1344 159947 4947 1.6 4 3 1 3 46% 22900 77994 36557 7%
c i 16.38 119 22234 10 37 1900 1343 159950 4947 1.6 4 3 1 3 46% 22901 77994 36555 7%
c i 16.38 119 22230 10 37 1900 1343 159953 4947 1.6 4 3 1 3 46% 22902 77994 36553 7%
c i 16.38 119 22225 10 37 1900 1343 159956 4947 1.6 4 3 1 3 46% 22903 77994 36551 7%
c i 16.38 119 22221 10 37 1900 1342 159959 4947 1.6 4 3 1 3 46% 22904 77994 36549 7%
c i 16.38 119 22217 10 37 1900 1342 159962 4947 1.6 4 3 1 3 46% 22905 77994 36547 7%
c i 16.38 119 22213 10 37 1900 1342 159965 4947 1.6 4 3 1 3 46% 22906 77994 36545 7%
c i 16.38 119 22208 10 37 1900 1342 159968 4947 1.6 4 3 1 3 46% 22907 77994 36543 7%
c i 16.38 119 22204 10 37 1900 1341 159971 4947 1.6 4 3 1 3 46% 22908 77994 36541 7%
c i 16.38 119 22200 10 37 1900 1341 159974 4947 1.6 4 3 1 3 46% 22909 77994 36539 7%
c i 16.38 119 22196 10 37 1900 1341 159977 4947 1.6 4 3 1 3 46% 22910 77994 36537 7%
c i 16.38 119 22190 10 37 1900 1341 159981 4947 1.6 4 3 1 3 46% 22911 77994 36534 7%
c
c  seconds       switched      rate          size/glue tier1   binary         remaining
c          MB      reductions     conflicts       size  tier2      irredundant
c             level     restarts        redundant   glue   trail          variables
c
c i 16.38 119 22186 10 37 1900 1340 159984 4947 1.6 4 3 1 3 46% 22912 77994 36532 7%
c i 16.38 119 22181 10 37 1900 1340 159987 4947 1.6 4 3 1 3 46% 22913 77994 36530 7%
c i 16.38 119 22177 10 37 1900 1340 159990 4947 1.6 4 3 1 3 46% 22914 77994 36528 7%
c i 16.38 119 22173 10 37 1900 1339 159993 4947 1.6 4 3 1 3 46% 22915 77994 36526 7%
c i 16.38 119 22169 10 37 1900 1339 159996 4947 1.6 4 3 1 3 46% 22916 77994 36524 7%
c i 16.38 119 22164 10 37 1900 1339 159999 4947 1.6 4 3 1 3 46% 22917 77994 36522 7%
c i 16.38 119 22160 10 37 1900 1339 160002 4947 1.6 4 3 1 3 46% 22918 77994 36520 7%
c i 16.38 119 22156 10 37 1900 1338 160005 4947 1.6 4 3 1 3 46% 22919 77994 36518 7%
c i 16.38 119 22152 10 37 1900 1338 160008 4947 1.6 4 3 1 3 46% 22920 77994 36516 7%
c i 16.38 119 22149 10 37 1900 1338 160010 4947 1.6 4 3 1 3 46% 22921 77994 36515 7%
c i 16.38 119 22139 10 37 1901 1338 160019 4950 1.6 4 3 1 3 46% 22925 77994 36514 7%
c i 16.40 119 22132 10 37 1906 1343 160063 4972 1.6 4 3 1 3 46% 22938 77994 36513 7%
c } 16.40 119 22119 11 37 1913 1345 160154 4990 1.6 4 3 1 3 46% 22948 77968 36513 7%
c [ 16.40 119 12314 11 37 1913 107 160154 4990 1.2 29 24 2 34 32% 22948 77968 36513 7%
c B 16.40 119 12314 11 37 1913 107 160154 4990 1.2 29 24 2 34 32% 22948 77968 36513 7%
c i 16.40 119 12303 11 37 1913 107 160220 5024 1.2 29 24 2 34 32% 22954 77968 36512 7%
c i 16.40 119 12291 11 37 1913 107 160289 5068 1.2 29 24 2 34 32% 22964 77968 36511 7%
c i 16.40 119 12284 11 37 1913 107 160330 5091 1.2 29 24 2 34 32% 22970 77968 36510 7%
c i 16.40 119 12274 11 37 1913 107 160386 5131 1.2 29 24 2 34 32% 22974 77968 36509 7%
c i 16.40 119 12274 11 37 1913 107 160389 5132 1.2 29 24 2 34 32% 22974 77968 36508 7%
c
c  seconds       switched     rate          size/glue  tier1     binary         remaining
c          MB      reductions    conflicts        size   tier2       irredundant
c             level     restarts       redundant     glue    trail          variables
c
c i 16.41 119 12270 11 37 1913 107 160411 5146 1.2 29 24 2 34 32% 22974 77968 36507 7%
c i 16.41 119 12270 11 37 1913 107 160412 5146 1.2 29 24 2 34 32% 22974 77968 36506 7%
c i 16.41 119 12269 11 37 1913 107 160420 5146 1.2 29 24 2 34 32% 22975 77966 36505 7%
c i 16.41 119 12269 11 37 1913 107 160424 5146 1.2 29 24 2 34 32% 22976 77966 36503 7%
c i 16.41 119 12268 11 37 1913 107 160428 5146 1.2 29 24 2 34 32% 22978 77965 36501 7%
c i 16.41 119 12268 11 37 1913 107 160432 5146 1.2 29 24 2 34 32% 22979 77965 36499 7%
c i 16.41 119 12267 11 37 1913 107 160437 5146 1.2 29 24 2 34 32% 22981 77964 36497 7%
c i 16.41 119 12266 11 37 1913 107 160440 5146 1.2 29 24 2 34 32% 22983 77964 36496 7%
c i 16.41 119 12265 11 37 1913 107 160447 5147 1.2 29 24 2 34 32% 22988 77964 36495 7%
c i 16.41 119 12261 11 37 1913 107 160470 5152 1.2 29 24 2 34 32% 22995 77963 36494 7%
c i 16.41 119 12260 11 37 1913 107 160479 5151 1.2 29 24 2 34 32% 22998 77963 36493 7%
c i 16.41 119 12259 11 37 1913 107 160484 5152 1.2 29 24 2 34 32% 22998 77962 36492 7%
c i 16.41 119 12250 11 37 1913 107 160541 5177 1.2 29 24 2 34 32% 23006 77961 36491 7%
c i 16.41 119 12250 11 37 1913 107 160544 5178 1.2 29 24 2 34 32% 23006 77961 36489 7%
c i 16.41 119 12246 11 37 1913 107 160567 5189 1.2 29 24 2 34 32% 23008 77961 36487 7%
c i 16.41 119 12214 11 37 1913 107 160790 5275 1.2 29 24 2 34 31% 23042 77951 36484 7%
c i 16.41 119 12213 11 37 1913 107 160792 5275 1.2 29 24 2 34 31% 23043 77951 36483 7%
c i 16.41 119 12213 11 37 1913 107 160802 5275 1.2 29 23 2 34 31% 23044 77949 36481 7%
c i 16.41 119 12213 11 37 1913 107 160804 5275 1.2 29 23 2 34 31% 23045 77949 36480 7%
c i 16.41 119 12212 11 37 1913 107 160806 5275 1.2 29 23 2 34 31% 23046 77949 36479 7%
c
c  seconds       switched     rate          size/glue  tier1     binary         remaining
c          MB      reductions    conflicts        size   tier2       irredundant
c             level     restarts       redundant     glue    trail          variables
c
c i 16.41 119 12212 11 37 1913 107 160809 5275 1.2 29 23 2 34 31% 23047 77949 36478 7%
c i 16.41 119 12211 11 37 1913 107 160811 5275 1.2 29 23 2 34 31% 23048 77949 36477 7%
c i 16.41 119 12211 11 37 1913 107 160813 5275 1.2 29 23 2 34 31% 23049 77949 36476 7%
c i 16.41 119 12211 11 37 1913 107 160815 5275 1.2 29 23 2 34 31% 23050 77949 36475 7%
c i 16.41 119 12210 11 37 1913 107 160819 5275 1.2 29 23 2 34 31% 23051 77949 36473 7%
c i 16.41 119 12209 11 37 1913 107 160823 5275 1.2 29 23 2 34 31% 23054 77949 36472 7%
c i 16.41 119 12209 11 37 1913 107 160825 5275 1.2 29 23 2 34 31% 23055 77949 36471 7%
c i 16.41 119 12209 11 37 1913 107 160829 5274 1.2 29 23 2 34 31% 23057 77949 36469 7%
c 2 16.42 119 12212 11 37 1913 107 160859 5285 1.2 29 23 2 34 31% 23072 77949 36243 7%
c s 16.43 119 12212 11 37 1913 107 160859 5285 1.2 29 23 2 34 31% 24668 52108 36243 7%
c e 16.88 121 12212 11 37 1913 107 160859 5285 1.2 29 23 2 34 31% 8949 35114 12753 3%
c 2 16.88 121 12212 11 37 1913 107 160859 5285 1.2 29 23 2 34 31% 8927 35114 12753 3%
c s 16.89 121 12212 11 37 1913 107 160859 5285 1.2 29 23 2 34 31% 11055 23594 12753 3%
c e 17.05 121 12212 11 37 1913 107 160859 5285 1.2 29 23 2 34 31% 9438 25545 9798 2%
c ^ 17.05 121 12212 11 37 1913 107 160859 5285 1.2 29 23 2 34 31% 9438 25545 9798 2%
c i 17.05 121 12212 11 37 1913 107 160922 188 1.2 29 23 2 34 31% 9438 25525 9797 2%
c i 17.05 121 12211 11 37 1913 107 160927 187 1.2 29 23 2 34 31% 9439 25525 9796 2%
c i 17.05 121 12204 11 37 1913 107 160998 211 1.2 29 23 2 34 32% 9473 25524 9795 2%
c i 17.05 121 12193 11 37 1913 107 161097 257 1.2 29 23 2 34 32% 9507 25522 9794 2%
c i 17.05 121 12193 11 37 1913 107 161100 258 1.2 29 23 2 34 32% 9508 25522 9793 2%
c
c  seconds       switched     rate         size/glue  tier1     binary       remaining
c          MB      reductions    conflicts       size   tier2      irredundant
c             level     restarts       redundant    glue    trail        variables
c
c i 17.06 121 12165 11 37 1913 107 161311 378 1.2 29 23 2 34 32% 9561 25521 9792 2%
c i 17.06 121 12153 11 37 1913 107 161397 418 1.2 29 23 2 34 32% 9597 25521 9791 2%
c i 17.06 121 12145 11 37 1914 107 161449 437 1.2 29 23 2 34 32% 9614 25517 9789 2%
c i 17.06 121 12144 11 37 1914 107 161456 439 1.2 29 23 2 34 32% 9618 25517 9788 2%
c i 17.06 121 12141 11 37 1914 107 161474 441 1.2 29 23 2 34 32% 9632 25517 9787 2%
c i 17.06 121 12139 11 37 1914 107 161490 447 1.2 29 23 2 34 32% 9638 25515 9786 2%
c i 17.06 121 12137 11 37 1914 107 161500 448 1.2 29 23 2 34 32% 9644 25515 9785 2%
c i 17.06 121 12133 11 37 1914 107 161524 454 1.2 29 23 2 34 32% 9655 25515 9784 2%
c i 17.06 121 12127 11 37 1914 107 161566 480 1.2 29 23 2 34 32% 9660 25513 9782 2%
c i 17.06 121 12120 11 37 1914 107 161612 504 1.2 29 23 2 34 32% 9669 25512 9781 2%
c i 17.06 121 12117 11 37 1914 107 161636 508 1.2 29 23 2 34 32% 9676 25506 9773 2%
c i 17.06 121 12114 11 37 1914 107 161654 515 1.2 29 23 2 34 32% 9682 25506 9771 2%
c i 17.06 121 12099 11 37 1914 106 161742 560 1.2 29 23 2 34 32% 9700 25506 9770 2%
c i 17.06 121 12062 11 37 1914 106 161962 639 1.2 29 23 2 34 31% 9751 25505 9767 2%
c i 17.06 121 12021 11 37 1914 106 162213 761 1.2 29 23 2 34 31% 9773 25504 9762 2%
c i 17.06 121 11974 11 37 1914 105 162510 889 1.2 29 23 2 34 31% 9809 25500 9760 2%
c i 17.06 121 11970 11 37 1914 105 162537 894 1.2 29 23 2 34 31% 9816 25499 9758 2%
c i 17.06 121 11969 11 37 1914 105 162542 894 1.2 29 23 2 34 31% 9819 25498 9756 2%
c i 17.06 121 11968 11 37 1914 105 162551 895 1.2 29 23 2 34 31% 9823 25498 9755 2%
c i 17.06 121 11968 11 37 1914 105 162553 895 1.2 29 23 2 34 31% 9824 25498 9754 2%
c
c  seconds       switched     rate         size/glue  tier1     binary       remaining
c          MB      reductions    conflicts       size   tier2      irredundant
c             level     restarts       redundant    glue    trail        variables
c
c i 17.06 121 11967 11 37 1914 105 162563 896 1.2 29 23 2 34 31% 9828 25494 9753 2%
c i 17.06 121 11965 11 37 1914 105 162580 898 1.2 29 23 2 34 31% 9830 25493 9751 2%
c i 17.06 121 11964 11 37 1914 105 162584 898 1.2 29 23 2 34 31% 9830 25493 9748 2%
c i 17.06 121 11963 11 37 1914 105 162589 898 1.2 29 23 2 34 31% 9831 25493 9744 2%
c i 17.06 121 11963 11 37 1914 105 162590 898 1.2 29 23 2 34 31% 9831 25493 9743 2%
c i 17.06 121 11963 11 37 1914 105 162595 895 1.2 29 23 2 34 31% 9833 25490 9742 2%
c i 17.06 121 11962 11 37 1914 105 162604 897 1.2 29 23 2 34 31% 9835 25490 9740 2%
c i 17.06 121 11961 11 37 1914 105 162606 897 1.2 29 23 2 34 31% 9835 25490 9738 2%
c i 17.06 121 11961 11 37 1914 105 162610 899 1.2 29 23 2 34 31% 9836 25488 9737 2%
c i 17.06 121 11960 11 37 1914 105 162620 900 1.2 29 23 2 34 31% 9840 25485 9736 2%
c i 17.06 121 11959 11 37 1914 105 162629 900 1.2 29 23 2 34 31% 9845 25483 9734 2%
c i 17.06 121 11958 11 37 1914 105 162636 900 1.2 29 23 2 34 31% 9846 25481 9732 2%
c i 17.06 121 11957 11 37 1914 105 162640 900 1.2 29 23 2 34 31% 9847 25481 9729 2%
c i 17.06 121 11957 11 37 1914 105 162643 900 1.2 29 23 2 34 31% 9848 25481 9727 2%
c i 17.06 121 11956 11 37 1914 105 162651 903 1.2 29 23 2 34 31% 9849 25480 9726 2%
c i 17.06 121 11955 11 37 1914 105 162656 903 1.2 29 23 2 34 31% 9852 25478 9724 2%
c i 17.06 121 11955 11 37 1914 105 162659 903 1.2 29 23 2 34 31% 9853 25478 9722 2%
c i 17.06 121 11954 11 37 1914 105 162662 903 1.2 29 23 2 34 31% 9855 25478 9721 2%
c i 17.06 121 11952 11 37 1915 105 162679 904 1.2 29 23 2 34 31% 9856 25477 9711 2%
c i 17.06 121 11945 11 37 1915 105 162727 926 1.2 29 23 2 34 31% 9859 25475 9710 2%
c
c  seconds       switched     rate         size/glue  tier1     binary       remaining
c          MB      reductions    conflicts       size   tier2      irredundant
c             level     restarts       redundant    glue    trail        variables
c
c i 17.06 121 11941 11 37 1915 105 162755 934 1.2 29 23 2 34 31% 9861 25475 9709 2%
c i 17.06 121 11936 11 37 1915 105 162788 941 1.2 29 23 2 34 31% 9864 25475 9708 2%
c i 17.06 121 11935 11 37 1915 105 162795 940 1.2 29 23 2 34 31% 9864 25475 9707 2%
c i 17.06 121 11932 11 37 1915 105 162814 949 1.2 29 23 2 34 31% 9868 25471 9706 2%
c i 17.06 121 11929 11 37 1915 105 162837 961 1.2 28 23 2 34 31% 9875 25471 9705 2%
c - 17.07 121 11886 11 38 1915 105 163115 1000 1.2 28 23 2 33 31% 9540 25114 9705 2%
c i 17.07 121 11884 11 38 1915 105 163123 1002 1.2 28 23 2 33 31% 9541 25114 9704 2%
c i 17.07 121 11884 11 38 1915 105 163142 1002 1.2 28 23 2 33 31% 9541 25108 9703 2%
c i 17.07 121 11882 11 38 1915 105 163155 1005 1.2 28 23 2 33 31% 9544 25108 9702 2%
c i 17.07 121 11876 11 38 1915 105 163197 1016 1.2 28 23 2 33 31% 9560 25105 9701 2%
c i 17.07 121 11876 11 38 1915 105 163199 1016 1.2 28 23 2 33 31% 9561 25105 9700 2%
c i 17.07 121 11872 11 38 1915 105 163230 1024 1.2 28 23 2 33 31% 9565 25102 9697 2%
c i 17.07 121 11864 11 38 1915 105 163276 1035 1.2 28 23 2 33 31% 9575 25102 9693 2%
c i 17.07 121 11862 11 38 1915 105 163288 1038 1.2 28 23 2 33 31% 9577 25102 9692 2%
c i 17.07 121 11859 11 38 1915 105 163311 1047 1.2 28 23 2 33 31% 9587 25100 9691 2%
c i 17.07 121 11857 11 38 1915 105 163325 1048 1.2 28 23 2 33 31% 9593 25100 9690 2%
c i 17.07 121 11856 11 38 1915 105 163333 1050 1.2 28 23 2 33 31% 9595 25100 9689 2%
c i 17.07 121 11853 11 38 1915 105 163349 1049 1.2 28 23 2 33 31% 9600 25100 9687 2%
c i 17.07 121 11850 11 38 1915 105 163372 1054 1.2 28 23 2 33 31% 9604 25100 9685 2%
c i 17.07 121 11849 11 38 1915 105 163379 1055 1.2 28 23 2 33 31% 9605 25100 9684 2%
c
c  seconds       switched     rate          size/glue  tier1     binary       remaining
c          MB      reductions    conflicts        size   tier2      irredundant
c             level     restarts       redundant     glue    trail        variables
c
c i 17.07 121 11848 11 38 1915 105 163390 1058 1.2 28 23 2 33 31% 9608 25099 9682 2%
c i 17.07 121 11846 11 38 1915 105 163399 1057 1.2 28 23 2 33 31% 9610 25099 9681 2%
c i 17.07 121 11845 11 38 1915 105 163406 1058 1.2 28 23 2 33 31% 9612 25099 9679 2%
c i 17.07 121 11845 11 38 1915 105 163409 1058 1.2 28 23 2 33 31% 9614 25098 9678 2%
c i 17.07 121 11845 11 38 1915 105 163411 1058 1.2 28 23 2 33 31% 9614 25098 9677 2%
c i 17.07 121 11842 11 38 1915 104 163426 1058 1.2 28 23 2 33 31% 9616 25097 9673 2%
c i 17.07 121 11833 11 38 1915 104 163492 1078 1.2 28 23 2 33 31% 9624 25096 9672 2%
c i 17.07 121 11831 11 38 1915 104 163505 1077 1.2 28 23 2 33 31% 9625 25096 9662 2%
c i 17.07 121 11827 11 38 1915 104 163529 1086 1.2 28 23 2 33 31% 9625 25096 9661 2%
c i 17.07 121 11826 11 38 1915 104 163532 1086 1.2 28 23 2 33 31% 9626 25096 9659 2%
c i 17.07 121 11824 11 38 1915 104 163545 1091 1.2 28 23 2 33 31% 9627 25096 9658 2%
c i 17.07 121 11823 11 38 1915 104 163554 1093 1.2 28 23 2 33 31% 9631 25095 9656 2%
c i 17.07 121 11820 11 38 1915 104 163576 1099 1.2 28 23 2 33 31% 9632 25095 9653 2%
c i 17.07 121 11820 11 38 1915 104 163580 1098 1.2 28 23 2 33 31% 9634 25095 9652 2%
c i 17.07 121 11819 11 38 1915 104 163584 1098 1.2 28 23 2 33 31% 9634 25095 9648 2%
c i 17.07 121 11818 11 38 1915 104 163588 1099 1.2 28 23 2 33 31% 9635 25095 9647 2%
c i 17.07 121 11818 11 38 1915 104 163592 1097 1.2 28 23 2 33 31% 9635 25095 9646 2%
c i 17.07 121 11816 11 38 1915 104 163604 1099 1.2 28 23 2 33 31% 9636 25095 9645 2%
c i 17.07 121 11815 11 38 1915 104 163614 1098 1.2 28 23 2 33 31% 9637 25095 9643 2%
c i 17.07 121 11812 11 38 1915 104 163643 1099 1.2 28 23 2 33 31% 9638 25093 9641 2%
c
c  seconds       switched     rate          size/glue  tier1     binary       remaining
c          MB      reductions    conflicts        size   tier2      irredundant
c             level     restarts       redundant     glue    trail        variables
c
c i 17.07 121 11810 11 38 1915 104 163652 1100 1.2 28 23 2 33 31% 9640 25093 9640 2%
c i 17.07 121 11810 11 38 1915 104 163658 1102 1.2 28 23 2 33 31% 9640 25093 9639 2%
c i 17.07 121 11809 11 38 1915 104 163661 1102 1.2 28 23 2 33 31% 9640 25093 9638 2%
c i 17.07 121 11809 11 38 1915 104 163663 1102 1.2 28 23 2 33 31% 9641 25093 9637 2%
c i 17.07 121 11807 11 38 1915 104 163679 1102 1.2 28 23 2 33 31% 9647 25089 9633 2%
c i 17.07 121 11806 11 38 1915 104 163688 1103 1.2 28 23 2 33 31% 9649 25088 9628 2%
c i 17.07 121 11804 11 38 1915 104 163705 1103 1.2 28 23 2 33 31% 9654 25081 9621 2%
c i 17.07 121 11801 11 38 1915 104 163728 1103 1.2 28 23 2 33 31% 9659 25081 9619 2%
c i 17.07 121 11799 11 38 1915 104 163739 1104 1.2 28 23 2 33 31% 9662 25081 9617 2%
c i 17.07 121 11798 11 38 1915 104 163747 1105 1.2 28 23 2 33 31% 9663 25080 9613 2%
c i 17.07 121 11798 11 38 1915 104 163749 1105 1.2 28 23 2 33 31% 9664 25080 9612 2%
c i 17.07 121 11796 11 38 1915 104 163762 1106 1.2 28 23 2 33 31% 9667 25076 9609 2%
c i 17.07 121 11795 11 38 1915 104 163770 1107 1.2 28 23 2 33 31% 9670 25076 9607 2%
c i 17.07 121 11794 11 38 1915 104 163772 1107 1.2 28 23 2 33 31% 9671 25076 9606 2%
c i 17.07 121 11792 11 38 1915 104 163792 1107 1.2 28 23 2 33 31% 9674 25071 9597 2%
c i 17.07 121 11791 11 38 1915 104 163803 1108 1.2 28 23 2 33 31% 9676 25069 9595 2%
c i 17.07 121 11790 11 38 1915 104 163808 1107 1.2 28 23 2 33 31% 9677 25069 9591 2%
c i 17.07 121 11782 11 38 1915 104 163860 1128 1.2 28 23 2 33 31% 9689 25069 9586 2%
c i 17.07 121 11782 11 38 1915 104 163862 1128 1.2 28 23 2 33 31% 9690 25069 9585 2%
c i 17.07 121 11781 11 38 1915 104 163873 1128 1.2 28 23 2 33 31% 9694 25064 9582 2%
c
c  seconds       switched     rate          size/glue  tier1     binary       remaining
c          MB      reductions    conflicts        size   tier2      irredundant
c             level     restarts       redundant     glue    trail        variables
c
c i 17.07 121 11780 11 38 1915 104 163880 1128 1.2 28 23 2 33 31% 9696 25064 9577 2%
c i 17.07 121 11779 11 38 1915 104 163887 1128 1.2 28 23 2 33 31% 9698 25061 9575 2%
c i 17.07 121 11776 11 38 1915 104 163906 1143 1.2 28 23 2 33 31% 9698 25061 9573 2%
c i 17.07 121 11772 11 38 1915 104 163932 1158 1.2 28 23 2 33 31% 9698 25061 9572 2%
c i 17.07 121 11771 11 38 1915 104 163940 1157 1.2 28 23 2 33 31% 9700 25060 9571 2%
c i 17.07 121 11769 11 38 1915 104 163959 1157 1.2 28 23 2 33 31% 9703 25060 9569 2%
c i 17.07 121 11767 11 38 1915 104 163969 1159 1.2 28 23 2 33 31% 9705 25060 9568 2%
c i 17.07 121 11766 11 38 1915 104 163976 1160 1.2 28 23 2 33 31% 9707 25060 9565 2%
c i 17.07 121 11762 11 38 1915 104 164001 1167 1.2 28 23 2 33 31% 9707 25060 9560 2%
c i 17.07 121 11762 11 38 1915 104 164003 1168 1.2 28 23 2 33 31% 9707 25060 9559 2%
c i 17.07 121 11753 11 38 1915 104 164067 1205 1.2 28 23 2 33 31% 9714 25058 9557 2%
c i 17.07 121 11735 11 38 1915 104 164182 1276 1.2 28 23 2 33 31% 9726 25058 9556 2%
c i 17.07 121 11733 11 38 1915 104 164198 1281 1.2 28 23 2 33 31% 9727 25058 9555 2%
c i 17.07 121 11731 11 38 1915 104 164211 1284 1.2 28 23 2 33 31% 9732 25058 9553 2%
c i 17.07 121 11730 11 38 1915 104 164217 1284 1.2 28 23 2 33 31% 9734 25057 9549 2%
c i 17.07 121 11727 11 38 1915 104 164233 1295 1.2 28 23 2 33 31% 9736 25057 9548 2%
c i 17.07 121 11727 11 38 1915 104 164236 1295 1.2 28 23 2 33 31% 9737 25056 9546 2%
c i 17.07 121 11713 11 38 1915 103 164336 1349 1.2 28 23 2 33 31% 9748 25055 9545 2%
c i 17.07 121 11699 11 38 1915 103 164432 1404 1.2 28 23 2 33 31% 9753 25055 9544 2%
c i 17.07 121 11697 11 38 1915 103 164439 1406 1.2 28 23 2 33 31% 9755 25055 9543 2%
c
c  seconds       switched     rate          size/glue  tier1     binary       remaining
c          MB      reductions    conflicts        size   tier2      irredundant
c             level     restarts       redundant     glue    trail        variables
c
c i 17.07 121 11697 11 38 1915 103 164443 1406 1.2 28 23 2 33 31% 9755 25055 9539 2%
c i 17.07 121 11696 11 38 1915 103 164450 1409 1.2 28 23 2 33 31% 9756 25054 9538 2%
c i 17.07 121 11695 11 38 1915 103 164458 1411 1.2 28 23 2 33 31% 9756 25054 9537 2%
c i 17.07 121 11694 11 38 1915 103 164462 1414 1.2 28 23 2 33 31% 9756 25054 9536 2%
c i 17.07 121 11693 11 38 1915 103 164467 1410 1.2 28 23 2 33 31% 9760 25054 9535 2%
c i 17.07 121 11691 11 38 1915 103 164485 1413 1.2 28 23 2 33 31% 9771 25052 9534 2%
c i 17.07 121 11689 11 38 1915 103 164495 1416 1.2 28 23 2 33 31% 9776 25052 9533 2%
c i 17.08 121 11685 11 38 1915 103 164539 1429 1.2 28 23 2 33 31% 9799 25051 9532 2%
c i 17.08 121 11685 11 38 1915 103 164550 1431 1.2 28 23 2 33 31% 9803 25051 9530 2%
c i 17.08 121 11683 11 38 1915 103 164571 1443 1.2 28 23 2 33 31% 9807 25051 9529 2%
c i 17.08 121 11669 11 38 1915 103 164704 1502 1.2 28 23 2 33 31% 9849 25047 9528 2%
c i 17.08 121 11667 11 38 1915 103 164723 1511 1.2 28 23 2 33 31% 9854 25046 9526 2%
c i 17.08 121 11664 11 38 1915 103 164754 1522 1.2 28 23 2 33 31% 9861 25046 9525 2%
c i 17.08 121 11656 11 38 1915 103 164819 1559 1.2 28 23 2 33 31% 9871 25046 9524 2%
c i 17.08 121 11656 11 38 1915 103 164822 1560 1.2 28 23 2 33 31% 9871 25046 9522 2%
c i 17.08 121 11655 11 38 1915 103 164825 1561 1.2 28 23 2 33 31% 9871 25046 9521 2%
c i 17.08 121 11646 11 38 1915 103 164910 1595 1.2 28 23 2 33 31% 9888 25044 9520 2%
c i 17.08 121 11643 11 38 1915 103 164933 1605 1.2 28 23 2 33 31% 9891 25044 9519 2%
c i 17.08 121 11634 11 38 1915 103 165013 1643 1.2 28 23 2 33 31% 9911 25042 9518 2%
c i 17.08 121 11631 11 38 1915 103 165034 1647 1.2 28 23 2 33 31% 9916 25042 9517 2%
c
c  seconds       switched     rate          size/glue  tier1     binary       remaining
c          MB      reductions    conflicts        size   tier2      irredundant
c             level     restarts       redundant     glue    trail        variables
c
c i 17.08 121 11629 11 38 1915 103 165052 1651 1.2 28 23 2 33 31% 9922 25042 9516 2%
c i 17.08 121 11625 11 38 1915 103 165078 1658 1.2 28 23 2 33 31% 9933 25042 9515 2%
c i 17.08 121 11624 11 38 1915 103 165084 1657 1.2 28 23 2 33 31% 9934 25042 9512 2%
c i 17.08 121 11607 11 38 1915 102 165247 1701 1.2 28 23 2 33 31% 10009 25035 9511 2%
c i 17.08 121 11605 11 38 1916 102 165268 1703 1.2 28 23 2 33 31% 10020 25033 9510 2%
c i 17.08 121 11603 11 38 1916 102 165286 1706 1.2 28 23 2 33 31% 10021 25031 9506 2%
c i 17.08 121 11602 11 38 1916 102 165295 1706 1.2 28 23 2 33 31% 10023 25030 9505 2%
c i 17.08 121 11600 11 38 1916 102 165310 1706 1.2 28 23 2 33 31% 10027 25030 9504 2%
c i 17.08 121 11589 11 38 1916 102 165384 1732 1.2 28 23 2 33 31% 10031 25030 9501 2%
c i 17.08 121 11585 11 38 1916 102 165410 1744 1.2 28 23 2 33 31% 10032 25030 9495 2%
c i 17.08 121 11552 11 38 1916 102 165624 1870 1.2 28 23 2 33 31% 10043 25030 9494 2%
c i 17.08 121 11546 11 38 1916 102 165668 1896 1.2 28 23 2 33 31% 10048 25030 9493 2%
c i 17.08 121 11542 11 38 1916 102 165691 1907 1.2 28 23 2 33 31% 10049 25030 9492 2%
c i 17.08 121 11542 11 38 1916 102 165694 1908 1.2 28 23 2 33 31% 10049 25030 9491 2%
c i 17.08 121 11538 11 38 1916 102 165719 1912 1.2 28 23 2 33 31% 10052 25030 9489 2%
c i 17.08 121 11531 11 38 1916 102 165763 1931 1.2 28 23 2 33 31% 10054 25030 9488 2%
c i 17.08 121 11529 11 38 1916 102 165779 1939 1.2 28 23 2 33 31% 10055 25030 9485 2%
c i 17.08 121 11523 11 38 1916 102 165820 1959 1.2 28 23 2 33 31% 10057 25030 9483 2%
c i 17.08 121 11505 11 38 1916 102 165942 1997 1.2 28 23 2 33 31% 10083 25030 9482 2%
c i 17.08 121 11468 11 38 1916 101 166202 2104 1.2 28 23 2 33 31% 10121 25030 9481 2%
c
c  seconds       switched     rate          size/glue  tier1     binary        remaining
c          MB      reductions    conflicts        size   tier2       irredundant
c             level     restarts       redundant     glue    trail         variables
c
c i 17.08 121 11462 11 38 1916 101 166248 2106 1.2 28 23 2 33 31% 10146 25025 9475 2%
c i 17.08 121 11459 11 38 1916 101 166267 2106 1.2 28 23 2 33 31% 10150 25024 9473 2%
c i 17.08 121 11445 11 38 1916 101 166363 2138 1.2 28 22 2 33 31% 10171 25024 9472 2%
c i 17.09 121 11431 11 38 1916 101 166465 2178 1.2 28 22 2 33 31% 10186 25024 9470 2%
c i 17.09 121 11430 11 38 1916 101 166469 2178 1.2 28 22 2 33 31% 10186 25024 9468 2%
c i 17.09 121 11429 11 38 1916 101 166483 2180 1.2 28 22 2 33 31% 10193 25024 9467 2%
c o 17.09 121 11426 11 38 1917 101 166498 2184 1.2 28 22 2 33 30% 10199 25024 9467 2%
c i 17.09 121 11414 11 38 1917 101 166652 2228 1.2 28 22 2 33 31% 10240 24994 9466 2%
c i 17.09 121 11404 11 38 1917 101 166767 2280 1.2 28 22 2 33 31% 10270 24984 9465 2%
c i 17.09 121 11387 11 38 1917 101 166940 2368 1.2 28 22 2 33 31% 10310 24976 9464 2%
c i 17.09 121 11366 11 38 1917 100 167143 2466 1.2 28 22 2 33 31% 10349 24972 9463 2%
c i 17.09 121 11358 11 38 1917 100 167227 2504 1.2 28 22 2 33 31% 10372 24971 9462 2%
c i 17.10 121 11334 11 38 1917 100 167460 2609 1.2 28 22 2 33 31% 10417 24957 9460 2%
c i 17.10 121 11320 11 38 1917 100 167597 2674 1.2 28 22 2 33 31% 10442 24957 9459 2%
c i 17.10 121 11318 11 38 1917 100 167616 2680 1.2 28 22 2 33 31% 10448 24957 9458 2%
c i 17.10 121 11311 11 38 1917 100 167682 2712 1.2 28 22 2 33 31% 10452 24957 9456 2%
c i 17.10 121 11294 11 38 1918 100 167850 2789 1.2 28 22 2 33 31% 10482 24950 9455 2%
c i 17.10 121 11293 11 38 1918 100 167855 2790 1.2 28 22 2 33 31% 10482 24950 9453 2%
c i 17.10 121 11251 11 38 1918 99 168166 2937 1.2 28 22 2 33 31% 10515 24944 9446 2%
c i 17.10 121 11206 11 38 1918 99 168479 3086 1.2 27 22 2 33 31% 10532 24943 9444 2%
c
c  seconds       switched     rate         size/glue  tier1     binary        remaining
c          MB      reductions   conflicts        size   tier2       irredundant
c             level     restarts      redundant     glue    trail         variables
c
c i 17.10 121 11181 11 38 1918 99 168655 3155 1.2 27 22 2 33 31% 10546 24943 9443 2%
c i 17.11 121 11172 11 38 1918 99 168727 3199 1.2 27 22 2 33 31% 10561 24943 9442 2%
c i 17.11 121 11168 11 38 1918 99 168773 3215 1.2 27 22 2 33 31% 10570 24938 9438 2%
c i 17.11 121 11165 11 38 1918 99 168798 3226 1.2 27 22 2 33 31% 10571 24938 9437 2%
c i 17.11 121 11163 11 38 1918 99 168815 3231 1.2 27 22 2 33 31% 10577 24938 9435 2%
c i 17.11 121 11161 11 38 1918 99 168831 3236 1.2 27 22 2 33 31% 10580 24938 9433 2%
c i 17.11 121 11160 11 38 1918 99 168841 3236 1.2 27 22 2 33 31% 10581 24938 9431 2%
c i 17.11 121 11158 11 38 1918 99 168855 3246 1.2 27 22 2 33 31% 10583 24938 9430 2%
c i 17.11 121 11156 11 38 1918 99 168870 3249 1.2 27 22 2 33 31% 10585 24938 9427 2%
c i 17.11 121 11150 11 38 1918 99 168919 3262 1.2 27 22 2 33 31% 10593 24938 9424 2%
c i 17.11 121 11148 11 38 1918 99 168936 3272 1.2 27 22 2 33 31% 10595 24938 9422 2%
c i 17.11 121 11145 11 38 1918 99 168955 3281 1.2 27 22 2 33 31% 10598 24937 9421 2%
c i 17.11 121 11144 11 38 1918 99 168966 3280 1.2 27 22 2 33 31% 10602 24937 9418 2%
c i 17.11 121 11141 11 38 1918 99 168993 3289 1.2 27 22 2 33 31% 10610 24937 9416 2%
c i 17.11 121 11131 11 38 1918 98 169066 3313 1.2 27 22 2 33 31% 10617 24937 9410 2%
c i 17.11 121 11131 11 38 1918 98 169069 3312 1.2 27 22 2 33 31% 10619 24937 9409 2%
c i 17.11 121 11130 11 38 1918 98 169073 3312 1.2 27 22 2 33 31% 10620 24937 9408 2%
c i 17.11 121 11130 11 38 1918 98 169079 3311 1.2 27 22 2 33 31% 10623 24937 9407 2%
c i 17.11 121 11126 11 38 1918 98 169105 3319 1.2 27 22 2 33 31% 10623 24937 9406 2%
c i 17.11 121 11125 11 38 1918 98 169115 3323 1.2 27 22 2 33 31% 10624 24937 9404 2%
c
c  seconds       switched     rate         size/glue  tier1     binary        remaining
c          MB      reductions   conflicts        size   tier2       irredundant
c             level     restarts      redundant     glue    trail         variables
c
c i 17.11 121 11120 11 38 1918 98 169148 3339 1.2 27 22 2 33 31% 10631 24937 9403 2%
c i 17.11 121 11117 11 38 1918 98 169181 3346 1.2 27 22 2 33 31% 10635 24937 9402 2%
c i 17.11 121 11115 11 38 1918 98 169196 3353 1.2 27 22 2 33 31% 10636 24937 9399 2%
c i 17.11 121 11114 11 38 1918 98 169202 3356 1.2 27 22 2 33 31% 10637 24937 9398 2%
c i 17.11 121 11110 11 38 1918 98 169229 3360 1.2 27 22 2 33 31% 10643 24937 9396 2%
c i 17.11 121 11106 11 38 1918 98 169257 3368 1.2 27 22 2 33 31% 10646 24937 9395 2%
c i 17.11 121 11104 11 38 1918 98 169276 3376 1.2 27 22 2 33 31% 10648 24937 9393 2%
c - 17.11 121 11104 11 39 1918 98 169279 2363 1.2 27 22 2 32 31% 9628 24937 9393 2%
c i 17.11 121 11093 11 39 1918 98 169358 2409 1.2 27 22 2 32 31% 9638 24936 9390 2%
c i 17.11 121 11091 11 39 1918 98 169370 2414 1.2 27 22 2 32 31% 9640 24936 9389 2%
c i 17.11 121 11089 11 39 1918 98 169388 2415 1.2 27 22 2 32 31% 9641 24936 9381 2%
c i 17.11 121 11087 11 39 1918 98 169405 2422 1.2 27 22 2 32 31% 9645 24935 9380 2%
c i 17.11 121 11084 11 39 1918 98 169428 2430 1.2 27 22 2 32 31% 9651 24935 9379 2%
c i 17.11 121 11080 11 39 1918 98 169459 2446 1.2 27 22 2 32 31% 9658 24932 9377 2%
c i 17.11 121 11076 11 39 1918 98 169489 2457 1.2 27 22 2 32 31% 9664 24930 9376 2%
c i 17.11 121 11075 11 39 1918 98 169495 2458 1.2 27 22 2 32 31% 9666 24930 9375 2%
c i 17.11 121 11075 11 39 1918 98 169497 2458 1.2 27 22 2 32 31% 9667 24929 9374 2%
c i 17.11 121 11074 11 39 1918 98 169498 2458 1.2 27 22 2 32 31% 9667 24929 9373 2%
c i 17.11 121 11070 11 39 1918 98 169530 2472 1.2 27 22 2 32 31% 9677 24928 9372 2%
c i 17.11 121 11068 11 39 1918 98 169552 2485 1.2 27 22 2 32 31% 9679 24927 9371 2%
c
c  seconds       switched     rate         size/glue  tier1     binary       remaining
c          MB      reductions   conflicts        size   tier2      irredundant
c             level     restarts      redundant     glue    trail        variables
c
c i 17.11 121 11063 11 39 1918 98 169591 2507 1.2 27 22 2 32 31% 9682 24927 9370 2%
c i 17.11 121 11059 11 39 1918 98 169618 2526 1.2 27 22 2 32 31% 9683 24927 9368 2%
c i 17.11 121 11028 11 39 1918 98 169861 2608 1.2 27 22 2 32 31% 9714 24926 9367 2%
c i 17.11 121 11028 11 39 1918 98 169866 2608 1.2 27 22 2 32 31% 9717 24924 9366 2%
c i 17.11 121 11025 11 39 1918 98 169883 2619 1.2 27 22 2 32 31% 9720 24924 9365 2%
c i 17.12 121 11024 11 39 1918 98 169895 2620 1.2 27 22 2 32 31% 9726 24924 9360 2%
c i 17.12 121 11023 11 39 1918 98 169898 2621 1.2 27 22 2 32 31% 9727 24924 9359 2%
c i 17.12 121 11012 11 39 1918 98 169983 2658 1.2 27 22 2 32 31% 9751 24924 9358 2%
c i 17.12 121 11010 11 39 1918 98 169997 2658 1.2 27 22 2 32 31% 9755 24924 9357 2%
c i 17.12 121 11006 11 39 1918 97 170025 2667 1.2 27 22 2 32 31% 9762 24924 9354 2%
c i 17.12 121 11003 11 39 1918 97 170052 2678 1.2 27 22 2 32 31% 9767 24924 9353 2%
c i 17.12 121 11001 11 39 1918 97 170062 2679 1.2 27 22 2 32 31% 9768 24924 9352 2%
c i 17.12 121 10997 11 39 1918 97 170091 2687 1.2 27 22 2 32 31% 9771 24924 9345 2%
c i 17.12 121 10996 11 39 1918 97 170100 2694 1.2 27 22 2 32 31% 9771 24924 9344 2%
c i 17.12 121 10996 11 39 1918 97 170104 2695 1.2 27 22 2 32 31% 9771 24924 9342 2%
c i 17.12 121 10993 11 39 1918 97 170129 2705 1.2 27 22 2 32 31% 9776 24924 9341 2%
c i 17.12 121 10989 11 39 1918 97 170159 2712 1.2 27 22 2 32 31% 9793 24922 9340 2%
c i 17.12 121 10988 11 39 1918 97 170165 2713 1.2 27 22 2 32 31% 9794 24922 9337 2%
c i 17.12 121 10986 11 39 1918 97 170180 2720 1.2 27 22 2 32 31% 9795 24922 9336 2%
c i 17.12 121 10978 11 39 1918 97 170241 2745 1.2 27 22 2 32 31% 9811 24922 9332 2%
c
c  seconds       switched     rate         size/glue  tier1     binary       remaining
c          MB      reductions   conflicts        size   tier2      irredundant
c             level     restarts      redundant     glue    trail        variables
c
c i 17.12 121 10977 11 39 1918 97 170253 2748 1.2 27 22 2 32 31% 9812 24922 9330 2%
c b 17.12 121 10973 11 39 1918 97 170289 2698 1.2 27 22 2 32 31% 9817 23508 9241 2%
c u 17.12 121 10973 11 39 1918 97 170289 2395 1.2 27 22 2 32 31% 9865 23508 9211 2%
c v 17.13 121 10973 11 39 1918 97 170289 1711 1.2 27 22 2 32 31% 9918 23508 9179 2%
c w 17.13 121 10973 11 39 1918 97 170289 863 1.2 27 22 2 32 31% 9922 23508 9179 2%
c x 17.15 121 10973 11 39 1918 97 170289 741 1.2 27 22 2 32 31% 10989 7515 7912 2%
c = 17.20 121 10973 11 39 1918 97 170289 741 1.2 27 22 2 32 31% 10996 7133 7304 1%
c t 17.21 121 10973 11 39 1918 97 170289 512 1.2 27 22 2 32 31% 10996 6719 7303 1%
c b 17.21 121 10973 11 39 1918 97 170289 512 1.2 27 22 2 32 31% 10996 6719 7085 1%
c f 17.21 121 10973 11 39 1918 97 170289 512 1.2 27 22 2 32 31% 10960 6719 7086 1%
c u 17.22 121 10973 11 39 1918 97 170289 395 1.2 27 22 2 32 31% 10970 6475 7080 1%
c v 17.22 121 10973 11 39 1918 97 170289 241 1.2 27 22 2 32 31% 10989 6475 7065 1%
c w 17.22 121 10973 11 39 1918 97 170289 157 1.2 27 22 2 32 31% 10989 6475 7065 1%
c x 17.23 121 10973 11 39 1918 97 170289 154 1.2 27 22 2 32 31% 11944 3589 6818 1%
c b 17.23 121 10973 11 39 1918 97 170289 138 1.2 27 22 2 32 31% 11945 3577 6720 1%
c i 17.23 121 10973 11 39 1918 97 170289 138 1.2 27 22 2 32 31% 11945 3577 6720 1%
c i 17.23 121 10972 11 39 1918 97 170292 139 1.2 27 22 2 32 31% 11946 3577 6719 1%
c i 17.23 121 10972 11 39 1918 97 170293 139 1.2 27 22 2 32 31% 11946 3577 6718 1%
c i 17.23 121 10971 11 39 1918 97 170296 140 1.2 27 22 2 32 31% 11947 3577 6717 1%
c i 17.23 121 10971 11 39 1918 97 170297 140 1.2 27 22 2 32 31% 11947 3577 6716 1%
c
c  seconds       switched     rate        size/glue  tier1     binary       remaining
c          MB      reductions   conflicts       size   tier2      irredundant
c             level     restarts      redundant    glue    trail        variables
c
c i 17.23 121 10971 11 39 1918 97 170298 140 1.2 27 22 2 32 31% 11947 3577 6715 1%
c i 17.23 121 10971 11 39 1918 97 170299 140 1.2 27 22 2 32 31% 11947 3577 6714 1%
c i 17.23 121 10971 11 39 1918 97 170300 140 1.2 27 22 2 32 31% 11947 3577 6713 1%
c i 17.23 121 10971 11 39 1918 97 170301 140 1.2 27 22 2 32 31% 11947 3577 6712 1%
c i 17.23 121 10970 11 39 1919 97 170302 140 1.2 27 22 2 32 31% 11947 3577 6711 1%
c i 17.23 121 10968 11 39 1919 97 170318 143 1.2 27 22 2 32 31% 11953 3577 6710 1%
c i 17.23 121 10968 11 39 1919 97 170319 143 1.2 27 22 2 32 31% 11953 3577 6709 1%
c i 17.23 121 10968 11 39 1919 97 170320 143 1.2 27 22 2 32 31% 11953 3577 6708 1%
c i 17.23 121 10968 11 39 1919 97 170321 143 1.2 27 22 2 32 31% 11953 3577 6707 1%
c i 17.23 121 10967 11 39 1919 97 170322 143 1.2 27 22 2 32 31% 11953 3577 6705 1%
c i 17.23 121 10967 11 39 1919 97 170323 143 1.2 27 22 2 32 31% 11953 3577 6704 1%
c i 17.23 121 10966 11 39 1919 97 170332 146 1.2 27 22 2 32 31% 11956 3577 6702 1%
c i 17.23 121 10966 11 39 1919 97 170334 146 1.2 27 22 2 32 31% 11957 3577 6701 1%
c i 17.23 121 10964 11 39 1919 97 170344 147 1.2 27 22 2 32 31% 11958 3577 6696 1%
c i 17.23 121 10963 11 39 1919 97 170353 147 1.2 27 22 2 32 31% 11961 3577 6692 1%
c i 17.23 121 10963 11 39 1919 97 170356 147 1.2 27 22 2 32 31% 11962 3577 6690 1%
c i 17.23 121 10962 11 39 1919 97 170359 147 1.2 27 22 2 32 31% 11962 3577 6689 1%
c i 17.23 121 10962 11 39 1919 97 170363 147 1.2 27 22 2 32 31% 11964 3577 6687 1%
c i 17.23 121 10961 11 39 1919 97 170366 148 1.2 27 22 2 32 31% 11964 3577 6686 1%
c i 17.23 121 10961 11 39 1919 97 170368 148 1.2 27 22 2 32 31% 11965 3577 6685 1%
c
c  seconds       switched     rate        size/glue  tier1     binary       remaining
c          MB      reductions   conflicts       size   tier2      irredundant
c             level     restarts      redundant    glue    trail        variables
c
c i 17.23 121 10959 11 39 1919 97 170379 149 1.2 27 22 2 32 31% 11966 3577 6677 1%
c i 17.23 121 10958 11 39 1919 97 170390 150 1.2 27 22 2 32 31% 11969 3577 6673 1%
c i 17.23 121 10957 11 39 1919 97 170393 150 1.2 27 22 2 32 31% 11970 3577 6671 1%
c i 17.23 121 10956 11 39 1919 97 170398 151 1.2 27 22 2 32 31% 11970 3577 6670 1%
c i 17.23 121 10956 11 39 1919 97 170403 152 1.2 27 22 2 32 31% 11971 3577 6667 1%
c i 17.23 121 10955 11 39 1919 97 170406 152 1.2 27 22 2 32 31% 11972 3577 6665 1%
c i 17.23 121 10955 11 39 1919 97 170411 152 1.2 27 22 2 32 31% 11973 3577 6661 1%
c i 17.23 121 10953 11 39 1919 97 170424 154 1.2 27 22 2 32 31% 11978 3577 6659 1%
c i 17.23 121 10951 11 39 1919 97 170434 155 1.2 27 22 2 32 31% 11980 3577 6653 1%
c i 17.23 121 10951 11 39 1919 97 170436 155 1.2 27 22 2 32 31% 11981 3577 6652 1%
c i 17.23 121 10950 11 39 1919 97 170440 156 1.2 27 22 2 32 31% 11981 3577 6650 1%
c i 17.23 121 10949 11 39 1919 97 170445 157 1.2 27 22 2 32 31% 11983 3577 6649 1%
c i 17.23 121 10949 11 39 1919 97 170447 157 1.2 27 22 2 32 31% 11984 3577 6648 1%
c i 17.23 121 10948 11 39 1919 97 170454 158 1.2 27 22 2 32 31% 11985 3577 6646 1%
c i 17.23 121 10947 11 39 1919 97 170459 159 1.2 27 22 2 32 31% 11985 3577 6642 1%
c i 17.23 121 10947 11 39 1919 97 170461 159 1.2 27 22 2 32 31% 11986 3577 6641 1%
c i 17.23 121 10946 11 39 1919 97 170467 159 1.2 27 22 2 32 31% 11986 3577 6636 1%
c i 17.23 121 10946 11 39 1919 97 170472 159 1.2 27 22 2 32 31% 11988 3577 6635 1%
c i 17.23 121 10944 11 39 1919 97 170486 160 1.2 27 22 2 32 31% 11992 3577 6633 1%
c i 17.23 121 10943 11 39 1919 97 170492 161 1.2 27 22 2 32 31% 11992 3577 6631 1%
c
c  seconds       switched     rate        size/glue  tier1     binary       remaining
c          MB      reductions   conflicts       size   tier2      irredundant
c             level     restarts      redundant    glue    trail        variables
c
c i 17.23 121 10943 11 39 1919 97 170495 162 1.2 27 22 2 32 31% 11992 3577 6630 1%
c i 17.23 121 10941 11 39 1919 97 170504 163 1.2 27 22 2 32 31% 11996 3577 6629 1%
c i 17.23 121 10941 11 39 1919 97 170513 163 1.2 27 22 2 32 31% 11998 3577 6628 1%
c i 17.23 121 10939 11 39 1919 97 170526 166 1.2 27 22 2 32 31% 12001 3577 6625 1%
c i 17.23 121 10938 11 39 1919 97 170531 166 1.2 27 22 2 32 31% 12003 3577 6624 1%
c i 17.23 121 10938 11 39 1919 97 170536 167 1.2 27 22 2 32 31% 12003 3577 6623 1%
c i 17.23 121 10937 11 39 1919 97 170541 167 1.2 27 22 2 32 31% 12005 3577 6622 1%
c i 17.23 121 10936 11 39 1919 97 170547 168 1.2 27 22 2 32 31% 12006 3577 6621 1%
c i 17.23 121 10935 11 39 1919 97 170558 167 1.2 27 22 2 32 31% 12008 3576 6617 1%
c i 17.23 121 10934 11 39 1919 97 170563 167 1.2 27 22 2 32 31% 12010 3575 6616 1%
c i 17.23 121 10933 11 39 1919 97 170575 168 1.2 27 22 2 32 31% 12010 3575 6606 1%
c i 17.23 121 10931 11 39 1919 97 170585 169 1.2 27 22 2 32 31% 12010 3575 6597 1%
c i 17.23 121 10931 11 39 1919 97 170590 169 1.2 27 22 2 32 31% 12011 3575 6596 1%
c i 17.23 121 10927 11 39 1919 97 170616 172 1.2 27 22 2 32 31% 12018 3575 6591 1%
c i 17.23 121 10927 11 39 1919 97 170620 172 1.2 27 22 2 32 31% 12020 3574 6590 1%
c i 17.23 121 10926 11 39 1919 97 170627 173 1.2 27 22 2 32 31% 12020 3574 6587 1%
c i 17.23 121 10925 11 39 1919 97 170631 173 1.2 27 22 2 32 31% 12020 3574 6585 1%
c i 17.23 121 10925 11 39 1919 97 170633 173 1.2 27 22 2 32 31% 12020 3574 6583 1%
c i 17.23 121 10924 11 39 1919 97 170642 175 1.2 27 22 2 32 31% 12020 3574 6580 1%
c i 17.23 121 10923 11 39 1919 97 170646 176 1.2 27 22 2 32 31% 12022 3574 6579 1%
c
c  seconds       switched     rate        size/glue  tier1     binary       remaining
c          MB      reductions   conflicts       size   tier2      irredundant
c             level     restarts      redundant    glue    trail        variables
c
c i 17.23 121 10922 11 39 1919 97 170652 177 1.2 27 22 2 32 31% 12024 3574 6577 1%
c i 17.23 121 10922 11 39 1919 97 170654 177 1.2 27 22 2 32 31% 12025 3574 6576 1%
c i 17.23 121 10921 11 39 1919 97 170663 180 1.2 27 22 2 32 31% 12027 3574 6575 1%
c i 17.23 121 10920 11 39 1919 97 170667 180 1.2 27 22 2 32 31% 12029 3574 6573 1%
c i 17.23 121 10918 11 39 1919 97 170679 182 1.2 27 22 2 32 31% 12033 3574 6570 1%
c i 17.23 121 10918 11 39 1919 97 170684 183 1.2 27 22 2 32 31% 12035 3574 6569 1%
c i 17.23 121 10917 11 39 1919 97 170692 185 1.2 27 22 2 32 31% 12038 3574 6567 1%
c i 17.23 121 10916 11 39 1919 97 170696 185 1.2 27 22 2 32 31% 12040 3574 6566 1%
c i 17.23 121 10916 11 39 1919 97 170698 185 1.2 27 22 2 32 31% 12041 3574 6565 1%
c i 17.23 121 10915 11 39 1919 97 170702 186 1.2 27 22 2 32 31% 12042 3574 6563 1%
c i 17.23 121 10914 11 39 1919 97 170714 187 1.2 27 22 2 32 31% 12044 3574 6559 1%
c i 17.23 121 10913 11 39 1919 97 170719 188 1.2 27 22 2 32 31% 12044 3574 6556 1%
c i 17.23 121 10912 11 39 1919 97 170723 189 1.2 27 22 2 32 31% 12046 3574 6555 1%
c i 17.23 121 10912 11 39 1919 97 170726 189 1.2 27 22 2 32 31% 12048 3574 6554 1%
c i 17.23 121 10910 11 39 1919 97 170739 191 1.2 27 22 2 32 31% 12052 3574 6550 1%
c i 17.23 121 10910 11 39 1919 97 170740 191 1.2 27 22 2 32 31% 12052 3574 6549 1%
c i 17.23 121 10910 11 39 1919 97 170742 191 1.2 27 22 2 32 31% 12052 3574 6547 1%
c i 17.23 121 10909 11 39 1919 97 170750 193 1.2 27 22 2 32 31% 12055 3574 6546 1%
c i 17.23 121 10908 11 39 1919 97 170755 193 1.2 27 22 2 32 31% 12057 3574 6543 1%
c i 17.23 121 10906 11 39 1919 97 170767 194 1.2 27 22 2 32 31% 12063 3573 6542 1%
c
c  seconds       switched     rate        size/glue  tier1     binary       remaining
c          MB      reductions   conflicts       size   tier2      irredundant
c             level     restarts      redundant    glue    trail        variables
c
c i 17.23 121 10905 11 39 1919 97 170774 195 1.2 27 22 2 32 31% 12063 3573 6540 1%
c i 17.23 121 10905 11 39 1919 97 170780 195 1.2 27 22 2 32 31% 12064 3573 6539 1%
c i 17.23 121 10904 11 39 1919 97 170783 195 1.2 27 22 2 32 31% 12065 3573 6537 1%
c i 17.23 121 10903 11 39 1919 97 170789 196 1.2 27 22 2 32 31% 12065 3573 6535 1%
c i 17.23 121 10903 11 39 1919 97 170793 196 1.2 27 22 2 32 31% 12066 3573 6534 1%
c i 17.23 121 10902 11 39 1919 97 170796 197 1.2 27 22 2 32 31% 12066 3573 6533 1%
c i 17.23 121 10902 11 39 1919 97 170802 198 1.2 27 22 2 32 31% 12067 3573 6531 1%
c i 17.23 121 10901 11 39 1919 97 170805 198 1.2 27 22 2 32 31% 12068 3573 6529 1%
c i 17.23 121 10900 11 39 1919 97 170813 200 1.2 27 22 2 32 31% 12069 3573 6528 1%
c i 17.24 121 10899 11 39 1919 97 170825 201 1.2 27 22 2 32 31% 12072 3573 6525 1%
c i 17.24 121 10898 11 39 1919 97 170830 202 1.2 27 22 2 32 31% 12073 3573 6524 1%
c i 17.24 121 10897 11 39 1919 97 170837 202 1.2 27 22 2 32 31% 12073 3573 6522 1%
c i 17.24 121 10897 11 39 1919 97 170840 202 1.2 27 22 2 32 31% 12073 3573 6521 1%
c i 17.24 121 10896 11 39 1919 97 170845 203 1.2 27 22 2 32 31% 12074 3573 6519 1%
c i 17.24 121 10896 11 39 1919 97 170848 203 1.2 27 22 2 32 31% 12074 3573 6518 1%
c i 17.24 121 10895 11 39 1919 97 170852 204 1.2 27 22 2 32 31% 12074 3573 6516 1%
c i 17.24 121 10894 11 39 1919 97 170860 205 1.2 27 22 2 32 31% 12074 3573 6514 1%
c i 17.24 121 10893 11 39 1919 97 170868 206 1.2 27 22 2 32 31% 12075 3573 6511 1%
c i 17.24 121 10893 11 39 1919 97 170870 206 1.2 27 22 2 32 31% 12076 3573 6510 1%
c i 17.24 121 10892 11 39 1919 97 170874 207 1.2 27 22 2 32 31% 12077 3573 6509 1%
c
c  seconds       switched     rate        size/glue  tier1     binary       remaining
c          MB      reductions   conflicts       size   tier2      irredundant
c             level     restarts      redundant    glue    trail        variables
c
c i 17.24 121 10892 11 39 1919 97 170879 207 1.2 27 22 2 32 31% 12078 3573 6505 1%
c i 17.24 121 10889 11 39 1919 97 170897 209 1.2 27 22 2 32 31% 12084 3572 6502 1%
c i 17.24 121 10888 11 39 1919 97 170904 210 1.2 27 22 2 32 31% 12086 3572 6500 1%
c i 17.24 121 10886 11 39 1919 97 170919 209 1.2 27 22 2 32 31% 12088 3572 6492 1%
c i 17.24 121 10886 11 39 1919 97 170924 209 1.2 27 22 2 32 31% 12088 3571 6488 1%
c i 17.24 121 10885 11 39 1919 97 170931 210 1.2 27 22 2 32 31% 12089 3570 6484 1%
c i 17.24 121 10885 11 39 1919 97 170933 210 1.2 27 22 2 32 31% 12090 3570 6483 1%
c i 17.24 121 10883 11 39 1919 97 170947 213 1.2 27 22 2 32 31% 12093 3570 6479 1%
c i 17.24 121 10881 11 39 1919 97 170956 212 1.2 27 22 2 32 31% 12098 3570 6477 1%
c i 17.24 121 10880 11 39 1919 97 170963 212 1.2 27 22 2 32 31% 12099 3570 6473 1%
c i 17.24 121 10880 11 39 1919 97 170968 211 1.2 27 22 2 32 31% 12100 3570 6470 1%
c i 17.24 121 10879 11 39 1919 97 170975 212 1.2 27 22 2 32 31% 12101 3570 6468 1%
c i 17.24 121 10878 11 39 1919 97 170983 213 1.2 27 22 2 32 31% 12104 3570 6466 1%
c i 17.24 121 10875 11 39 1919 97 171007 219 1.2 27 22 2 32 31% 12112 3570 6465 1%
c i 17.24 121 10874 11 39 1919 97 171011 219 1.2 27 22 2 32 31% 12114 3570 6463 1%
c i 17.24 121 10873 11 39 1919 97 171017 218 1.2 27 22 2 32 31% 12115 3570 6460 1%
c i 17.24 121 10873 11 39 1919 97 171021 218 1.2 27 22 2 32 31% 12117 3570 6458 1%
c i 17.24 121 10872 11 39 1919 97 171026 218 1.2 27 22 2 32 31% 12117 3570 6455 1%
c i 17.24 121 10872 11 39 1919 97 171030 218 1.2 27 22 2 32 31% 12119 3570 6453 1%
c i 17.24 121 10871 11 39 1919 97 171038 217 1.2 27 22 2 32 31% 12121 3570 6451 1%
c
c  seconds       switched     rate        size/glue  tier1     binary       remaining
c          MB      reductions   conflicts       size   tier2      irredundant
c             level     restarts      redundant    glue    trail        variables
c
c i 17.24 121 10869 11 39 1919 97 171052 222 1.2 27 22 2 32 31% 12124 3570 6449 1%
c i 17.24 121 10867 11 39 1919 97 171071 225 1.2 27 22 2 32 31% 12132 3570 6446 1%
c i 17.24 121 10866 11 39 1919 97 171079 226 1.2 27 22 2 32 31% 12135 3570 6444 1%
c i 17.24 121 10865 11 39 1919 97 171082 226 1.2 27 22 2 32 31% 12137 3570 6443 1%
c i 17.24 121 10864 11 39 1919 97 171088 226 1.2 27 22 2 32 31% 12137 3570 6440 1%
c i 17.24 121 10864 11 39 1919 97 171092 226 1.2 27 22 2 32 31% 12139 3570 6438 1%
c i 17.24 121 10863 11 39 1919 97 171096 226 1.2 27 22 2 32 31% 12140 3570 6437 1%
c i 17.24 121 10862 11 39 1919 97 171108 226 1.2 27 22 2 32 31% 12143 3570 6428 1%
c i 17.24 121 10861 11 39 1919 97 171112 227 1.2 27 22 2 32 31% 12143 3570 6425 1%
c i 17.24 121 10860 11 39 1919 97 171120 227 1.2 27 22 2 32 31% 12147 3570 6423 1%
c i 17.24 121 10860 11 39 1919 97 171124 227 1.2 27 22 2 32 31% 12149 3569 6422 1%
c i 17.24 121 10859 11 39 1919 97 171131 228 1.2 27 22 2 32 31% 12152 3569 6421 1%
c i 17.24 121 10858 11 39 1919 97 171138 229 1.2 27 22 2 32 31% 12153 3569 6418 1%
c i 17.24 121 10857 11 39 1919 97 171141 229 1.2 27 22 2 32 31% 12154 3569 6416 1%
c i 17.24 121 10856 11 39 1919 97 171149 230 1.2 27 22 2 32 31% 12157 3569 6415 1%
c i 17.24 121 10856 11 39 1919 97 171154 230 1.2 27 22 2 32 31% 12158 3569 6411 1%
c i 17.24 121 10855 11 39 1919 97 171156 230 1.2 27 22 2 32 31% 12158 3569 6409 1%
c i 17.24 121 10854 11 39 1919 96 171165 231 1.2 27 22 2 32 31% 12158 3569 6403 1%
c i 17.24 121 10853 11 39 1919 96 171177 232 1.2 27 22 2 32 31% 12159 3568 6394 1%
c i 17.24 121 10852 11 39 1919 96 171182 233 1.2 27 22 2 32 31% 12160 3568 6393 1%
c
c  seconds       switched     rate        size/glue  tier1     binary       remaining
c          MB      reductions   conflicts       size   tier2      irredundant
c             level     restarts      redundant    glue    trail        variables
c
c i 17.24 121 10851 11 39 1919 97 171189 233 1.2 27 22 2 32 31% 12162 3568 6391 1%
c i 17.24 121 10851 11 39 1919 97 171191 233 1.2 27 22 2 32 31% 12163 3568 6390 1%
c i 17.24 121 10850 11 39 1919 96 171199 233 1.2 27 22 2 32 31% 12164 3567 6383 1%
c i 17.24 121 10849 11 39 1919 96 171205 233 1.2 27 22 2 32 31% 12165 3567 6378 1%
c i 17.24 121 10849 11 39 1919 96 171207 233 1.2 27 22 2 32 31% 12166 3565 6377 1%
c i 17.24 121 10848 11 39 1919 97 171220 239 1.2 27 22 2 32 31% 12168 3563 6376 1%
c i 17.24 121 10847 11 39 1919 97 171222 239 1.2 27 22 2 32 31% 12169 3563 6375 1%
c i 17.24 121 10847 11 39 1919 97 171224 239 1.2 27 22 2 32 31% 12170 3563 6374 1%
c i 17.24 121 10847 11 39 1919 97 171228 239 1.2 27 22 2 32 31% 12171 3562 6373 1%
c i 17.24 121 10846 11 39 1919 96 171233 241 1.2 27 22 2 32 31% 12172 3562 6372 1%
c i 17.24 121 10845 11 39 1919 96 171244 241 1.2 27 22 2 32 31% 12176 3562 6369 1%
c i 17.24 121 10844 11 39 1919 96 171248 241 1.2 27 22 2 32 31% 12176 3562 6368 1%
c i 17.24 121 10844 11 39 1919 96 171250 241 1.2 27 22 2 32 31% 12177 3562 6367 1%
c i 17.24 121 10844 11 39 1919 97 171255 241 1.2 27 22 2 32 31% 12178 3562 6363 1%
c i 17.24 121 10843 11 39 1919 97 171263 242 1.2 27 22 2 32 31% 12180 3562 6362 1%
c i 17.24 121 10842 11 39 1919 97 171283 243 1.2 27 22 2 32 31% 12185 3561 6360 1%
c i 17.24 121 10841 11 39 1919 97 171285 243 1.2 27 22 2 32 31% 12185 3561 6358 1%
c i 17.24 121 10841 11 39 1919 97 171293 243 1.2 27 22 2 32 31% 12188 3561 6353 1%
c i 17.24 121 10840 11 39 1919 97 171299 244 1.2 27 22 2 32 31% 12189 3561 6351 1%
c i 17.24 121 10838 11 39 1919 97 171318 246 1.2 27 22 2 32 31% 12196 3561 6346 1%
c
c  seconds       switched     rate        size/glue  tier1     binary       remaining
c          MB      reductions   conflicts       size   tier2      irredundant
c             level     restarts      redundant    glue    trail        variables
c
c i 17.24 121 10838 11 39 1919 97 171322 248 1.2 27 22 2 32 31% 12197 3561 6345 1%
c i 17.24 121 10837 11 39 1919 97 171326 248 1.2 27 22 2 32 31% 12199 3561 6343 1%
c i 17.24 121 10837 11 39 1919 97 171330 248 1.2 27 22 2 32 31% 12199 3561 6340 1%
c i 17.24 121 10836 11 39 1919 96 171336 249 1.2 27 22 2 32 31% 12202 3561 6339 1%
c i 17.24 121 10836 11 39 1919 96 171341 250 1.2 27 22 2 32 31% 12202 3561 6338 1%
c i 17.24 121 10835 11 39 1919 96 171352 251 1.2 27 22 2 32 31% 12210 3561 6337 1%
c i 17.24 121 10834 11 39 1919 96 171356 251 1.2 27 22 2 32 31% 12213 3561 6336 1%
c i 17.24 121 10834 11 39 1919 96 171359 251 1.2 27 22 2 32 31% 12215 3561 6335 1%
c i 17.24 121 10834 11 39 1919 96 171361 251 1.2 27 22 2 32 31% 12216 3561 6334 1%
c i 17.24 121 10833 11 39 1919 96 171365 251 1.2 27 22 2 32 31% 12216 3561 6330 1%
c i 17.24 121 10833 11 39 1919 96 171367 251 1.2 27 22 2 32 31% 12217 3561 6329 1%
c i 17.24 121 10832 11 39 1919 96 171377 252 1.2 27 22 2 32 31% 12223 3561 6328 1%
c i 17.24 121 10831 11 39 1919 96 171388 252 1.2 27 22 2 32 31% 12231 3561 6325 1%
c i 17.24 121 10831 11 39 1919 96 171392 252 1.2 27 22 2 32 31% 12231 3561 6321 1%
c i 17.24 121 10830 11 39 1919 96 171401 252 1.2 27 22 2 32 31% 12233 3561 6315 1%
c i 17.24 121 10829 11 39 1919 96 171405 252 1.2 27 22 2 32 31% 12235 3561 6313 1%
c i 17.24 121 10828 11 39 1919 96 171416 253 1.2 27 22 2 32 31% 12235 3561 6303 1%
c i 17.24 121 10827 11 39 1919 96 171426 254 1.2 27 22 2 32 31% 12236 3561 6295 1%
c i 17.24 121 10826 11 39 1919 96 171433 257 1.2 27 22 2 32 31% 12237 3561 6294 1%
c i 17.24 121 10826 11 39 1919 96 171438 257 1.2 27 22 2 32 31% 12238 3560 6291 1%
c
c  seconds       switched     rate        size/glue  tier1     binary       remaining
c          MB      reductions   conflicts       size   tier2      irredundant
c             level     restarts      redundant    glue    trail        variables
c
c i 17.24 121 10825 11 39 1919 96 171442 257 1.2 27 22 2 32 31% 12238 3560 6287 1%
c i 17.24 121 10825 11 39 1919 96 171448 258 1.2 27 22 2 32 31% 12238 3560 6284 1%
c i 17.24 121 10825 11 39 1919 96 171449 258 1.2 27 22 2 32 31% 12238 3560 6283 1%
c i 17.24 121 10824 11 39 1919 96 171461 263 1.2 27 22 2 32 31% 12238 3560 6281 1%
c i 17.24 121 10823 11 39 1919 96 171468 264 1.2 27 22 2 32 31% 12240 3560 6277 1%
c i 17.24 121 10822 11 39 1919 96 171472 264 1.2 27 22 2 32 31% 12241 3560 6276 1%
c i 17.24 121 10822 11 39 1919 96 171480 266 1.2 27 22 2 32 31% 12243 3559 6275 1%
c i 17.24 121 10821 11 39 1919 96 171483 266 1.2 27 22 2 32 31% 12243 3559 6273 1%
c i 17.24 121 10821 11 39 1919 96 171488 266 1.2 27 22 2 32 31% 12246 3559 6271 1%
c i 17.24 121 10820 11 39 1919 96 171491 266 1.2 27 22 2 32 31% 12248 3559 6270 1%
c i 17.24 121 10820 11 39 1919 96 171500 268 1.2 27 22 2 32 31% 12249 3559 6266 1%
c i 17.24 121 10819 11 39 1919 96 171507 268 1.2 27 22 2 32 31% 12254 3559 6265 1%
c i 17.24 121 10818 11 39 1919 96 171511 269 1.2 27 22 2 32 31% 12254 3559 6264 1%
c i 17.24 121 10818 11 39 1919 96 171518 269 1.2 27 22 2 32 31% 12256 3559 6262 1%
c i 17.24 121 10815 11 39 1919 96 171549 276 1.2 27 22 2 32 31% 12265 3559 6260 1%
c i 17.24 121 10815 11 39 1919 96 171550 276 1.2 27 22 2 32 31% 12265 3559 6259 1%
c i 17.24 121 10814 11 39 1919 96 171553 276 1.2 27 22 2 32 31% 12266 3559 6257 1%
c i 17.24 121 10813 11 39 1919 96 171561 276 1.2 27 22 2 32 31% 12266 3559 6249 1%
c i 17.24 121 10813 11 39 1919 96 171566 276 1.2 27 22 2 32 31% 12266 3559 6245 1%
c i 17.24 121 10812 11 39 1919 96 171570 276 1.2 27 22 2 32 31% 12267 3559 6242 1%
c
c  seconds       switched     rate        size/glue  tier1     binary       remaining
c          MB      reductions   conflicts       size   tier2      irredundant
c             level     restarts      redundant    glue    trail        variables
c
c i 17.24 121 10812 11 39 1919 96 171571 276 1.2 27 22 2 32 31% 12267 3559 6241 1%
c i 17.24 121 10812 11 39 1919 96 171575 277 1.2 27 22 2 32 31% 12267 3559 6240 1%
c i 17.24 121 10811 11 39 1919 96 171580 278 1.2 27 22 2 32 31% 12268 3559 6239 1%
c i 17.24 121 10810 11 39 1919 96 171591 280 1.2 27 22 2 32 31% 12270 3559 6238 1%
c i 17.24 121 10810 11 39 1919 96 171597 280 1.2 27 22 2 32 31% 12270 3559 6234 1%
c i 17.24 121 10809 11 39 1919 96 171600 280 1.2 27 22 2 32 31% 12270 3559 6233 1%
c i 17.24 121 10809 11 39 1919 96 171601 280 1.2 27 22 2 32 31% 12270 3559 6232 1%
c i 17.24 121 10809 11 39 1919 96 171606 281 1.2 27 22 2 32 31% 12271 3559 6231 1%
c i 17.24 121 10808 11 39 1919 96 171611 282 1.2 27 22 2 32 31% 12272 3559 6230 1%
c i 17.24 121 10808 11 39 1919 96 171612 282 1.2 27 22 2 32 31% 12272 3559 6229 1%
c i 17.24 121 10807 11 39 1919 96 171621 283 1.2 27 22 2 32 31% 12274 3559 6227 1%
c i 17.24 121 10806 11 39 1919 96 171634 287 1.2 27 22 2 32 31% 12275 3559 6224 1%
c i 17.24 121 10805 11 39 1919 96 171641 287 1.2 27 22 2 32 31% 12277 3557 6221 1%
c i 17.24 121 10805 11 39 1919 96 171643 287 1.2 27 22 2 32 31% 12278 3557 6220 1%
c i 17.24 121 10805 11 39 1919 96 171647 287 1.2 27 22 2 32 31% 12279 3556 6218 1%
c i 17.24 121 10805 11 39 1919 96 171651 287 1.2 27 22 2 32 31% 12279 3556 6216 1%
c i 17.24 121 10804 11 39 1919 96 171653 287 1.2 27 22 2 32 31% 12279 3556 6214 1%
c i 17.24 121 10804 11 39 1919 96 171655 287 1.2 27 22 2 32 31% 12280 3556 6213 1%
c i 17.24 121 10803 11 39 1919 96 171662 288 1.2 27 22 2 32 31% 12280 3556 6208 1%
c i 17.24 121 10802 11 39 1919 96 171669 289 1.2 27 22 2 32 31% 12282 3556 6204 1%
c
c  seconds       switched     rate        size/glue  tier1     binary       remaining
c          MB      reductions   conflicts       size   tier2      irredundant
c             level     restarts      redundant    glue    trail        variables
c
c i 17.24 121 10801 11 39 1919 96 171683 291 1.2 27 22 2 32 31% 12284 3556 6202 1%
c i 17.24 121 10801 11 39 1919 96 171686 291 1.2 27 22 2 32 31% 12285 3556 6200 1%
c i 17.24 121 10801 11 39 1919 96 171688 291 1.2 27 22 2 32 31% 12285 3556 6198 1%
c i 17.25 121 10800 11 39 1919 96 171691 292 1.2 27 22 2 32 31% 12286 3556 6197 1%
c i 17.25 121 10799 11 39 1919 96 171705 294 1.2 27 22 2 32 31% 12288 3556 6193 1%
c i 17.25 121 10798 11 39 1919 96 171713 296 1.2 27 22 2 32 31% 12288 3556 6188 1%
c i 17.25 121 10797 11 39 1919 96 171718 297 1.2 27 22 2 32 31% 12290 3556 6186 1%
c i 17.25 121 10797 11 39 1919 96 171725 299 1.2 27 22 2 32 31% 12292 3556 6184 1%
c i 17.25 121 10796 11 39 1919 96 171734 299 1.2 27 22 2 32 31% 12298 3556 6183 1%
c i 17.25 121 10795 11 39 1919 96 171743 299 1.2 27 22 2 32 31% 12305 3556 6181 1%
c i 17.25 121 10794 11 39 1919 96 171746 299 1.2 27 22 2 32 31% 12305 3556 6178 1%
c i 17.25 121 10793 11 39 1919 96 171752 299 1.2 27 22 2 32 31% 12310 3556 6177 1%
c i 17.25 121 10792 11 39 1919 96 171761 299 1.2 27 22 2 32 31% 12316 3556 6174 1%
c i 17.25 121 10791 11 39 1919 96 171774 299 1.2 27 22 2 32 31% 12320 3556 6165 1%
c i 17.25 121 10791 11 39 1919 96 171775 299 1.2 27 22 2 32 31% 12320 3556 6164 1%
c i 17.25 121 10790 11 39 1919 96 171780 300 1.2 27 22 2 32 31% 12320 3555 6163 1%
c i 17.25 121 10789 11 39 1919 96 171786 301 1.2 27 22 2 32 31% 12323 3555 6162 1%
c i 17.25 121 10789 11 39 1919 96 171791 301 1.2 27 22 2 32 31% 12326 3555 6160 1%
c i 17.25 121 10788 11 39 1919 96 171797 301 1.2 27 22 2 32 31% 12330 3555 6159 1%
c i 17.25 121 10787 11 39 1919 96 171804 301 1.2 27 22 2 32 31% 12333 3555 6155 1%
c
c  seconds       switched     rate        size/glue  tier1     binary       remaining
c          MB      reductions   conflicts       size   tier2      irredundant
c             level     restarts      redundant    glue    trail        variables
c
c i 17.25 121 10786 11 39 1919 96 171814 301 1.2 27 22 2 32 31% 12333 3555 6146 1%
c i 17.25 121 10785 11 39 1919 96 171820 301 1.2 27 22 2 32 31% 12334 3555 6141 1%
c i 17.25 121 10784 11 39 1919 96 171827 301 1.2 27 22 2 32 31% 12335 3555 6135 1%
c i 17.25 121 10784 11 39 1919 96 171830 301 1.2 27 22 2 32 31% 12335 3555 6132 1%
c i 17.25 121 10784 11 39 1919 96 171834 301 1.2 27 22 2 32 31% 12338 3555 6131 1%
c i 17.25 121 10783 11 39 1919 96 171837 301 1.2 27 22 2 32 31% 12339 3555 6129 1%
c i 17.25 121 10783 11 39 1919 96 171840 301 1.2 27 22 2 32 31% 12341 3555 6128 1%
c i 17.25 121 10782 11 39 1919 96 171849 301 1.2 27 22 2 32 31% 12342 3555 6120 1%
c i 17.25 121 10782 11 39 1919 96 171851 301 1.2 27 22 2 32 31% 12343 3555 6119 1%
c i 17.25 121 10781 11 39 1919 96 171853 301 1.2 27 22 2 32 31% 12344 3555 6118 1%
c i 17.25 121 10781 11 39 1919 96 171858 301 1.2 27 22 2 32 31% 12346 3555 6115 1%
c i 17.25 121 10780 11 39 1919 96 171860 301 1.2 27 22 2 32 31% 12346 3555 6113 1%
c i 17.25 121 10778 11 39 1919 96 171878 302 1.2 27 22 2 32 31% 12348 3555 6100 1%
c i 17.25 121 10778 11 39 1919 96 171882 302 1.2 27 22 2 32 31% 12350 3555 6098 1%
c i 17.25 121 10777 11 39 1919 96 171886 302 1.2 27 22 2 32 31% 12351 3555 6095 1%
c i 17.25 121 10777 11 39 1919 96 171890 303 1.2 27 22 2 32 31% 12352 3555 6094 1%
c i 17.25 121 10776 11 39 1919 96 171895 304 1.2 27 22 2 32 31% 12352 3555 6090 1%
c i 17.25 121 10775 11 39 1919 96 171901 304 1.2 27 22 2 32 31% 12355 3555 6087 1%
c i 17.25 121 10775 11 39 1919 96 171904 304 1.2 27 22 2 32 31% 12355 3555 6084 1%
c i 17.25 121 10774 11 39 1919 96 171913 304 1.2 27 22 2 32 31% 12363 3555 6083 1%
c
c  seconds       switched     rate        size/glue  tier1     binary       remaining
c          MB      reductions   conflicts       size   tier2      irredundant
c             level     restarts      redundant    glue    trail        variables
c
c i 17.25 121 10774 11 39 1919 96 171917 304 1.2 27 22 2 32 31% 12365 3555 6081 1%
c i 17.25 121 10773 11 39 1919 96 171919 304 1.2 27 22 2 32 31% 12365 3555 6079 1%
c i 17.25 121 10773 11 39 1919 96 171923 304 1.2 27 22 2 32 31% 12365 3555 6075 1%
c i 17.25 121 10772 11 39 1919 96 171925 304 1.2 27 22 2 32 31% 12365 3555 6073 1%
c i 17.25 121 10772 11 39 1919 96 171928 304 1.2 27 22 2 32 31% 12365 3555 6070 1%
c i 17.25 121 10772 11 39 1919 96 171932 304 1.2 27 22 2 32 31% 12367 3555 6068 1%
c i 17.25 121 10771 11 39 1919 96 171936 304 1.2 27 22 2 32 31% 12367 3555 6064 1%
c i 17.25 121 10771 11 39 1919 96 171938 304 1.2 27 22 2 32 31% 12367 3555 6062 1%
c i 17.25 121 10770 11 39 1919 96 171942 304 1.2 27 21 2 32 31% 12367 3555 6058 1%
c i 17.25 121 10770 11 39 1919 96 171948 304 1.2 27 21 2 32 31% 12367 3555 6052 1%
c i 17.25 121 10769 11 39 1919 96 171956 305 1.2 27 21 2 32 31% 12367 3555 6047 1%
c i 17.25 121 10768 11 39 1919 96 171964 309 1.2 27 21 2 32 31% 12367 3555 6046 1%
c i 17.25 121 10767 11 39 1919 96 171966 309 1.2 27 21 2 32 31% 12367 3555 6044 1%
c i 17.25 121 10766 11 39 1919 96 171978 309 1.2 27 21 2 32 31% 12368 3555 6034 1%
c i 17.25 121 10764 11 39 1919 96 171989 309 1.2 27 21 2 32 31% 12368 3555 6023 1%
c i 17.25 121 10764 11 39 1919 96 171996 309 1.2 27 21 2 32 31% 12368 3555 6017 1%
c i 17.25 121 10762 11 39 1919 96 172007 310 1.2 27 21 2 32 31% 12369 3555 6009 1%
c i 17.25 121 10762 11 39 1919 96 172010 311 1.2 27 21 2 32 31% 12369 3555 6008 1%
c i 17.25 121 10761 11 39 1919 96 172016 311 1.2 27 21 2 32 31% 12369 3555 6006 1%
c i 17.25 121 10760 11 39 1919 96 172026 312 1.2 27 21 2 32 31% 12370 3555 6003 1%
c
c  seconds       switched     rate        size/glue  tier1     binary       remaining
c          MB      reductions   conflicts       size   tier2      irredundant
c             level     restarts      redundant    glue    trail        variables
c
c i 17.25 121 10759 11 39 1919 96 172034 313 1.2 27 21 2 32 31% 12371 3555 5998 1%
c i 17.25 121 10758 11 39 1919 96 172037 313 1.2 27 21 2 32 31% 12371 3555 5995 1%
c i 17.25 121 10758 11 39 1919 96 172039 313 1.2 27 21 2 32 31% 12371 3555 5993 1%
c i 17.25 121 10756 11 39 1919 96 172052 314 1.2 27 21 2 32 31% 12371 3555 5982 1%
c i 17.25 121 10756 11 39 1919 96 172056 314 1.2 27 21 2 32 31% 12371 3555 5978 1%
c i 17.25 121 10751 11 39 1919 96 172092 314 1.2 27 21 2 32 31% 12371 3555 5944 1%
c i 17.25 121 10751 11 39 1919 96 172094 314 1.2 27 21 2 32 31% 12371 3555 5942 1%
c i 17.25 121 10750 11 39 1919 96 172106 313 1.2 26 21 2 32 31% 12373 3555 5935 1%
c i 17.25 121 10749 11 39 1919 96 172112 313 1.2 26 21 2 32 31% 12376 3555 5932 1%
c i 17.25 121 10748 11 39 1919 96 172118 314 1.2 26 21 2 32 31% 12379 3555 5930 1%
c i 17.25 121 10748 11 39 1919 96 172120 314 1.2 26 21 2 32 31% 12379 3555 5928 1%
c i 17.25 121 10747 11 39 1919 96 172127 315 1.2 26 21 2 32 31% 12379 3555 5925 1%
c i 17.25 121 10746 11 39 1919 96 172132 316 1.2 26 21 2 32 31% 12380 3555 5924 1%
c i 17.25 121 10745 11 39 1919 96 172141 316 1.2 26 21 2 32 31% 12384 3555 5919 1%
c i 17.25 121 10745 11 39 1919 96 172145 317 1.2 26 21 2 32 31% 12385 3555 5918 1%
c i 17.25 121 10744 11 39 1919 96 172153 317 1.2 26 21 2 32 31% 12389 3555 5916 1%
c i 17.25 121 10742 11 39 1919 96 172171 320 1.2 26 21 2 32 31% 12392 3555 5915 1%
c i 17.25 121 10741 11 39 1919 96 172173 320 1.2 26 21 2 32 31% 12393 3555 5914 1%
c i 17.25 121 10741 11 39 1919 96 172177 322 1.2 26 21 2 32 31% 12393 3555 5912 1%
c i 17.25 121 10740 11 39 1919 96 172181 323 1.2 26 21 2 32 31% 12394 3555 5910 1%
c
c  seconds       switched     rate        size/glue  tier1     binary       remaining
c          MB      reductions   conflicts       size   tier2      irredundant
c             level     restarts      redundant    glue    trail        variables
c
c i 17.25 121 10739 11 39 1919 96 172191 324 1.2 26 21 2 32 31% 12395 3555 5906 1%
c i 17.25 121 10738 11 39 1919 96 172201 326 1.2 26 21 2 32 31% 12395 3555 5902 1%
c i 17.25 121 10738 11 39 1919 96 172205 326 1.2 26 21 2 32 31% 12395 3555 5899 1%
c i 17.25 121 10736 11 39 1919 96 172215 326 1.2 26 21 2 32 31% 12396 3555 5891 1%
c i 17.25 121 10735 11 39 1919 96 172224 327 1.2 26 21 2 32 31% 12396 3555 5888 1%
c i 17.25 121 10735 11 39 1919 96 172229 328 1.2 26 21 2 32 31% 12396 3555 5885 1%
c i 17.25 121 10734 11 39 1919 96 172233 328 1.2 26 21 2 32 31% 12396 3555 5883 1%
c i 17.25 121 10733 11 39 1919 96 172238 328 1.2 26 21 2 32 31% 12396 3555 5878 1%
c i 17.25 121 10733 11 39 1919 96 172242 328 1.2 26 21 2 32 31% 12396 3555 5876 1%
c i 17.25 121 10732 11 39 1919 96 172249 329 1.2 26 21 2 32 31% 12396 3555 5871 1%
c i 17.25 121 10732 11 39 1919 96 172253 329 1.2 26 21 2 32 31% 12396 3555 5867 1%
c i 17.25 121 10731 11 39 1919 96 172258 332 1.2 26 21 2 32 31% 12396 3555 5865 1%
c i 17.25 121 10730 11 39 1919 96 172267 332 1.2 26 21 2 32 31% 12396 3555 5862 1%
c i 17.25 121 10729 11 39 1919 96 172273 333 1.2 26 21 2 32 31% 12396 3555 5861 1%
c i 17.25 121 10729 11 39 1919 96 172276 333 1.2 26 21 2 32 31% 12396 3555 5858 1%
c i 17.25 121 10728 11 39 1919 96 172285 334 1.2 26 21 2 32 31% 12397 3555 5854 1%
c i 17.25 121 10728 11 39 1919 96 172288 334 1.2 26 21 2 32 31% 12398 3555 5852 1%
c i 17.25 121 10727 11 39 1919 96 172294 336 1.2 26 21 2 32 31% 12398 3555 5851 1%
c i 17.25 121 10726 11 39 1919 96 172299 336 1.2 26 21 2 32 31% 12398 3555 5847 1%
c i 17.25 121 10726 11 39 1919 96 172303 335 1.2 26 21 2 32 31% 12398 3555 5845 1%
c
c  seconds       switched     rate        size/glue  tier1     binary       remaining
c          MB      reductions   conflicts       size   tier2      irredundant
c             level     restarts      redundant    glue    trail        variables
c
c i 17.25 121 10724 11 39 1919 96 172315 336 1.2 26 21 2 32 31% 12398 3555 5835 1%
c i 17.25 121 10724 11 39 1919 96 172319 336 1.2 26 21 2 32 31% 12398 3555 5831 1%
c i 17.25 121 10723 11 39 1919 96 172329 338 1.2 26 21 2 32 31% 12398 3555 5828 1%
c i 17.25 121 10722 11 39 1919 96 172331 338 1.2 26 21 2 32 31% 12398 3555 5826 1%
c i 17.25 121 10721 11 39 1919 96 172339 339 1.2 26 21 2 32 31% 12398 3555 5822 1%
c i 17.25 121 10721 11 39 1919 96 172341 339 1.2 26 21 2 32 31% 12398 3555 5820 1%
c i 17.25 121 10720 11 39 1919 96 172348 341 1.2 26 21 2 32 31% 12398 3555 5817 1%
c i 17.25 121 10719 11 39 1919 96 172356 341 1.2 26 21 2 32 31% 12398 3555 5815 1%
c i 17.25 121 10719 11 39 1919 96 172360 342 1.2 26 21 2 32 31% 12398 3555 5813 1%
c i 17.25 121 10718 11 39 1919 96 172364 343 1.2 26 21 2 32 31% 12399 3555 5812 1%
c i 17.25 121 10718 11 39 1919 96 172370 345 1.2 26 21 2 32 31% 12399 3555 5810 1%
c i 17.25 121 10717 11 39 1919 96 172372 345 1.2 26 21 2 32 31% 12399 3555 5808 1%
c i 17.25 121 10716 11 39 1919 96 172379 344 1.2 26 21 2 32 31% 12399 3555 5805 1%
c i 17.25 121 10716 11 39 1919 96 172381 344 1.2 26 21 2 32 31% 12399 3555 5803 1%
c i 17.25 121 10716 11 39 1919 96 172386 346 1.2 26 21 2 32 31% 12399 3555 5802 1%
c i 17.25 121 10715 11 39 1919 96 172388 346 1.2 26 21 2 32 31% 12399 3555 5800 1%
c i 17.25 121 10715 11 39 1919 96 172392 346 1.2 26 21 2 32 31% 12399 3555 5796 1%
c i 17.25 121 10714 11 39 1919 96 172395 347 1.2 26 21 2 32 31% 12399 3555 5795 1%
c i 17.25 121 10714 11 39 1919 96 172398 347 1.2 26 21 2 32 31% 12399 3555 5792 1%
c i 17.25 121 10713 11 39 1919 96 172402 348 1.2 26 21 2 32 31% 12399 3555 5790 1%
c
c  seconds       switched     rate        size/glue  tier1     binary       remaining
c          MB      reductions   conflicts       size   tier2      irredundant
c             level     restarts      redundant    glue    trail        variables
c
c i 17.25 121 10713 11 39 1919 96 172406 349 1.2 26 21 2 32 31% 12399 3555 5788 1%
c i 17.25 121 10713 11 39 1919 96 172409 349 1.2 26 21 2 32 31% 12399 3555 5785 1%
c i 17.25 121 10712 11 39 1919 96 172411 349 1.2 26 21 2 32 31% 12399 3555 5783 1%
c i 17.25 121 10712 11 39 1919 96 172417 350 1.2 26 21 2 32 31% 12399 3555 5779 1%
c i 17.25 121 10711 11 39 1919 96 172421 351 1.2 26 21 2 32 31% 12400 3555 5778 1%
c i 17.25 121 10709 11 39 1919 96 172436 353 1.2 26 21 2 32 31% 12404 3555 5776 1%
c i 17.25 121 10707 11 39 1919 96 172455 353 1.2 26 21 2 32 31% 12410 3555 5773 1%
c i 17.25 121 10706 11 39 1919 96 172465 355 1.2 26 21 2 32 31% 12413 3555 5771 1%
c i 17.25 121 10704 11 39 1919 96 172484 357 1.2 26 21 2 32 31% 12419 3555 5769 1%
c i 17.25 121 10703 11 39 1919 95 172491 357 1.2 26 21 2 32 31% 12421 3555 5767 1%
c i 17.25 121 10702 11 39 1919 95 172497 358 1.2 26 21 2 32 31% 12424 3555 5765 1%
c i 17.25 121 10697 11 39 1919 95 172549 363 1.2 26 21 2 32 31% 12442 3555 5764 1%
c i 17.25 121 10696 11 39 1919 95 172562 367 1.2 26 21 2 32 31% 12447 3555 5763 1%
c i 17.25 121 10695 11 39 1919 95 172576 370 1.2 26 21 2 32 31% 12452 3555 5762 1%
c i 17.25 121 10694 11 39 1919 95 172589 372 1.2 26 21 2 32 31% 12457 3555 5757 1%
c i 17.25 121 10693 11 39 1919 95 172596 373 1.2 26 21 2 32 31% 12461 3555 5756 1%
c i 17.25 121 10693 11 39 1919 95 172598 373 1.2 26 21 2 32 31% 12461 3555 5754 1%
c i 17.25 121 10692 11 39 1919 95 172604 373 1.2 26 21 2 32 31% 12462 3555 5749 1%
c i 17.25 121 10691 11 39 1919 95 172620 374 1.2 26 21 2 32 31% 12467 3555 5747 1%
c i 17.25 121 10690 11 39 1919 95 172636 376 1.2 26 21 2 32 31% 12469 3555 5745 1%
c
c  seconds       switched     rate        size/glue  tier1     binary       remaining
c          MB      reductions   conflicts       size   tier2      irredundant
c             level     restarts      redundant    glue    trail        variables
c
c i 17.25 121 10689 11 39 1919 95 172640 376 1.2 26 21 2 32 31% 12470 3555 5742 1%
c i 17.25 121 10689 11 39 1919 95 172645 377 1.2 26 21 2 32 31% 12472 3555 5741 1%
c i 17.26 121 10687 11 39 1919 95 172660 378 1.2 26 21 2 32 31% 12481 3555 5739 1%
c i 17.26 121 10687 11 39 1919 95 172666 380 1.2 26 21 2 32 31% 12483 3555 5738 1%
c i 17.26 121 10686 11 39 1919 95 172675 382 1.2 26 21 2 32 31% 12486 3555 5737 1%
c i 17.26 121 10685 11 39 1919 95 172680 383 1.2 26 21 2 32 31% 12488 3555 5736 1%
c i 17.26 121 10685 11 39 1919 95 172683 383 1.2 26 21 2 32 31% 12490 3555 5735 1%
c i 17.26 121 10684 11 39 1919 95 172691 384 1.2 26 21 2 32 31% 12491 3555 5733 1%
c i 17.26 121 10684 11 39 1919 95 172697 384 1.2 26 21 2 32 31% 12492 3555 5731 1%
c i 17.26 121 10683 11 39 1919 95 172702 385 1.2 26 21 2 32 31% 12494 3555 5730 1%
c i 17.26 121 10683 11 39 1919 95 172704 385 1.2 26 21 2 32 31% 12494 3555 5728 1%
c i 17.26 121 10682 11 39 1919 95 172714 387 1.2 26 21 2 32 31% 12496 3552 5726 1%
c i 17.26 121 10682 11 39 1919 95 172721 387 1.2 26 21 2 32 31% 12497 3552 5720 1%
c i 17.26 121 10678 11 39 1919 95 172761 394 1.2 26 21 2 32 31% 12504 3552 5706 1%
c i 17.26 121 10677 11 39 1919 95 172771 398 1.2 26 21 2 32 31% 12505 3552 5705 1%
c i 17.26 121 10677 11 39 1919 95 172775 398 1.2 26 21 2 32 31% 12508 3551 5704 1%
c i 17.26 121 10676 11 39 1919 95 172781 400 1.2 26 21 2 32 31% 12509 3551 5703 1%
c i 17.26 121 10675 11 39 1919 95 172786 401 1.2 26 21 2 32 31% 12510 3551 5701 1%
c i 17.26 121 10674 11 39 1919 95 172797 401 1.2 26 21 2 32 32% 12517 3551 5699 1%
c i 17.26 121 10673 11 39 1919 95 172806 400 1.2 26 21 2 32 32% 12520 3550 5694 1%
c
c  seconds       switched     rate        size/glue  tier1     binary       remaining
c          MB      reductions   conflicts       size   tier2      irredundant
c             level     restarts      redundant    glue    trail        variables
c
c i 17.26 121 10672 11 39 1919 95 172817 402 1.2 26 21 2 32 32% 12522 3550 5692 1%
c i 17.26 121 10672 11 39 1919 95 172822 402 1.2 26 21 2 32 32% 12522 3550 5688 1%
c i 17.26 121 10671 11 39 1919 95 172828 403 1.2 26 21 2 32 32% 12524 3550 5687 1%
c i 17.26 121 10670 11 39 1919 95 172839 405 1.2 26 21 2 32 32% 12528 3550 5686 1%
c i 17.26 121 10670 11 39 1919 95 172840 405 1.2 26 21 2 32 32% 12528 3550 5685 1%
c i 17.26 121 10669 11 39 1919 95 172851 405 1.2 26 21 2 32 32% 12531 3549 5664 1%
c i 17.26 121 10668 11 39 1919 95 172855 405 1.2 26 21 2 32 32% 12532 3549 5655 1%
c i 17.26 121 10668 11 39 1919 95 172859 405 1.2 26 21 2 32 32% 12533 3549 5652 1%
c i 17.26 121 10668 11 39 1919 95 172861 405 1.2 26 21 2 32 32% 12533 3549 5650 1%
c i 17.26 121 10667 11 39 1919 95 172870 405 1.2 26 21 2 32 32% 12533 3549 5573 1%
c i 17.26 121 10666 11 39 1919 95 172873 405 1.2 26 21 2 32 32% 12533 3549 5570 1%
c i 17.26 121 10666 11 39 1919 95 172874 405 1.2 26 21 2 32 32% 12533 3549 5569 1%
c ] 17.26 121 10666 11 39 1919 95 172879 405 1.2 26 21 2 32 32% 12534 3548 5559 1%
c 0 17.26 121 22119 11 39 1919 1345 172879 405 1.6 4 3 1 3 46% 12534 3548 5559 1%
c
c ---- [ result ] ------------------------------------------------------------
c
s UNSATISFIABLE
c
c ---- [ profiling ] ---------------------------------------------------------
c
c           9.12   52.87 %  search
c           5.95   34.48 %  simplify
c           5.56   32.24 %  stable
c           3.98   23.08 %  probe
c           3.56   20.64 %  focused
c           2.94   17.04 %  eliminate
c           1.76   10.22 %  preprocess
c           1.04    6.04 %  factor
c           0.95    5.48 %  vivify
c           0.72    4.15 %  congruence
c           0.64    3.69 %  fastel
c           0.52    3.02 %  substitute
c           0.50    2.92 %  sweep
c           0.28    1.60 %  subsume
c           0.25    1.47 %  reduce
c           0.24    1.41 %  parse
c           0.17    1.01 %  lucky
c           0.15    0.87 %  transitive
c           0.10    0.59 %  backbone
c           0.10    0.56 %  walking
c =============================================
c          17.26  100.00 %  total
c
c ---- [ statistics ] --------------------------------------------------------
c
c chronological:                        38626               22 %  conflicts
c conflicts:                           172879            10016.75 per second
c congruent:                            29758                6 %  variables
c decisions:                         36677700              212.16 per conflict
c eliminated:                          382345               76 %  variables
c factored:                               467                0 %  variables
c fast_eliminated:                     207875               54 %  eliminated
c fast_strengthened:                    89230               21 %  per strengthened
c fast_subsumed:                            8                0 %  per subsumed
c iterations:                            6375                1 %  variables
c propagations:                     138152359          8004658    per second
c reductions:                              39             4433    interval
c reordered:                                6            28813    interval
c rephased:                                13            13298    interval
c restarts:                              1919               90    interval
c strengthened:                        418199                4 %  checks
c substituted:                          30466                6 %  variables
c subsumed:                            330221                3 %  checks
c switched:                                11            15716    interval
c vivified:                             73694               43 %  checks
c walks:                                    4            43220    interval
c
c ---- [ glue usage ] --------------------------------------------------------
c
c focused glue 1 used 5160 clauses 50.27% accumulated 50.27% tier1
c focused glue 2 used 3554 clauses 34.63% accumulated 84.90%
c focused glue 3 used  973 clauses  9.48% accumulated 94.38% tier2
c
c stable glue 2    used 70375 clauses 29.88% accumulated 59.75% tier1
c stable glue 3    used 20622 clauses  8.76% accumulated 68.51%
c stable glue 4-30 used 49598 clauses 21.06% accumulated 89.57%
c stable glue 31   used   667 clauses  0.28% accumulated 89.85%
c stable glue 32   used   673 clauses  0.29% accumulated 90.14% tier2
c
c ---- [ resources ] ---------------------------------------------------------
c
c maximum-resident-set-size:        216535040 bytes        207 MB
c process-time:                            17s              17.26 seconds
c
c ---- [ shutting down ] -----------------------------------------------------
c
c exit 20
